source_file,section,instance,family,family_group,P,radiusCoeff,alpha,beta,feasible,metric,value
hyperparameter_for_RC.json,per_instance_trials,RC101,RC,RC1,0.3,2.0,0.9,0.6,True,computation_time,1.14
hyperparameter_for_RC.json,per_instance_trials,RC101,RC,RC1,0.3,2.0,0.9,0.6,True,n_coarsened,2.0
hyperparameter_for_RC.json,per_instance_trials,RC101,RC,RC1,0.3,2.0,0.9,0.6,True,num_vehicles,2.0
hyperparameter_for_RC.json,per_instance_trials,RC101,RC,RC1,0.3,2.0,0.9,0.6,True,time_window_violations,0.0
hyperparameter_for_RC.json,per_instance_trials,RC101,RC,RC1,0.3,2.0,0.9,0.6,True,total_distance,191.23298176125223
hyperparameter_for_RC.json,per_instance_trials,RC101,RC,RC1,0.8,5.0,0.3,0.6,False,computation_time,4.67
hyperparameter_for_RC.json,per_instance_trials,RC101,RC,RC1,0.8,5.0,0.3,0.6,False,n_coarsened,6.0
hyperparameter_for_RC.json,per_instance_trials,RC101,RC,RC1,0.8,5.0,0.3,0.6,False,num_vehicles,3.0
hyperparameter_for_RC.json,per_instance_trials,RC101,RC,RC1,0.8,5.0,0.3,0.6,False,time_window_violations,3.0
hyperparameter_for_RC.json,per_instance_trials,RC101,RC,RC1,0.8,5.0,0.3,0.6,False,total_distance,305.0601070074927
hyperparameter_for_RC.json,per_instance_trials,RC101,RC,RC1,0.5,5.0,0.9,0.8,True,computation_time,1.99
hyperparameter_for_RC.json,per_instance_trials,RC101,RC,RC1,0.5,5.0,0.9,0.8,True,n_coarsened,4.0
hyperparameter_for_RC.json,per_instance_trials,RC101,RC,RC1,0.5,5.0,0.9,0.8,True,num_vehicles,2.0
hyperparameter_for_RC.json,per_instance_trials,RC101,RC,RC1,0.5,5.0,0.9,0.8,True,time_window_violations,0.0
hyperparameter_for_RC.json,per_instance_trials,RC101,RC,RC1,0.5,5.0,0.9,0.8,True,total_distance,191.23298176125223
hyperparameter_for_RC.json,per_instance_trials,RC101,RC,RC1,0.6,0.5,1.0,1.0,True,computation_time,8.85
hyperparameter_for_RC.json,per_instance_trials,RC101,RC,RC1,0.6,0.5,1.0,1.0,True,n_coarsened,8.0
hyperparameter_for_RC.json,per_instance_trials,RC101,RC,RC1,0.6,0.5,1.0,1.0,True,num_vehicles,3.0
hyperparameter_for_RC.json,per_instance_trials,RC101,RC,RC1,0.6,0.5,1.0,1.0,True,time_window_violations,0.0
hyperparameter_for_RC.json,per_instance_trials,RC101,RC,RC1,0.6,0.5,1.0,1.0,True,total_distance,329.0672218417694
hyperparameter_for_RC.json,per_instance_trials,RC101,RC,RC1,0.6,5.0,0.7,1.0,True,computation_time,2.0
hyperparameter_for_RC.json,per_instance_trials,RC101,RC,RC1,0.6,5.0,0.7,1.0,True,n_coarsened,4.0
hyperparameter_for_RC.json,per_instance_trials,RC101,RC,RC1,0.6,5.0,0.7,1.0,True,num_vehicles,2.0
hyperparameter_for_RC.json,per_instance_trials,RC101,RC,RC1,0.6,5.0,0.7,1.0,True,time_window_violations,0.0
hyperparameter_for_RC.json,per_instance_trials,RC101,RC,RC1,0.6,5.0,0.7,1.0,True,total_distance,191.23298176125223
hyperparameter_for_RC.json,per_instance_trials,RC101,RC,RC1,0.8,3.0,1.0,0.8,True,computation_time,4.93
hyperparameter_for_RC.json,per_instance_trials,RC101,RC,RC1,0.8,3.0,1.0,0.8,True,n_coarsened,6.0
hyperparameter_for_RC.json,per_instance_trials,RC101,RC,RC1,0.8,3.0,1.0,0.8,True,num_vehicles,3.0
hyperparameter_for_RC.json,per_instance_trials,RC101,RC,RC1,0.8,3.0,1.0,0.8,True,time_window_violations,0.0
hyperparameter_for_RC.json,per_instance_trials,RC101,RC,RC1,0.8,3.0,1.0,0.8,True,total_distance,299.20462574309335
hyperparameter_for_RC.json,per_instance_trials,RC101,RC,RC1,0.4,3.0,0.3,0.4,True,computation_time,1.63
hyperparameter_for_RC.json,per_instance_trials,RC101,RC,RC1,0.4,3.0,0.3,0.4,True,n_coarsened,3.0
hyperparameter_for_RC.json,per_instance_trials,RC101,RC,RC1,0.4,3.0,0.3,0.4,True,num_vehicles,2.0
hyperparameter_for_RC.json,per_instance_trials,RC101,RC,RC1,0.4,3.0,0.3,0.4,True,time_window_violations,0.0
hyperparameter_for_RC.json,per_instance_trials,RC101,RC,RC1,0.4,3.0,0.3,0.4,True,total_distance,191.23298176125226
hyperparameter_for_RC.json,per_instance_trials,RC101,RC,RC1,0.6,3.0,0.3,0.2,True,computation_time,2.02
hyperparameter_for_RC.json,per_instance_trials,RC101,RC,RC1,0.6,3.0,0.3,0.2,True,n_coarsened,4.0
hyperparameter_for_RC.json,per_instance_trials,RC101,RC,RC1,0.6,3.0,0.3,0.2,True,num_vehicles,2.0
hyperparameter_for_RC.json,per_instance_trials,RC101,RC,RC1,0.6,3.0,0.3,0.2,True,time_window_violations,0.0
hyperparameter_for_RC.json,per_instance_trials,RC101,RC,RC1,0.6,3.0,0.3,0.2,True,total_distance,191.23298176125223
hyperparameter_for_RC.json,per_instance_trials,RC101,RC,RC1,0.5,0.5,0.7,0.4,True,computation_time,8.9
hyperparameter_for_RC.json,per_instance_trials,RC101,RC,RC1,0.5,0.5,0.7,0.4,True,n_coarsened,8.0
hyperparameter_for_RC.json,per_instance_trials,RC101,RC,RC1,0.5,0.5,0.7,0.4,True,num_vehicles,4.0
hyperparameter_for_RC.json,per_instance_trials,RC101,RC,RC1,0.5,0.5,0.7,0.4,True,time_window_violations,0.0
hyperparameter_for_RC.json,per_instance_trials,RC101,RC,RC1,0.5,0.5,0.7,0.4,True,total_distance,327.5611902774331
hyperparameter_for_RC.json,per_instance_trials,RC101,RC,RC1,0.6,1.0,0.9,0.2,True,computation_time,4.74
hyperparameter_for_RC.json,per_instance_trials,RC101,RC,RC1,0.6,1.0,0.9,0.2,True,n_coarsened,6.0
hyperparameter_for_RC.json,per_instance_trials,RC101,RC,RC1,0.6,1.0,0.9,0.2,True,num_vehicles,3.0
hyperparameter_for_RC.json,per_instance_trials,RC101,RC,RC1,0.6,1.0,0.9,0.2,True,time_window_violations,0.0
hyperparameter_for_RC.json,per_instance_trials,RC101,RC,RC1,0.6,1.0,0.9,0.2,True,total_distance,291.3046430683037
hyperparameter_for_RC.json,per_instance_trials,RC101,RC,RC1,0.4,0.5,1.0,0.6,True,computation_time,8.87
hyperparameter_for_RC.json,per_instance_trials,RC101,RC,RC1,0.4,0.5,1.0,0.6,True,n_coarsened,8.0
hyperparameter_for_RC.json,per_instance_trials,RC101,RC,RC1,0.4,0.5,1.0,0.6,True,num_vehicles,4.0
hyperparameter_for_RC.json,per_instance_trials,RC101,RC,RC1,0.4,0.5,1.0,0.6,True,time_window_violations,0.0
hyperparameter_for_RC.json,per_instance_trials,RC101,RC,RC1,0.4,0.5,1.0,0.6,True,total_distance,397.494622928447
hyperparameter_for_RC.json,per_instance_trials,RC101,RC,RC1,0.4,5.0,1.0,1.0,True,computation_time,1.62
hyperparameter_for_RC.json,per_instance_trials,RC101,RC,RC1,0.4,5.0,1.0,1.0,True,n_coarsened,3.0
hyperparameter_for_RC.json,per_instance_trials,RC101,RC,RC1,0.4,5.0,1.0,1.0,True,num_vehicles,2.0
hyperparameter_for_RC.json,per_instance_trials,RC101,RC,RC1,0.4,5.0,1.0,1.0,True,time_window_violations,0.0
hyperparameter_for_RC.json,per_instance_trials,RC101,RC,RC1,0.4,5.0,1.0,1.0,True,total_distance,191.23298176125223
hyperparameter_for_RC.json,per_instance_trials,RC101,RC,RC1,0.3,1.0,0.3,0.8,True,computation_time,1.13
hyperparameter_for_RC.json,per_instance_trials,RC101,RC,RC1,0.3,1.0,0.3,0.8,True,n_coarsened,2.0
hyperparameter_for_RC.json,per_instance_trials,RC101,RC,RC1,0.3,1.0,0.3,0.8,True,num_vehicles,2.0
hyperparameter_for_RC.json,per_instance_trials,RC101,RC,RC1,0.3,1.0,0.3,0.8,True,time_window_violations,0.0
hyperparameter_for_RC.json,per_instance_trials,RC101,RC,RC1,0.3,1.0,0.3,0.8,True,total_distance,191.23298176125223
hyperparameter_for_RC.json,per_instance_trials,RC101,RC,RC1,0.5,1.5,1.0,1.0,True,computation_time,2.04
hyperparameter_for_RC.json,per_instance_trials,RC101,RC,RC1,0.5,1.5,1.0,1.0,True,n_coarsened,4.0
hyperparameter_for_RC.json,per_instance_trials,RC101,RC,RC1,0.5,1.5,1.0,1.0,True,num_vehicles,2.0
hyperparameter_for_RC.json,per_instance_trials,RC101,RC,RC1,0.5,1.5,1.0,1.0,True,time_window_violations,0.0
hyperparameter_for_RC.json,per_instance_trials,RC101,RC,RC1,0.5,1.5,1.0,1.0,True,total_distance,191.23298176125223
hyperparameter_for_RC.json,per_instance_trials,RC101,RC,RC1,0.6,2.0,0.5,0.8,True,computation_time,3.23
hyperparameter_for_RC.json,per_instance_trials,RC101,RC,RC1,0.6,2.0,0.5,0.8,True,n_coarsened,5.0
hyperparameter_for_RC.json,per_instance_trials,RC101,RC,RC1,0.6,2.0,0.5,0.8,True,num_vehicles,2.0
hyperparameter_for_RC.json,per_instance_trials,RC101,RC,RC1,0.6,2.0,0.5,0.8,True,time_window_violations,0.0
hyperparameter_for_RC.json,per_instance_trials,RC101,RC,RC1,0.6,2.0,0.5,0.8,True,total_distance,229.2899618089964
hyperparameter_for_RC.json,per_instance_trials,RC101,RC,RC1,0.6,2.0,0.7,0.4,True,computation_time,3.33
hyperparameter_for_RC.json,per_instance_trials,RC101,RC,RC1,0.6,2.0,0.7,0.4,True,n_coarsened,5.0
hyperparameter_for_RC.json,per_instance_trials,RC101,RC,RC1,0.6,2.0,0.7,0.4,True,num_vehicles,2.0
hyperparameter_for_RC.json,per_instance_trials,RC101,RC,RC1,0.6,2.0,0.7,0.4,True,time_window_violations,0.0
hyperparameter_for_RC.json,per_instance_trials,RC101,RC,RC1,0.6,2.0,0.7,0.4,True,total_distance,229.28996180899642
hyperparameter_for_RC.json,per_instance_trials,RC101,RC,RC1,0.6,1.5,0.7,0.8,True,computation_time,3.43
hyperparameter_for_RC.json,per_instance_trials,RC101,RC,RC1,0.6,1.5,0.7,0.8,True,n_coarsened,5.0
hyperparameter_for_RC.json,per_instance_trials,RC101,RC,RC1,0.6,1.5,0.7,0.8,True,num_vehicles,2.0
hyperparameter_for_RC.json,per_instance_trials,RC101,RC,RC1,0.6,1.5,0.7,0.8,True,time_window_violations,0.0
hyperparameter_for_RC.json,per_instance_trials,RC101,RC,RC1,0.6,1.5,0.7,0.8,True,total_distance,191.23298176125223
hyperparameter_for_RC.json,per_instance_trials,RC101,RC,RC1,0.7,2.0,0.7,0.8,True,computation_time,3.29
hyperparameter_for_RC.json,per_instance_trials,RC101,RC,RC1,0.7,2.0,0.7,0.8,True,n_coarsened,5.0
hyperparameter_for_RC.json,per_instance_trials,RC101,RC,RC1,0.7,2.0,0.7,0.8,True,num_vehicles,2.0
hyperparameter_for_RC.json,per_instance_trials,RC101,RC,RC1,0.7,2.0,0.7,0.8,True,time_window_violations,0.0
hyperparameter_for_RC.json,per_instance_trials,RC101,RC,RC1,0.7,2.0,0.7,0.8,True,total_distance,227.80852719372498
hyperparameter_for_RC.json,per_instance_trials,RC101,RC,RC1,0.5,1.5,0.3,0.2,True,computation_time,2.04
hyperparameter_for_RC.json,per_instance_trials,RC101,RC,RC1,0.5,1.5,0.3,0.2,True,n_coarsened,4.0
hyperparameter_for_RC.json,per_instance_trials,RC101,RC,RC1,0.5,1.5,0.3,0.2,True,num_vehicles,2.0
hyperparameter_for_RC.json,per_instance_trials,RC101,RC,RC1,0.5,1.5,0.3,0.2,True,time_window_violations,0.0
hyperparameter_for_RC.json,per_instance_trials,RC101,RC,RC1,0.5,1.5,0.3,0.2,True,total_distance,229.28996180899642
hyperparameter_for_RC.json,per_instance_trials,RC101,RC,RC1,0.4,1.0,1.0,1.0,True,computation_time,2.05
hyperparameter_for_RC.json,per_instance_trials,RC101,RC,RC1,0.4,1.0,1.0,1.0,True,n_coarsened,4.0
hyperparameter_for_RC.json,per_instance_trials,RC101,RC,RC1,0.4,1.0,1.0,1.0,True,num_vehicles,2.0
hyperparameter_for_RC.json,per_instance_trials,RC101,RC,RC1,0.4,1.0,1.0,1.0,True,time_window_violations,0.0
hyperparameter_for_RC.json,per_instance_trials,RC101,RC,RC1,0.4,1.0,1.0,1.0,True,total_distance,229.28996180899642
hyperparameter_for_RC.json,per_instance_trials,RC101,RC,RC1,0.8,2.0,1.0,0.4,True,computation_time,7.58
hyperparameter_for_RC.json,per_instance_trials,RC101,RC,RC1,0.8,2.0,1.0,0.4,True,n_coarsened,7.0
hyperparameter_for_RC.json,per_instance_trials,RC101,RC,RC1,0.8,2.0,1.0,0.4,True,num_vehicles,3.0
hyperparameter_for_RC.json,per_instance_trials,RC101,RC,RC1,0.8,2.0,1.0,0.4,True,time_window_violations,0.0
hyperparameter_for_RC.json,per_instance_trials,RC101,RC,RC1,0.8,2.0,1.0,0.4,True,total_distance,254.30015497934522
hyperparameter_for_RC.json,per_instance_trials,RC101,RC,RC1,0.5,2.0,1.0,0.8,True,computation_time,2.05
hyperparameter_for_RC.json,per_instance_trials,RC101,RC,RC1,0.5,2.0,1.0,0.8,True,n_coarsened,4.0
hyperparameter_for_RC.json,per_instance_trials,RC101,RC,RC1,0.5,2.0,1.0,0.8,True,num_vehicles,2.0
hyperparameter_for_RC.json,per_instance_trials,RC101,RC,RC1,0.5,2.0,1.0,0.8,True,time_window_violations,0.0
hyperparameter_for_RC.json,per_instance_trials,RC101,RC,RC1,0.5,2.0,1.0,0.8,True,total_distance,229.28996180899642
hyperparameter_for_RC.json,per_instance_trials,RC101,RC,RC1,0.6,2.0,0.9,1.0,True,computation_time,3.24
hyperparameter_for_RC.json,per_instance_trials,RC101,RC,RC1,0.6,2.0,0.9,1.0,True,n_coarsened,5.0
hyperparameter_for_RC.json,per_instance_trials,RC101,RC,RC1,0.6,2.0,0.9,1.0,True,num_vehicles,2.0
hyperparameter_for_RC.json,per_instance_trials,RC101,RC,RC1,0.6,2.0,0.9,1.0,True,time_window_violations,0.0
hyperparameter_for_RC.json,per_instance_trials,RC101,RC,RC1,0.6,2.0,0.9,1.0,True,total_distance,229.28996180899642
hyperparameter_for_RC.json,per_instance_trials,RC101,RC,RC1,0.6,3.0,0.7,0.2,True,computation_time,1.99
hyperparameter_for_RC.json,per_instance_trials,RC101,RC,RC1,0.6,3.0,0.7,0.2,True,n_coarsened,4.0
hyperparameter_for_RC.json,per_instance_trials,RC101,RC,RC1,0.6,3.0,0.7,0.2,True,num_vehicles,2.0
hyperparameter_for_RC.json,per_instance_trials,RC101,RC,RC1,0.6,3.0,0.7,0.2,True,time_window_violations,0.0
hyperparameter_for_RC.json,per_instance_trials,RC101,RC,RC1,0.6,3.0,0.7,0.2,True,total_distance,227.80852719372498
hyperparameter_for_RC.json,per_instance_trials,RC101,RC,RC1,0.8,1.5,0.7,0.4,True,computation_time,4.66
hyperparameter_for_RC.json,per_instance_trials,RC101,RC,RC1,0.8,1.5,0.7,0.4,True,n_coarsened,6.0
hyperparameter_for_RC.json,per_instance_trials,RC101,RC,RC1,0.8,1.5,0.7,0.4,True,num_vehicles,3.0
hyperparameter_for_RC.json,per_instance_trials,RC101,RC,RC1,0.8,1.5,0.7,0.4,True,time_window_violations,0.0
hyperparameter_for_RC.json,per_instance_trials,RC101,RC,RC1,0.8,1.5,0.7,0.4,True,total_distance,285.1293404830765
hyperparameter_for_RC.json,per_instance_trials,RC101,RC,RC1,0.7,2.0,0.7,1.0,True,computation_time,3.24
hyperparameter_for_RC.json,per_instance_trials,RC101,RC,RC1,0.7,2.0,0.7,1.0,True,n_coarsened,5.0
hyperparameter_for_RC.json,per_instance_trials,RC101,RC,RC1,0.7,2.0,0.7,1.0,True,num_vehicles,2.0
hyperparameter_for_RC.json,per_instance_trials,RC101,RC,RC1,0.7,2.0,0.7,1.0,True,time_window_violations,0.0
hyperparameter_for_RC.json,per_instance_trials,RC101,RC,RC1,0.7,2.0,0.7,1.0,True,total_distance,185.90787650875717
hyperparameter_for_RC.json,per_instance_trials,RC101,RC,RC1,0.5,2.0,1.0,0.6,True,computation_time,2.05
hyperparameter_for_RC.json,per_instance_trials,RC101,RC,RC1,0.5,2.0,1.0,0.6,True,n_coarsened,4.0
hyperparameter_for_RC.json,per_instance_trials,RC101,RC,RC1,0.5,2.0,1.0,0.6,True,num_vehicles,2.0
hyperparameter_for_RC.json,per_instance_trials,RC101,RC,RC1,0.5,2.0,1.0,0.6,True,time_window_violations,0.0
hyperparameter_for_RC.json,per_instance_trials,RC101,RC,RC1,0.5,2.0,1.0,0.6,True,total_distance,191.23298176125223
hyperparameter_for_RC.json,per_instance_trials,RC101,RC,RC1,0.8,1.5,0.3,0.4,True,computation_time,4.65
hyperparameter_for_RC.json,per_instance_trials,RC101,RC,RC1,0.8,1.5,0.3,0.4,True,n_coarsened,6.0
hyperparameter_for_RC.json,per_instance_trials,RC101,RC,RC1,0.8,1.5,0.3,0.4,True,num_vehicles,3.0
hyperparameter_for_RC.json,per_instance_trials,RC101,RC,RC1,0.8,1.5,0.3,0.4,True,time_window_violations,0.0
hyperparameter_for_RC.json,per_instance_trials,RC101,RC,RC1,0.8,1.5,0.3,0.4,True,total_distance,244.28970944805602
hyperparameter_for_RC.json,per_instance_trials,RC101,RC,RC1,0.6,2.0,0.3,0.8,True,computation_time,3.33
hyperparameter_for_RC.json,per_instance_trials,RC101,RC,RC1,0.6,2.0,0.3,0.8,True,n_coarsened,5.0
hyperparameter_for_RC.json,per_instance_trials,RC101,RC,RC1,0.6,2.0,0.3,0.8,True,num_vehicles,3.0
hyperparameter_for_RC.json,per_instance_trials,RC101,RC,RC1,0.6,2.0,0.3,0.8,True,time_window_violations,0.0
hyperparameter_for_RC.json,per_instance_trials,RC101,RC,RC1,0.6,2.0,0.3,0.8,True,total_distance,286.47952828452674
hyperparameter_for_RC.json,per_instance_trials,RC101,RC,RC1,0.7,5.0,0.5,0.2,True,computation_time,4.67
hyperparameter_for_RC.json,per_instance_trials,RC101,RC,RC1,0.7,5.0,0.5,0.2,True,n_coarsened,6.0
hyperparameter_for_RC.json,per_instance_trials,RC101,RC,RC1,0.7,5.0,0.5,0.2,True,num_vehicles,3.0
hyperparameter_for_RC.json,per_instance_trials,RC101,RC,RC1,0.7,5.0,0.5,0.2,True,time_window_violations,0.0
hyperparameter_for_RC.json,per_instance_trials,RC101,RC,RC1,0.7,5.0,0.5,0.2,True,total_distance,260.24391550348616
hyperparameter_for_RC.json,per_instance_trials,RC101,RC,RC1,0.8,1.5,0.9,0.6,True,computation_time,4.66
hyperparameter_for_RC.json,per_instance_trials,RC101,RC,RC1,0.8,1.5,0.9,0.6,True,n_coarsened,6.0
hyperparameter_for_RC.json,per_instance_trials,RC101,RC,RC1,0.8,1.5,0.9,0.6,True,num_vehicles,3.0
hyperparameter_for_RC.json,per_instance_trials,RC101,RC,RC1,0.8,1.5,0.9,0.6,True,time_window_violations,0.0
hyperparameter_for_RC.json,per_instance_trials,RC101,RC,RC1,0.8,1.5,0.9,0.6,True,total_distance,297.6147876145245
hyperparameter_for_RC.json,per_instance_trials,RC101,RC,RC1,0.4,2.0,0.5,0.6,True,computation_time,1.62
hyperparameter_for_RC.json,per_instance_trials,RC101,RC,RC1,0.4,2.0,0.5,0.6,True,n_coarsened,3.0
hyperparameter_for_RC.json,per_instance_trials,RC101,RC,RC1,0.4,2.0,0.5,0.6,True,num_vehicles,2.0
hyperparameter_for_RC.json,per_instance_trials,RC101,RC,RC1,0.4,2.0,0.5,0.6,True,time_window_violations,0.0
hyperparameter_for_RC.json,per_instance_trials,RC101,RC,RC1,0.4,2.0,0.5,0.6,True,total_distance,191.23298176125226
hyperparameter_for_RC.json,per_instance_trials,RC101,RC,RC1,0.3,1.0,0.7,0.4,True,computation_time,2.05
hyperparameter_for_RC.json,per_instance_trials,RC101,RC,RC1,0.3,1.0,0.7,0.4,True,n_coarsened,4.0
hyperparameter_for_RC.json,per_instance_trials,RC101,RC,RC1,0.3,1.0,0.7,0.4,True,num_vehicles,2.0
hyperparameter_for_RC.json,per_instance_trials,RC101,RC,RC1,0.3,1.0,0.7,0.4,True,time_window_violations,0.0
hyperparameter_for_RC.json,per_instance_trials,RC101,RC,RC1,0.3,1.0,0.7,0.4,True,total_distance,229.28996180899642
hyperparameter_for_RC.json,per_instance_trials,RC101,RC,RC1,0.8,3.0,0.9,0.4,False,computation_time,4.8
hyperparameter_for_RC.json,per_instance_trials,RC101,RC,RC1,0.8,3.0,0.9,0.4,False,n_coarsened,6.0
hyperparameter_for_RC.json,per_instance_trials,RC101,RC,RC1,0.8,3.0,0.9,0.4,False,num_vehicles,2.0
hyperparameter_for_RC.json,per_instance_trials,RC101,RC,RC1,0.8,3.0,0.9,0.4,False,time_window_violations,3.0
hyperparameter_for_RC.json,per_instance_trials,RC101,RC,RC1,0.8,3.0,0.9,0.4,False,total_distance,240.82556285622252
hyperparameter_for_RC.json,per_instance_trials,RC101,RC,RC1,0.6,2.0,1.0,0.8,True,computation_time,3.23
hyperparameter_for_RC.json,per_instance_trials,RC101,RC,RC1,0.6,2.0,1.0,0.8,True,n_coarsened,5.0
hyperparameter_for_RC.json,per_instance_trials,RC101,RC,RC1,0.6,2.0,1.0,0.8,True,num_vehicles,2.0
hyperparameter_for_RC.json,per_instance_trials,RC101,RC,RC1,0.6,2.0,1.0,0.8,True,time_window_violations,0.0
hyperparameter_for_RC.json,per_instance_trials,RC101,RC,RC1,0.6,2.0,1.0,0.8,True,total_distance,229.28996180899642
hyperparameter_for_RC.json,per_instance_trials,RC101,RC,RC1,0.4,0.5,1.0,1.0,True,computation_time,8.79
hyperparameter_for_RC.json,per_instance_trials,RC101,RC,RC1,0.4,0.5,1.0,1.0,True,n_coarsened,8.0
hyperparameter_for_RC.json,per_instance_trials,RC101,RC,RC1,0.4,0.5,1.0,1.0,True,num_vehicles,3.0
hyperparameter_for_RC.json,per_instance_trials,RC101,RC,RC1,0.4,0.5,1.0,1.0,True,time_window_violations,0.0
hyperparameter_for_RC.json,per_instance_trials,RC101,RC,RC1,0.4,0.5,1.0,1.0,True,total_distance,246.382553863279
hyperparameter_for_RC.json,per_instance_trials,RC101,RC,RC1,0.5,1.5,0.9,1.0,True,computation_time,2.04
hyperparameter_for_RC.json,per_instance_trials,RC101,RC,RC1,0.5,1.5,0.9,1.0,True,n_coarsened,4.0
hyperparameter_for_RC.json,per_instance_trials,RC101,RC,RC1,0.5,1.5,0.9,1.0,True,num_vehicles,2.0
hyperparameter_for_RC.json,per_instance_trials,RC101,RC,RC1,0.5,1.5,0.9,1.0,True,time_window_violations,0.0
hyperparameter_for_RC.json,per_instance_trials,RC101,RC,RC1,0.5,1.5,0.9,1.0,True,total_distance,229.2899618089964
hyperparameter_for_RC.json,per_instance_trials,RC101,RC,RC1,0.5,2.0,0.9,0.4,True,computation_time,2.05
hyperparameter_for_RC.json,per_instance_trials,RC101,RC,RC1,0.5,2.0,0.9,0.4,True,n_coarsened,4.0
hyperparameter_for_RC.json,per_instance_trials,RC101,RC,RC1,0.5,2.0,0.9,0.4,True,num_vehicles,2.0
hyperparameter_for_RC.json,per_instance_trials,RC101,RC,RC1,0.5,2.0,0.9,0.4,True,time_window_violations,0.0
hyperparameter_for_RC.json,per_instance_trials,RC101,RC,RC1,0.5,2.0,0.9,0.4,True,total_distance,229.28996180899642
hyperparameter_for_RC.json,per_instance_trials,RC101,RC,RC1,0.6,0.5,0.7,0.4,True,computation_time,8.92
hyperparameter_for_RC.json,per_instance_trials,RC101,RC,RC1,0.6,0.5,0.7,0.4,True,n_coarsened,8.0
hyperparameter_for_RC.json,per_instance_trials,RC101,RC,RC1,0.6,0.5,0.7,0.4,True,num_vehicles,3.0
hyperparameter_for_RC.json,per_instance_trials,RC101,RC,RC1,0.6,0.5,0.7,0.4,True,time_window_violations,0.0
hyperparameter_for_RC.json,per_instance_trials,RC101,RC,RC1,0.6,0.5,0.7,0.4,True,total_distance,286.4795282845267
hyperparameter_for_RC.json,per_instance_trials,RC101,RC,RC1,0.7,2.0,0.5,0.2,True,computation_time,3.24
hyperparameter_for_RC.json,per_instance_trials,RC101,RC,RC1,0.7,2.0,0.5,0.2,True,n_coarsened,5.0
hyperparameter_for_RC.json,per_instance_trials,RC101,RC,RC1,0.7,2.0,0.5,0.2,True,num_vehicles,2.0
hyperparameter_for_RC.json,per_instance_trials,RC101,RC,RC1,0.7,2.0,0.5,0.2,True,time_window_violations,0.0
hyperparameter_for_RC.json,per_instance_trials,RC101,RC,RC1,0.7,2.0,0.5,0.2,True,total_distance,229.2899618089964
hyperparameter_for_RC.json,per_instance_trials,RC102,RC,RC1,0.3,2.0,0.9,0.6,True,computation_time,1.14
hyperparameter_for_RC.json,per_instance_trials,RC102,RC,RC1,0.3,2.0,0.9,0.6,True,n_coarsened,2.0
hyperparameter_for_RC.json,per_instance_trials,RC102,RC,RC1,0.3,2.0,0.9,0.6,True,num_vehicles,2.0
hyperparameter_for_RC.json,per_instance_trials,RC102,RC,RC1,0.3,2.0,0.9,0.6,True,time_window_violations,0.0
hyperparameter_for_RC.json,per_instance_trials,RC102,RC,RC1,0.3,2.0,0.9,0.6,True,total_distance,171.99824013889548
hyperparameter_for_RC.json,per_instance_trials,RC102,RC,RC1,0.8,5.0,0.3,0.6,False,computation_time,4.57
hyperparameter_for_RC.json,per_instance_trials,RC102,RC,RC1,0.8,5.0,0.3,0.6,False,n_coarsened,6.0
hyperparameter_for_RC.json,per_instance_trials,RC102,RC,RC1,0.8,5.0,0.3,0.6,False,num_vehicles,2.0
hyperparameter_for_RC.json,per_instance_trials,RC102,RC,RC1,0.8,5.0,0.3,0.6,False,time_window_violations,2.0
hyperparameter_for_RC.json,per_instance_trials,RC102,RC,RC1,0.8,5.0,0.3,0.6,False,total_distance,220.50697532075552
hyperparameter_for_RC.json,per_instance_trials,RC102,RC,RC1,0.5,5.0,0.9,0.8,True,computation_time,2.01
hyperparameter_for_RC.json,per_instance_trials,RC102,RC,RC1,0.5,5.0,0.9,0.8,True,n_coarsened,4.0
hyperparameter_for_RC.json,per_instance_trials,RC102,RC,RC1,0.5,5.0,0.9,0.8,True,num_vehicles,2.0
hyperparameter_for_RC.json,per_instance_trials,RC102,RC,RC1,0.5,5.0,0.9,0.8,True,time_window_violations,0.0
hyperparameter_for_RC.json,per_instance_trials,RC102,RC,RC1,0.5,5.0,0.9,0.8,True,total_distance,171.03599546917604
hyperparameter_for_RC.json,per_instance_trials,RC102,RC,RC1,0.6,0.5,1.0,1.0,True,computation_time,3.27
hyperparameter_for_RC.json,per_instance_trials,RC102,RC,RC1,0.6,0.5,1.0,1.0,True,n_coarsened,5.0
hyperparameter_for_RC.json,per_instance_trials,RC102,RC,RC1,0.6,0.5,1.0,1.0,True,num_vehicles,3.0
hyperparameter_for_RC.json,per_instance_trials,RC102,RC,RC1,0.6,0.5,1.0,1.0,True,time_window_violations,0.0
hyperparameter_for_RC.json,per_instance_trials,RC102,RC,RC1,0.6,0.5,1.0,1.0,True,total_distance,279.1425778216798
hyperparameter_for_RC.json,per_instance_trials,RC102,RC,RC1,0.6,5.0,0.7,1.0,True,computation_time,2.01
hyperparameter_for_RC.json,per_instance_trials,RC102,RC,RC1,0.6,5.0,0.7,1.0,True,n_coarsened,4.0
hyperparameter_for_RC.json,per_instance_trials,RC102,RC,RC1,0.6,5.0,0.7,1.0,True,num_vehicles,2.0
hyperparameter_for_RC.json,per_instance_trials,RC102,RC,RC1,0.6,5.0,0.7,1.0,True,time_window_violations,0.0
hyperparameter_for_RC.json,per_instance_trials,RC102,RC,RC1,0.6,5.0,0.7,1.0,True,total_distance,171.03599546917604
hyperparameter_for_RC.json,per_instance_trials,RC102,RC,RC1,0.8,3.0,1.0,0.8,True,computation_time,4.59
hyperparameter_for_RC.json,per_instance_trials,RC102,RC,RC1,0.8,3.0,1.0,0.8,True,n_coarsened,6.0
hyperparameter_for_RC.json,per_instance_trials,RC102,RC,RC1,0.8,3.0,1.0,0.8,True,num_vehicles,3.0
hyperparameter_for_RC.json,per_instance_trials,RC102,RC,RC1,0.8,3.0,1.0,0.8,True,time_window_violations,0.0
hyperparameter_for_RC.json,per_instance_trials,RC102,RC,RC1,0.8,3.0,1.0,0.8,True,total_distance,290.02584521773963
hyperparameter_for_RC.json,per_instance_trials,RC102,RC,RC1,0.4,3.0,0.3,0.4,False,computation_time,1.64
hyperparameter_for_RC.json,per_instance_trials,RC102,RC,RC1,0.4,3.0,0.3,0.4,False,n_coarsened,3.0
hyperparameter_for_RC.json,per_instance_trials,RC102,RC,RC1,0.4,3.0,0.3,0.4,False,num_vehicles,2.0
hyperparameter_for_RC.json,per_instance_trials,RC102,RC,RC1,0.4,3.0,0.3,0.4,False,time_window_violations,1.0
hyperparameter_for_RC.json,per_instance_trials,RC102,RC,RC1,0.4,3.0,0.3,0.4,False,total_distance,183.95839434340095
hyperparameter_for_RC.json,per_instance_trials,RC102,RC,RC1,0.6,3.0,0.3,0.2,True,computation_time,2.0
hyperparameter_for_RC.json,per_instance_trials,RC102,RC,RC1,0.6,3.0,0.3,0.2,True,n_coarsened,4.0
hyperparameter_for_RC.json,per_instance_trials,RC102,RC,RC1,0.6,3.0,0.3,0.2,True,num_vehicles,2.0
hyperparameter_for_RC.json,per_instance_trials,RC102,RC,RC1,0.6,3.0,0.3,0.2,True,time_window_violations,0.0
hyperparameter_for_RC.json,per_instance_trials,RC102,RC,RC1,0.6,3.0,0.3,0.2,True,total_distance,171.03599546917604
hyperparameter_for_RC.json,per_instance_trials,RC102,RC,RC1,0.5,0.5,0.7,0.4,True,computation_time,2.02
hyperparameter_for_RC.json,per_instance_trials,RC102,RC,RC1,0.5,0.5,0.7,0.4,True,n_coarsened,4.0
hyperparameter_for_RC.json,per_instance_trials,RC102,RC,RC1,0.5,0.5,0.7,0.4,True,num_vehicles,2.0
hyperparameter_for_RC.json,per_instance_trials,RC102,RC,RC1,0.5,0.5,0.7,0.4,True,time_window_violations,0.0
hyperparameter_for_RC.json,per_instance_trials,RC102,RC,RC1,0.5,0.5,0.7,0.4,True,total_distance,169.8794572898442
hyperparameter_for_RC.json,per_instance_trials,RC102,RC,RC1,0.6,1.0,0.9,0.2,True,computation_time,2.02
hyperparameter_for_RC.json,per_instance_trials,RC102,RC,RC1,0.6,1.0,0.9,0.2,True,n_coarsened,4.0
hyperparameter_for_RC.json,per_instance_trials,RC102,RC,RC1,0.6,1.0,0.9,0.2,True,num_vehicles,2.0
hyperparameter_for_RC.json,per_instance_trials,RC102,RC,RC1,0.6,1.0,0.9,0.2,True,time_window_violations,0.0
hyperparameter_for_RC.json,per_instance_trials,RC102,RC,RC1,0.6,1.0,0.9,0.2,True,total_distance,169.8794572898442
hyperparameter_for_RC.json,per_instance_trials,RC102,RC,RC1,0.4,0.5,1.0,0.6,True,computation_time,1.68
hyperparameter_for_RC.json,per_instance_trials,RC102,RC,RC1,0.4,0.5,1.0,0.6,True,n_coarsened,3.0
hyperparameter_for_RC.json,per_instance_trials,RC102,RC,RC1,0.4,0.5,1.0,0.6,True,num_vehicles,2.0
hyperparameter_for_RC.json,per_instance_trials,RC102,RC,RC1,0.4,0.5,1.0,0.6,True,time_window_violations,0.0
hyperparameter_for_RC.json,per_instance_trials,RC102,RC,RC1,0.4,0.5,1.0,0.6,True,total_distance,171.99824013889548
hyperparameter_for_RC.json,per_instance_trials,RC102,RC,RC1,0.4,5.0,1.0,1.0,False,computation_time,1.66
hyperparameter_for_RC.json,per_instance_trials,RC102,RC,RC1,0.4,5.0,1.0,1.0,False,n_coarsened,3.0
hyperparameter_for_RC.json,per_instance_trials,RC102,RC,RC1,0.4,5.0,1.0,1.0,False,num_vehicles,2.0
hyperparameter_for_RC.json,per_instance_trials,RC102,RC,RC1,0.4,5.0,1.0,1.0,False,time_window_violations,1.0
hyperparameter_for_RC.json,per_instance_trials,RC102,RC,RC1,0.4,5.0,1.0,1.0,False,total_distance,183.95839434340095
hyperparameter_for_RC.json,per_instance_trials,RC102,RC,RC1,0.3,1.0,0.3,0.8,True,computation_time,1.13
hyperparameter_for_RC.json,per_instance_trials,RC102,RC,RC1,0.3,1.0,0.3,0.8,True,n_coarsened,2.0
hyperparameter_for_RC.json,per_instance_trials,RC102,RC,RC1,0.3,1.0,0.3,0.8,True,num_vehicles,2.0
hyperparameter_for_RC.json,per_instance_trials,RC102,RC,RC1,0.3,1.0,0.3,0.8,True,time_window_violations,0.0
hyperparameter_for_RC.json,per_instance_trials,RC102,RC,RC1,0.3,1.0,0.3,0.8,True,total_distance,171.9982401388955
hyperparameter_for_RC.json,per_instance_trials,RC102,RC,RC1,0.5,1.5,1.0,1.0,True,computation_time,2.0
hyperparameter_for_RC.json,per_instance_trials,RC102,RC,RC1,0.5,1.5,1.0,1.0,True,n_coarsened,4.0
hyperparameter_for_RC.json,per_instance_trials,RC102,RC,RC1,0.5,1.5,1.0,1.0,True,num_vehicles,2.0
hyperparameter_for_RC.json,per_instance_trials,RC102,RC,RC1,0.5,1.5,1.0,1.0,True,time_window_violations,0.0
hyperparameter_for_RC.json,per_instance_trials,RC102,RC,RC1,0.5,1.5,1.0,1.0,True,total_distance,169.8794572898442
hyperparameter_for_RC.json,per_instance_trials,RC102,RC,RC1,0.6,2.0,0.5,0.8,True,computation_time,3.15
hyperparameter_for_RC.json,per_instance_trials,RC102,RC,RC1,0.6,2.0,0.5,0.8,True,n_coarsened,5.0
hyperparameter_for_RC.json,per_instance_trials,RC102,RC,RC1,0.6,2.0,0.5,0.8,True,num_vehicles,2.0
hyperparameter_for_RC.json,per_instance_trials,RC102,RC,RC1,0.6,2.0,0.5,0.8,True,time_window_violations,0.0
hyperparameter_for_RC.json,per_instance_trials,RC102,RC,RC1,0.6,2.0,0.5,0.8,True,total_distance,215.68675227870446
hyperparameter_for_RC.json,per_instance_trials,RC102,RC,RC1,0.6,2.0,0.7,0.4,True,computation_time,3.18
hyperparameter_for_RC.json,per_instance_trials,RC102,RC,RC1,0.6,2.0,0.7,0.4,True,n_coarsened,5.0
hyperparameter_for_RC.json,per_instance_trials,RC102,RC,RC1,0.6,2.0,0.7,0.4,True,num_vehicles,2.0
hyperparameter_for_RC.json,per_instance_trials,RC102,RC,RC1,0.6,2.0,0.7,0.4,True,time_window_violations,0.0
hyperparameter_for_RC.json,per_instance_trials,RC102,RC,RC1,0.6,2.0,0.7,0.4,True,total_distance,203.6120197474878
hyperparameter_for_RC.json,per_instance_trials,RC102,RC,RC1,0.6,1.5,0.7,0.8,True,computation_time,3.16
hyperparameter_for_RC.json,per_instance_trials,RC102,RC,RC1,0.6,1.5,0.7,0.8,True,n_coarsened,5.0
hyperparameter_for_RC.json,per_instance_trials,RC102,RC,RC1,0.6,1.5,0.7,0.8,True,num_vehicles,2.0
hyperparameter_for_RC.json,per_instance_trials,RC102,RC,RC1,0.6,1.5,0.7,0.8,True,time_window_violations,0.0
hyperparameter_for_RC.json,per_instance_trials,RC102,RC,RC1,0.6,1.5,0.7,0.8,True,total_distance,206.45500272231695
hyperparameter_for_RC.json,per_instance_trials,RC102,RC,RC1,0.7,2.0,0.7,0.8,True,computation_time,3.18
hyperparameter_for_RC.json,per_instance_trials,RC102,RC,RC1,0.7,2.0,0.7,0.8,True,n_coarsened,5.0
hyperparameter_for_RC.json,per_instance_trials,RC102,RC,RC1,0.7,2.0,0.7,0.8,True,num_vehicles,2.0
hyperparameter_for_RC.json,per_instance_trials,RC102,RC,RC1,0.7,2.0,0.7,0.8,True,time_window_violations,0.0
hyperparameter_for_RC.json,per_instance_trials,RC102,RC,RC1,0.7,2.0,0.7,0.8,True,total_distance,203.61201974748775
hyperparameter_for_RC.json,per_instance_trials,RC102,RC,RC1,0.5,1.5,0.3,0.2,True,computation_time,2.02
hyperparameter_for_RC.json,per_instance_trials,RC102,RC,RC1,0.5,1.5,0.3,0.2,True,n_coarsened,4.0
hyperparameter_for_RC.json,per_instance_trials,RC102,RC,RC1,0.5,1.5,0.3,0.2,True,num_vehicles,2.0
hyperparameter_for_RC.json,per_instance_trials,RC102,RC,RC1,0.5,1.5,0.3,0.2,True,time_window_violations,0.0
hyperparameter_for_RC.json,per_instance_trials,RC102,RC,RC1,0.5,1.5,0.3,0.2,True,total_distance,169.8794572898442
hyperparameter_for_RC.json,per_instance_trials,RC102,RC,RC1,0.4,1.0,1.0,1.0,True,computation_time,1.65
hyperparameter_for_RC.json,per_instance_trials,RC102,RC,RC1,0.4,1.0,1.0,1.0,True,n_coarsened,3.0
hyperparameter_for_RC.json,per_instance_trials,RC102,RC,RC1,0.4,1.0,1.0,1.0,True,num_vehicles,2.0
hyperparameter_for_RC.json,per_instance_trials,RC102,RC,RC1,0.4,1.0,1.0,1.0,True,time_window_violations,0.0
hyperparameter_for_RC.json,per_instance_trials,RC102,RC,RC1,0.4,1.0,1.0,1.0,True,total_distance,171.99824013889548
hyperparameter_for_RC.json,per_instance_trials,RC102,RC,RC1,0.8,2.0,1.0,0.4,True,computation_time,7.6
hyperparameter_for_RC.json,per_instance_trials,RC102,RC,RC1,0.8,2.0,1.0,0.4,True,n_coarsened,7.0
hyperparameter_for_RC.json,per_instance_trials,RC102,RC,RC1,0.8,2.0,1.0,0.4,True,num_vehicles,3.0
hyperparameter_for_RC.json,per_instance_trials,RC102,RC,RC1,0.8,2.0,1.0,0.4,True,time_window_violations,0.0
hyperparameter_for_RC.json,per_instance_trials,RC102,RC,RC1,0.8,2.0,1.0,0.4,True,total_distance,286.15893407484816
hyperparameter_for_RC.json,per_instance_trials,RC102,RC,RC1,0.5,2.0,1.0,0.8,False,computation_time,2.01
hyperparameter_for_RC.json,per_instance_trials,RC102,RC,RC1,0.5,2.0,1.0,0.8,False,n_coarsened,4.0
hyperparameter_for_RC.json,per_instance_trials,RC102,RC,RC1,0.5,2.0,1.0,0.8,False,num_vehicles,2.0
hyperparameter_for_RC.json,per_instance_trials,RC102,RC,RC1,0.5,2.0,1.0,0.8,False,time_window_violations,3.0
hyperparameter_for_RC.json,per_instance_trials,RC102,RC,RC1,0.5,2.0,1.0,0.8,False,total_distance,218.8610892448735
hyperparameter_for_RC.json,per_instance_trials,RC102,RC,RC1,0.6,2.0,0.9,1.0,True,computation_time,3.15
hyperparameter_for_RC.json,per_instance_trials,RC102,RC,RC1,0.6,2.0,0.9,1.0,True,n_coarsened,5.0
hyperparameter_for_RC.json,per_instance_trials,RC102,RC,RC1,0.6,2.0,0.9,1.0,True,num_vehicles,3.0
hyperparameter_for_RC.json,per_instance_trials,RC102,RC,RC1,0.6,2.0,0.9,1.0,True,time_window_violations,0.0
hyperparameter_for_RC.json,per_instance_trials,RC102,RC,RC1,0.6,2.0,0.9,1.0,True,total_distance,241.97470055987804
hyperparameter_for_RC.json,per_instance_trials,RC102,RC,RC1,0.6,3.0,0.7,0.2,True,computation_time,2.01
hyperparameter_for_RC.json,per_instance_trials,RC102,RC,RC1,0.6,3.0,0.7,0.2,True,n_coarsened,4.0
hyperparameter_for_RC.json,per_instance_trials,RC102,RC,RC1,0.6,3.0,0.7,0.2,True,num_vehicles,2.0
hyperparameter_for_RC.json,per_instance_trials,RC102,RC,RC1,0.6,3.0,0.7,0.2,True,time_window_violations,0.0
hyperparameter_for_RC.json,per_instance_trials,RC102,RC,RC1,0.6,3.0,0.7,0.2,True,total_distance,171.03599546917604
hyperparameter_for_RC.json,per_instance_trials,RC102,RC,RC1,0.8,1.5,0.7,0.4,False,computation_time,3.16
hyperparameter_for_RC.json,per_instance_trials,RC102,RC,RC1,0.8,1.5,0.7,0.4,False,n_coarsened,5.0
hyperparameter_for_RC.json,per_instance_trials,RC102,RC,RC1,0.8,1.5,0.7,0.4,False,num_vehicles,2.0
hyperparameter_for_RC.json,per_instance_trials,RC102,RC,RC1,0.8,1.5,0.7,0.4,False,time_window_violations,3.0
hyperparameter_for_RC.json,per_instance_trials,RC102,RC,RC1,0.8,1.5,0.7,0.4,False,total_distance,217.32818907554784
hyperparameter_for_RC.json,per_instance_trials,RC102,RC,RC1,0.7,2.0,0.7,1.0,True,computation_time,3.15
hyperparameter_for_RC.json,per_instance_trials,RC102,RC,RC1,0.7,2.0,0.7,1.0,True,n_coarsened,5.0
hyperparameter_for_RC.json,per_instance_trials,RC102,RC,RC1,0.7,2.0,0.7,1.0,True,num_vehicles,2.0
hyperparameter_for_RC.json,per_instance_trials,RC102,RC,RC1,0.7,2.0,0.7,1.0,True,time_window_violations,0.0
hyperparameter_for_RC.json,per_instance_trials,RC102,RC,RC1,0.7,2.0,0.7,1.0,True,total_distance,179.63918093288288
hyperparameter_for_RC.json,per_instance_trials,RC102,RC,RC1,0.5,2.0,1.0,0.6,False,computation_time,2.04
hyperparameter_for_RC.json,per_instance_trials,RC102,RC,RC1,0.5,2.0,1.0,0.6,False,n_coarsened,4.0
hyperparameter_for_RC.json,per_instance_trials,RC102,RC,RC1,0.5,2.0,1.0,0.6,False,num_vehicles,2.0
hyperparameter_for_RC.json,per_instance_trials,RC102,RC,RC1,0.5,2.0,1.0,0.6,False,time_window_violations,3.0
hyperparameter_for_RC.json,per_instance_trials,RC102,RC,RC1,0.5,2.0,1.0,0.6,False,total_distance,218.8610892448735
hyperparameter_for_RC.json,per_instance_trials,RC102,RC,RC1,0.8,1.5,0.3,0.4,True,computation_time,4.66
hyperparameter_for_RC.json,per_instance_trials,RC102,RC,RC1,0.8,1.5,0.3,0.4,True,n_coarsened,6.0
hyperparameter_for_RC.json,per_instance_trials,RC102,RC,RC1,0.8,1.5,0.3,0.4,True,num_vehicles,3.0
hyperparameter_for_RC.json,per_instance_trials,RC102,RC,RC1,0.8,1.5,0.3,0.4,True,time_window_violations,0.0
hyperparameter_for_RC.json,per_instance_trials,RC102,RC,RC1,0.8,1.5,0.3,0.4,True,total_distance,275.8505485428851
hyperparameter_for_RC.json,per_instance_trials,RC102,RC,RC1,0.6,2.0,0.3,0.8,True,computation_time,2.03
hyperparameter_for_RC.json,per_instance_trials,RC102,RC,RC1,0.6,2.0,0.3,0.8,True,n_coarsened,4.0
hyperparameter_for_RC.json,per_instance_trials,RC102,RC,RC1,0.6,2.0,0.3,0.8,True,num_vehicles,2.0
hyperparameter_for_RC.json,per_instance_trials,RC102,RC,RC1,0.6,2.0,0.3,0.8,True,time_window_violations,0.0
hyperparameter_for_RC.json,per_instance_trials,RC102,RC,RC1,0.6,2.0,0.3,0.8,True,total_distance,169.8794572898442
hyperparameter_for_RC.json,per_instance_trials,RC102,RC,RC1,0.7,5.0,0.5,0.2,True,computation_time,4.6
hyperparameter_for_RC.json,per_instance_trials,RC102,RC,RC1,0.7,5.0,0.5,0.2,True,n_coarsened,6.0
hyperparameter_for_RC.json,per_instance_trials,RC102,RC,RC1,0.7,5.0,0.5,0.2,True,num_vehicles,3.0
hyperparameter_for_RC.json,per_instance_trials,RC102,RC,RC1,0.7,5.0,0.5,0.2,True,time_window_violations,0.0
hyperparameter_for_RC.json,per_instance_trials,RC102,RC,RC1,0.7,5.0,0.5,0.2,True,total_distance,244.21455064310854
hyperparameter_for_RC.json,per_instance_trials,RC102,RC,RC1,0.8,1.5,0.9,0.6,True,computation_time,3.15
hyperparameter_for_RC.json,per_instance_trials,RC102,RC,RC1,0.8,1.5,0.9,0.6,True,n_coarsened,5.0
hyperparameter_for_RC.json,per_instance_trials,RC102,RC,RC1,0.8,1.5,0.9,0.6,True,num_vehicles,3.0
hyperparameter_for_RC.json,per_instance_trials,RC102,RC,RC1,0.8,1.5,0.9,0.6,True,time_window_violations,0.0
hyperparameter_for_RC.json,per_instance_trials,RC102,RC,RC1,0.8,1.5,0.9,0.6,True,total_distance,241.24625878597686
hyperparameter_for_RC.json,per_instance_trials,RC102,RC,RC1,0.4,2.0,0.5,0.6,True,computation_time,1.65
hyperparameter_for_RC.json,per_instance_trials,RC102,RC,RC1,0.4,2.0,0.5,0.6,True,n_coarsened,3.0
hyperparameter_for_RC.json,per_instance_trials,RC102,RC,RC1,0.4,2.0,0.5,0.6,True,num_vehicles,2.0
hyperparameter_for_RC.json,per_instance_trials,RC102,RC,RC1,0.4,2.0,0.5,0.6,True,time_window_violations,0.0
hyperparameter_for_RC.json,per_instance_trials,RC102,RC,RC1,0.4,2.0,0.5,0.6,True,total_distance,171.9982401388955
hyperparameter_for_RC.json,per_instance_trials,RC102,RC,RC1,0.3,1.0,0.7,0.4,True,computation_time,1.13
hyperparameter_for_RC.json,per_instance_trials,RC102,RC,RC1,0.3,1.0,0.7,0.4,True,n_coarsened,2.0
hyperparameter_for_RC.json,per_instance_trials,RC102,RC,RC1,0.3,1.0,0.7,0.4,True,num_vehicles,2.0
hyperparameter_for_RC.json,per_instance_trials,RC102,RC,RC1,0.3,1.0,0.7,0.4,True,time_window_violations,0.0
hyperparameter_for_RC.json,per_instance_trials,RC102,RC,RC1,0.3,1.0,0.7,0.4,True,total_distance,171.9982401388955
hyperparameter_for_RC.json,per_instance_trials,RC102,RC,RC1,0.8,3.0,0.9,0.4,True,computation_time,4.56
hyperparameter_for_RC.json,per_instance_trials,RC102,RC,RC1,0.8,3.0,0.9,0.4,True,n_coarsened,6.0
hyperparameter_for_RC.json,per_instance_trials,RC102,RC,RC1,0.8,3.0,0.9,0.4,True,num_vehicles,3.0
hyperparameter_for_RC.json,per_instance_trials,RC102,RC,RC1,0.8,3.0,0.9,0.4,True,time_window_violations,0.0
hyperparameter_for_RC.json,per_instance_trials,RC102,RC,RC1,0.8,3.0,0.9,0.4,True,total_distance,292.26917244696597
hyperparameter_for_RC.json,per_instance_trials,RC102,RC,RC1,0.6,2.0,1.0,0.8,False,computation_time,3.15
hyperparameter_for_RC.json,per_instance_trials,RC102,RC,RC1,0.6,2.0,1.0,0.8,False,n_coarsened,5.0
hyperparameter_for_RC.json,per_instance_trials,RC102,RC,RC1,0.6,2.0,1.0,0.8,False,num_vehicles,2.0
hyperparameter_for_RC.json,per_instance_trials,RC102,RC,RC1,0.6,2.0,1.0,0.8,False,time_window_violations,3.0
hyperparameter_for_RC.json,per_instance_trials,RC102,RC,RC1,0.6,2.0,1.0,0.8,False,total_distance,218.46422869422292
hyperparameter_for_RC.json,per_instance_trials,RC102,RC,RC1,0.4,0.5,1.0,1.0,True,computation_time,1.65
hyperparameter_for_RC.json,per_instance_trials,RC102,RC,RC1,0.4,0.5,1.0,1.0,True,n_coarsened,3.0
hyperparameter_for_RC.json,per_instance_trials,RC102,RC,RC1,0.4,0.5,1.0,1.0,True,num_vehicles,2.0
hyperparameter_for_RC.json,per_instance_trials,RC102,RC,RC1,0.4,0.5,1.0,1.0,True,time_window_violations,0.0
hyperparameter_for_RC.json,per_instance_trials,RC102,RC,RC1,0.4,0.5,1.0,1.0,True,total_distance,171.9982401388955
hyperparameter_for_RC.json,per_instance_trials,RC102,RC,RC1,0.5,1.5,0.9,1.0,False,computation_time,2.01
hyperparameter_for_RC.json,per_instance_trials,RC102,RC,RC1,0.5,1.5,0.9,1.0,False,n_coarsened,4.0
hyperparameter_for_RC.json,per_instance_trials,RC102,RC,RC1,0.5,1.5,0.9,1.0,False,num_vehicles,2.0
hyperparameter_for_RC.json,per_instance_trials,RC102,RC,RC1,0.5,1.5,0.9,1.0,False,time_window_violations,3.0
hyperparameter_for_RC.json,per_instance_trials,RC102,RC,RC1,0.5,1.5,0.9,1.0,False,total_distance,219.6431979637258
hyperparameter_for_RC.json,per_instance_trials,RC102,RC,RC1,0.5,2.0,0.9,0.4,True,computation_time,2.0
hyperparameter_for_RC.json,per_instance_trials,RC102,RC,RC1,0.5,2.0,0.9,0.4,True,n_coarsened,4.0
hyperparameter_for_RC.json,per_instance_trials,RC102,RC,RC1,0.5,2.0,0.9,0.4,True,num_vehicles,2.0
hyperparameter_for_RC.json,per_instance_trials,RC102,RC,RC1,0.5,2.0,0.9,0.4,True,time_window_violations,0.0
hyperparameter_for_RC.json,per_instance_trials,RC102,RC,RC1,0.5,2.0,0.9,0.4,True,total_distance,169.8794572898442
hyperparameter_for_RC.json,per_instance_trials,RC102,RC,RC1,0.6,0.5,0.7,0.4,False,computation_time,3.18
hyperparameter_for_RC.json,per_instance_trials,RC102,RC,RC1,0.6,0.5,0.7,0.4,False,n_coarsened,5.0
hyperparameter_for_RC.json,per_instance_trials,RC102,RC,RC1,0.6,0.5,0.7,0.4,False,num_vehicles,2.0
hyperparameter_for_RC.json,per_instance_trials,RC102,RC,RC1,0.6,0.5,0.7,0.4,False,time_window_violations,2.0
hyperparameter_for_RC.json,per_instance_trials,RC102,RC,RC1,0.6,0.5,0.7,0.4,False,total_distance,222.43059971571302
hyperparameter_for_RC.json,per_instance_trials,RC102,RC,RC1,0.7,2.0,0.5,0.2,True,computation_time,3.15
hyperparameter_for_RC.json,per_instance_trials,RC102,RC,RC1,0.7,2.0,0.5,0.2,True,n_coarsened,5.0
hyperparameter_for_RC.json,per_instance_trials,RC102,RC,RC1,0.7,2.0,0.5,0.2,True,num_vehicles,3.0
hyperparameter_for_RC.json,per_instance_trials,RC102,RC,RC1,0.7,2.0,0.5,0.2,True,time_window_violations,0.0
hyperparameter_for_RC.json,per_instance_trials,RC102,RC,RC1,0.7,2.0,0.5,0.2,True,total_distance,236.74654172281146
hyperparameter_for_RC.json,per_instance_trials,RC103,RC,RC1,0.3,2.0,0.9,0.6,True,computation_time,1.13
hyperparameter_for_RC.json,per_instance_trials,RC103,RC,RC1,0.3,2.0,0.9,0.6,True,n_coarsened,2.0
hyperparameter_for_RC.json,per_instance_trials,RC103,RC,RC1,0.3,2.0,0.9,0.6,True,num_vehicles,2.0
hyperparameter_for_RC.json,per_instance_trials,RC103,RC,RC1,0.3,2.0,0.9,0.6,True,time_window_violations,0.0
hyperparameter_for_RC.json,per_instance_trials,RC103,RC,RC1,0.3,2.0,0.9,0.6,True,total_distance,171.9982401388955
hyperparameter_for_RC.json,per_instance_trials,RC103,RC,RC1,0.8,5.0,0.3,0.6,True,computation_time,4.56
hyperparameter_for_RC.json,per_instance_trials,RC103,RC,RC1,0.8,5.0,0.3,0.6,True,n_coarsened,6.0
hyperparameter_for_RC.json,per_instance_trials,RC103,RC,RC1,0.8,5.0,0.3,0.6,True,num_vehicles,4.0
hyperparameter_for_RC.json,per_instance_trials,RC103,RC,RC1,0.8,5.0,0.3,0.6,True,time_window_violations,0.0
hyperparameter_for_RC.json,per_instance_trials,RC103,RC,RC1,0.8,5.0,0.3,0.6,True,total_distance,316.66425161937667
hyperparameter_for_RC.json,per_instance_trials,RC103,RC,RC1,0.5,5.0,0.9,0.8,False,computation_time,2.01
hyperparameter_for_RC.json,per_instance_trials,RC103,RC,RC1,0.5,5.0,0.9,0.8,False,n_coarsened,4.0
hyperparameter_for_RC.json,per_instance_trials,RC103,RC,RC1,0.5,5.0,0.9,0.8,False,num_vehicles,2.0
hyperparameter_for_RC.json,per_instance_trials,RC103,RC,RC1,0.5,5.0,0.9,0.8,False,time_window_violations,2.0
hyperparameter_for_RC.json,per_instance_trials,RC103,RC,RC1,0.5,5.0,0.9,0.8,False,total_distance,213.26097088696554
hyperparameter_for_RC.json,per_instance_trials,RC103,RC,RC1,0.6,0.5,1.0,1.0,True,computation_time,3.26
hyperparameter_for_RC.json,per_instance_trials,RC103,RC,RC1,0.6,0.5,1.0,1.0,True,n_coarsened,5.0
hyperparameter_for_RC.json,per_instance_trials,RC103,RC,RC1,0.6,0.5,1.0,1.0,True,num_vehicles,2.0
hyperparameter_for_RC.json,per_instance_trials,RC103,RC,RC1,0.6,0.5,1.0,1.0,True,time_window_violations,0.0
hyperparameter_for_RC.json,per_instance_trials,RC103,RC,RC1,0.6,0.5,1.0,1.0,True,total_distance,212.61431751084237
hyperparameter_for_RC.json,per_instance_trials,RC103,RC,RC1,0.6,5.0,0.7,1.0,True,computation_time,2.01
hyperparameter_for_RC.json,per_instance_trials,RC103,RC,RC1,0.6,5.0,0.7,1.0,True,n_coarsened,4.0
hyperparameter_for_RC.json,per_instance_trials,RC103,RC,RC1,0.6,5.0,0.7,1.0,True,num_vehicles,2.0
hyperparameter_for_RC.json,per_instance_trials,RC103,RC,RC1,0.6,5.0,0.7,1.0,True,time_window_violations,0.0
hyperparameter_for_RC.json,per_instance_trials,RC103,RC,RC1,0.6,5.0,0.7,1.0,True,total_distance,171.03599546917604
hyperparameter_for_RC.json,per_instance_trials,RC103,RC,RC1,0.8,3.0,1.0,0.8,True,computation_time,4.56
hyperparameter_for_RC.json,per_instance_trials,RC103,RC,RC1,0.8,3.0,1.0,0.8,True,n_coarsened,6.0
hyperparameter_for_RC.json,per_instance_trials,RC103,RC,RC1,0.8,3.0,1.0,0.8,True,num_vehicles,3.0
hyperparameter_for_RC.json,per_instance_trials,RC103,RC,RC1,0.8,3.0,1.0,0.8,True,time_window_violations,0.0
hyperparameter_for_RC.json,per_instance_trials,RC103,RC,RC1,0.8,3.0,1.0,0.8,True,total_distance,253.58450797923433
hyperparameter_for_RC.json,per_instance_trials,RC103,RC,RC1,0.4,3.0,0.3,0.4,False,computation_time,1.65
hyperparameter_for_RC.json,per_instance_trials,RC103,RC,RC1,0.4,3.0,0.3,0.4,False,n_coarsened,3.0
hyperparameter_for_RC.json,per_instance_trials,RC103,RC,RC1,0.4,3.0,0.3,0.4,False,num_vehicles,2.0
hyperparameter_for_RC.json,per_instance_trials,RC103,RC,RC1,0.4,3.0,0.3,0.4,False,time_window_violations,1.0
hyperparameter_for_RC.json,per_instance_trials,RC103,RC,RC1,0.4,3.0,0.3,0.4,False,total_distance,183.95839434340095
hyperparameter_for_RC.json,per_instance_trials,RC103,RC,RC1,0.6,3.0,0.3,0.2,False,computation_time,2.01
hyperparameter_for_RC.json,per_instance_trials,RC103,RC,RC1,0.6,3.0,0.3,0.2,False,n_coarsened,4.0
hyperparameter_for_RC.json,per_instance_trials,RC103,RC,RC1,0.6,3.0,0.3,0.2,False,num_vehicles,2.0
hyperparameter_for_RC.json,per_instance_trials,RC103,RC,RC1,0.6,3.0,0.3,0.2,False,time_window_violations,4.0
hyperparameter_for_RC.json,per_instance_trials,RC103,RC,RC1,0.6,3.0,0.3,0.2,False,total_distance,213.882865848231
hyperparameter_for_RC.json,per_instance_trials,RC103,RC,RC1,0.5,0.5,0.7,0.4,True,computation_time,2.01
hyperparameter_for_RC.json,per_instance_trials,RC103,RC,RC1,0.5,0.5,0.7,0.4,True,n_coarsened,4.0
hyperparameter_for_RC.json,per_instance_trials,RC103,RC,RC1,0.5,0.5,0.7,0.4,True,num_vehicles,2.0
hyperparameter_for_RC.json,per_instance_trials,RC103,RC,RC1,0.5,0.5,0.7,0.4,True,time_window_violations,0.0
hyperparameter_for_RC.json,per_instance_trials,RC103,RC,RC1,0.5,0.5,0.7,0.4,True,total_distance,169.8794572898442
hyperparameter_for_RC.json,per_instance_trials,RC103,RC,RC1,0.6,1.0,0.9,0.2,True,computation_time,2.01
hyperparameter_for_RC.json,per_instance_trials,RC103,RC,RC1,0.6,1.0,0.9,0.2,True,n_coarsened,4.0
hyperparameter_for_RC.json,per_instance_trials,RC103,RC,RC1,0.6,1.0,0.9,0.2,True,num_vehicles,2.0
hyperparameter_for_RC.json,per_instance_trials,RC103,RC,RC1,0.6,1.0,0.9,0.2,True,time_window_violations,0.0
hyperparameter_for_RC.json,per_instance_trials,RC103,RC,RC1,0.6,1.0,0.9,0.2,True,total_distance,169.8794572898442
hyperparameter_for_RC.json,per_instance_trials,RC103,RC,RC1,0.4,0.5,1.0,0.6,True,computation_time,1.65
hyperparameter_for_RC.json,per_instance_trials,RC103,RC,RC1,0.4,0.5,1.0,0.6,True,n_coarsened,3.0
hyperparameter_for_RC.json,per_instance_trials,RC103,RC,RC1,0.4,0.5,1.0,0.6,True,num_vehicles,2.0
hyperparameter_for_RC.json,per_instance_trials,RC103,RC,RC1,0.4,0.5,1.0,0.6,True,time_window_violations,0.0
hyperparameter_for_RC.json,per_instance_trials,RC103,RC,RC1,0.4,0.5,1.0,0.6,True,total_distance,171.9982401388955
hyperparameter_for_RC.json,per_instance_trials,RC103,RC,RC1,0.4,5.0,1.0,1.0,False,computation_time,1.65
hyperparameter_for_RC.json,per_instance_trials,RC103,RC,RC1,0.4,5.0,1.0,1.0,False,n_coarsened,3.0
hyperparameter_for_RC.json,per_instance_trials,RC103,RC,RC1,0.4,5.0,1.0,1.0,False,num_vehicles,2.0
hyperparameter_for_RC.json,per_instance_trials,RC103,RC,RC1,0.4,5.0,1.0,1.0,False,time_window_violations,1.0
hyperparameter_for_RC.json,per_instance_trials,RC103,RC,RC1,0.4,5.0,1.0,1.0,False,total_distance,183.95839434340095
hyperparameter_for_RC.json,per_instance_trials,RC103,RC,RC1,0.3,1.0,0.3,0.8,True,computation_time,1.13
hyperparameter_for_RC.json,per_instance_trials,RC103,RC,RC1,0.3,1.0,0.3,0.8,True,n_coarsened,2.0
hyperparameter_for_RC.json,per_instance_trials,RC103,RC,RC1,0.3,1.0,0.3,0.8,True,num_vehicles,2.0
hyperparameter_for_RC.json,per_instance_trials,RC103,RC,RC1,0.3,1.0,0.3,0.8,True,time_window_violations,0.0
hyperparameter_for_RC.json,per_instance_trials,RC103,RC,RC1,0.3,1.0,0.3,0.8,True,total_distance,171.9982401388955
hyperparameter_for_RC.json,per_instance_trials,RC103,RC,RC1,0.5,1.5,1.0,1.0,True,computation_time,2.02
hyperparameter_for_RC.json,per_instance_trials,RC103,RC,RC1,0.5,1.5,1.0,1.0,True,n_coarsened,4.0
hyperparameter_for_RC.json,per_instance_trials,RC103,RC,RC1,0.5,1.5,1.0,1.0,True,num_vehicles,2.0
hyperparameter_for_RC.json,per_instance_trials,RC103,RC,RC1,0.5,1.5,1.0,1.0,True,time_window_violations,0.0
hyperparameter_for_RC.json,per_instance_trials,RC103,RC,RC1,0.5,1.5,1.0,1.0,True,total_distance,169.8794572898442
hyperparameter_for_RC.json,per_instance_trials,RC103,RC,RC1,0.6,2.0,0.5,0.8,False,computation_time,3.16
hyperparameter_for_RC.json,per_instance_trials,RC103,RC,RC1,0.6,2.0,0.5,0.8,False,n_coarsened,5.0
hyperparameter_for_RC.json,per_instance_trials,RC103,RC,RC1,0.6,2.0,0.5,0.8,False,num_vehicles,2.0
hyperparameter_for_RC.json,per_instance_trials,RC103,RC,RC1,0.6,2.0,0.5,0.8,False,time_window_violations,3.0
hyperparameter_for_RC.json,per_instance_trials,RC103,RC,RC1,0.6,2.0,0.5,0.8,False,total_distance,224.28443418731032
hyperparameter_for_RC.json,per_instance_trials,RC103,RC,RC1,0.6,2.0,0.7,0.4,True,computation_time,3.15
hyperparameter_for_RC.json,per_instance_trials,RC103,RC,RC1,0.6,2.0,0.7,0.4,True,n_coarsened,5.0
hyperparameter_for_RC.json,per_instance_trials,RC103,RC,RC1,0.6,2.0,0.7,0.4,True,num_vehicles,2.0
hyperparameter_for_RC.json,per_instance_trials,RC103,RC,RC1,0.6,2.0,0.7,0.4,True,time_window_violations,0.0
hyperparameter_for_RC.json,per_instance_trials,RC103,RC,RC1,0.6,2.0,0.7,0.4,True,total_distance,218.52973525353363
hyperparameter_for_RC.json,per_instance_trials,RC103,RC,RC1,0.6,1.5,0.7,0.8,True,computation_time,3.16
hyperparameter_for_RC.json,per_instance_trials,RC103,RC,RC1,0.6,1.5,0.7,0.8,True,n_coarsened,5.0
hyperparameter_for_RC.json,per_instance_trials,RC103,RC,RC1,0.6,1.5,0.7,0.8,True,num_vehicles,2.0
hyperparameter_for_RC.json,per_instance_trials,RC103,RC,RC1,0.6,1.5,0.7,0.8,True,time_window_violations,0.0
hyperparameter_for_RC.json,per_instance_trials,RC103,RC,RC1,0.6,1.5,0.7,0.8,True,total_distance,169.8794572898442
hyperparameter_for_RC.json,per_instance_trials,RC103,RC,RC1,0.7,2.0,0.7,0.8,False,computation_time,3.15
hyperparameter_for_RC.json,per_instance_trials,RC103,RC,RC1,0.7,2.0,0.7,0.8,False,n_coarsened,5.0
hyperparameter_for_RC.json,per_instance_trials,RC103,RC,RC1,0.7,2.0,0.7,0.8,False,num_vehicles,2.0
hyperparameter_for_RC.json,per_instance_trials,RC103,RC,RC1,0.7,2.0,0.7,0.8,False,time_window_violations,3.0
hyperparameter_for_RC.json,per_instance_trials,RC103,RC,RC1,0.7,2.0,0.7,0.8,False,total_distance,218.6973152642205
hyperparameter_for_RC.json,per_instance_trials,RC103,RC,RC1,0.5,1.5,0.3,0.2,True,computation_time,2.01
hyperparameter_for_RC.json,per_instance_trials,RC103,RC,RC1,0.5,1.5,0.3,0.2,True,n_coarsened,4.0
hyperparameter_for_RC.json,per_instance_trials,RC103,RC,RC1,0.5,1.5,0.3,0.2,True,num_vehicles,2.0
hyperparameter_for_RC.json,per_instance_trials,RC103,RC,RC1,0.5,1.5,0.3,0.2,True,time_window_violations,0.0
hyperparameter_for_RC.json,per_instance_trials,RC103,RC,RC1,0.5,1.5,0.3,0.2,True,total_distance,169.8794572898442
hyperparameter_for_RC.json,per_instance_trials,RC103,RC,RC1,0.4,1.0,1.0,1.0,True,computation_time,1.65
hyperparameter_for_RC.json,per_instance_trials,RC103,RC,RC1,0.4,1.0,1.0,1.0,True,n_coarsened,3.0
hyperparameter_for_RC.json,per_instance_trials,RC103,RC,RC1,0.4,1.0,1.0,1.0,True,num_vehicles,2.0
hyperparameter_for_RC.json,per_instance_trials,RC103,RC,RC1,0.4,1.0,1.0,1.0,True,time_window_violations,0.0
hyperparameter_for_RC.json,per_instance_trials,RC103,RC,RC1,0.4,1.0,1.0,1.0,True,total_distance,171.9982401388955
hyperparameter_for_RC.json,per_instance_trials,RC103,RC,RC1,0.8,2.0,1.0,0.4,True,computation_time,7.55
hyperparameter_for_RC.json,per_instance_trials,RC103,RC,RC1,0.8,2.0,1.0,0.4,True,n_coarsened,7.0
hyperparameter_for_RC.json,per_instance_trials,RC103,RC,RC1,0.8,2.0,1.0,0.4,True,num_vehicles,3.0
hyperparameter_for_RC.json,per_instance_trials,RC103,RC,RC1,0.8,2.0,1.0,0.4,True,time_window_violations,0.0
hyperparameter_for_RC.json,per_instance_trials,RC103,RC,RC1,0.8,2.0,1.0,0.4,True,total_distance,295.1286208076576
hyperparameter_for_RC.json,per_instance_trials,RC103,RC,RC1,0.5,2.0,1.0,0.8,True,computation_time,2.01
hyperparameter_for_RC.json,per_instance_trials,RC103,RC,RC1,0.5,2.0,1.0,0.8,True,n_coarsened,4.0
hyperparameter_for_RC.json,per_instance_trials,RC103,RC,RC1,0.5,2.0,1.0,0.8,True,num_vehicles,2.0
hyperparameter_for_RC.json,per_instance_trials,RC103,RC,RC1,0.5,2.0,1.0,0.8,True,time_window_violations,0.0
hyperparameter_for_RC.json,per_instance_trials,RC103,RC,RC1,0.5,2.0,1.0,0.8,True,total_distance,169.8794572898442
hyperparameter_for_RC.json,per_instance_trials,RC103,RC,RC1,0.6,2.0,0.9,1.0,True,computation_time,3.15
hyperparameter_for_RC.json,per_instance_trials,RC103,RC,RC1,0.6,2.0,0.9,1.0,True,n_coarsened,5.0
hyperparameter_for_RC.json,per_instance_trials,RC103,RC,RC1,0.6,2.0,0.9,1.0,True,num_vehicles,2.0
hyperparameter_for_RC.json,per_instance_trials,RC103,RC,RC1,0.6,2.0,0.9,1.0,True,time_window_violations,0.0
hyperparameter_for_RC.json,per_instance_trials,RC103,RC,RC1,0.6,2.0,0.9,1.0,True,total_distance,176.41644282185
hyperparameter_for_RC.json,per_instance_trials,RC103,RC,RC1,0.6,3.0,0.7,0.2,True,computation_time,2.0
hyperparameter_for_RC.json,per_instance_trials,RC103,RC,RC1,0.6,3.0,0.7,0.2,True,n_coarsened,4.0
hyperparameter_for_RC.json,per_instance_trials,RC103,RC,RC1,0.6,3.0,0.7,0.2,True,num_vehicles,2.0
hyperparameter_for_RC.json,per_instance_trials,RC103,RC,RC1,0.6,3.0,0.7,0.2,True,time_window_violations,0.0
hyperparameter_for_RC.json,per_instance_trials,RC103,RC,RC1,0.6,3.0,0.7,0.2,True,total_distance,171.03599546917604
hyperparameter_for_RC.json,per_instance_trials,RC103,RC,RC1,0.8,1.5,0.7,0.4,False,computation_time,3.16
hyperparameter_for_RC.json,per_instance_trials,RC103,RC,RC1,0.8,1.5,0.7,0.4,False,n_coarsened,5.0
hyperparameter_for_RC.json,per_instance_trials,RC103,RC,RC1,0.8,1.5,0.7,0.4,False,num_vehicles,2.0
hyperparameter_for_RC.json,per_instance_trials,RC103,RC,RC1,0.8,1.5,0.7,0.4,False,time_window_violations,3.0
hyperparameter_for_RC.json,per_instance_trials,RC103,RC,RC1,0.8,1.5,0.7,0.4,False,total_distance,218.6973152642205
hyperparameter_for_RC.json,per_instance_trials,RC103,RC,RC1,0.7,2.0,0.7,1.0,True,computation_time,3.16
hyperparameter_for_RC.json,per_instance_trials,RC103,RC,RC1,0.7,2.0,0.7,1.0,True,n_coarsened,5.0
hyperparameter_for_RC.json,per_instance_trials,RC103,RC,RC1,0.7,2.0,0.7,1.0,True,num_vehicles,2.0
hyperparameter_for_RC.json,per_instance_trials,RC103,RC,RC1,0.7,2.0,0.7,1.0,True,time_window_violations,0.0
hyperparameter_for_RC.json,per_instance_trials,RC103,RC,RC1,0.7,2.0,0.7,1.0,True,total_distance,169.8794572898442
hyperparameter_for_RC.json,per_instance_trials,RC103,RC,RC1,0.5,2.0,1.0,0.6,True,computation_time,2.01
hyperparameter_for_RC.json,per_instance_trials,RC103,RC,RC1,0.5,2.0,1.0,0.6,True,n_coarsened,4.0
hyperparameter_for_RC.json,per_instance_trials,RC103,RC,RC1,0.5,2.0,1.0,0.6,True,num_vehicles,2.0
hyperparameter_for_RC.json,per_instance_trials,RC103,RC,RC1,0.5,2.0,1.0,0.6,True,time_window_violations,0.0
hyperparameter_for_RC.json,per_instance_trials,RC103,RC,RC1,0.5,2.0,1.0,0.6,True,total_distance,169.8794572898442
hyperparameter_for_RC.json,per_instance_trials,RC103,RC,RC1,0.8,1.5,0.3,0.4,True,computation_time,4.58
hyperparameter_for_RC.json,per_instance_trials,RC103,RC,RC1,0.8,1.5,0.3,0.4,True,n_coarsened,6.0
hyperparameter_for_RC.json,per_instance_trials,RC103,RC,RC1,0.8,1.5,0.3,0.4,True,num_vehicles,3.0
hyperparameter_for_RC.json,per_instance_trials,RC103,RC,RC1,0.8,1.5,0.3,0.4,True,time_window_violations,0.0
hyperparameter_for_RC.json,per_instance_trials,RC103,RC,RC1,0.8,1.5,0.3,0.4,True,total_distance,239.48834813099705
hyperparameter_for_RC.json,per_instance_trials,RC103,RC,RC1,0.6,2.0,0.3,0.8,True,computation_time,2.01
hyperparameter_for_RC.json,per_instance_trials,RC103,RC,RC1,0.6,2.0,0.3,0.8,True,n_coarsened,4.0
hyperparameter_for_RC.json,per_instance_trials,RC103,RC,RC1,0.6,2.0,0.3,0.8,True,num_vehicles,2.0
hyperparameter_for_RC.json,per_instance_trials,RC103,RC,RC1,0.6,2.0,0.3,0.8,True,time_window_violations,0.0
hyperparameter_for_RC.json,per_instance_trials,RC103,RC,RC1,0.6,2.0,0.3,0.8,True,total_distance,169.8794572898442
hyperparameter_for_RC.json,per_instance_trials,RC103,RC,RC1,0.7,5.0,0.5,0.2,True,computation_time,4.59
hyperparameter_for_RC.json,per_instance_trials,RC103,RC,RC1,0.7,5.0,0.5,0.2,True,n_coarsened,6.0
hyperparameter_for_RC.json,per_instance_trials,RC103,RC,RC1,0.7,5.0,0.5,0.2,True,num_vehicles,3.0
hyperparameter_for_RC.json,per_instance_trials,RC103,RC,RC1,0.7,5.0,0.5,0.2,True,time_window_violations,0.0
hyperparameter_for_RC.json,per_instance_trials,RC103,RC,RC1,0.7,5.0,0.5,0.2,True,total_distance,295.8006947801445
hyperparameter_for_RC.json,per_instance_trials,RC103,RC,RC1,0.8,1.5,0.9,0.6,False,computation_time,3.18
hyperparameter_for_RC.json,per_instance_trials,RC103,RC,RC1,0.8,1.5,0.9,0.6,False,n_coarsened,5.0
hyperparameter_for_RC.json,per_instance_trials,RC103,RC,RC1,0.8,1.5,0.9,0.6,False,num_vehicles,2.0
hyperparameter_for_RC.json,per_instance_trials,RC103,RC,RC1,0.8,1.5,0.9,0.6,False,time_window_violations,3.0
hyperparameter_for_RC.json,per_instance_trials,RC103,RC,RC1,0.8,1.5,0.9,0.6,False,total_distance,218.69731526422046
hyperparameter_for_RC.json,per_instance_trials,RC103,RC,RC1,0.4,2.0,0.5,0.6,True,computation_time,1.68
hyperparameter_for_RC.json,per_instance_trials,RC103,RC,RC1,0.4,2.0,0.5,0.6,True,n_coarsened,3.0
hyperparameter_for_RC.json,per_instance_trials,RC103,RC,RC1,0.4,2.0,0.5,0.6,True,num_vehicles,2.0
hyperparameter_for_RC.json,per_instance_trials,RC103,RC,RC1,0.4,2.0,0.5,0.6,True,time_window_violations,0.0
hyperparameter_for_RC.json,per_instance_trials,RC103,RC,RC1,0.4,2.0,0.5,0.6,True,total_distance,171.99824013889548
hyperparameter_for_RC.json,per_instance_trials,RC103,RC,RC1,0.3,1.0,0.7,0.4,True,computation_time,1.14
hyperparameter_for_RC.json,per_instance_trials,RC103,RC,RC1,0.3,1.0,0.7,0.4,True,n_coarsened,2.0
hyperparameter_for_RC.json,per_instance_trials,RC103,RC,RC1,0.3,1.0,0.7,0.4,True,num_vehicles,2.0
hyperparameter_for_RC.json,per_instance_trials,RC103,RC,RC1,0.3,1.0,0.7,0.4,True,time_window_violations,0.0
hyperparameter_for_RC.json,per_instance_trials,RC103,RC,RC1,0.3,1.0,0.7,0.4,True,total_distance,171.99824013889548
hyperparameter_for_RC.json,per_instance_trials,RC103,RC,RC1,0.8,3.0,0.9,0.4,True,computation_time,4.59
hyperparameter_for_RC.json,per_instance_trials,RC103,RC,RC1,0.8,3.0,0.9,0.4,True,n_coarsened,6.0
hyperparameter_for_RC.json,per_instance_trials,RC103,RC,RC1,0.8,3.0,0.9,0.4,True,num_vehicles,3.0
hyperparameter_for_RC.json,per_instance_trials,RC103,RC,RC1,0.8,3.0,0.9,0.4,True,time_window_violations,0.0
hyperparameter_for_RC.json,per_instance_trials,RC103,RC,RC1,0.8,3.0,0.9,0.4,True,total_distance,287.1767206365256
hyperparameter_for_RC.json,per_instance_trials,RC103,RC,RC1,0.6,2.0,1.0,0.8,True,computation_time,3.22
hyperparameter_for_RC.json,per_instance_trials,RC103,RC,RC1,0.6,2.0,1.0,0.8,True,n_coarsened,5.0
hyperparameter_for_RC.json,per_instance_trials,RC103,RC,RC1,0.6,2.0,1.0,0.8,True,num_vehicles,2.0
hyperparameter_for_RC.json,per_instance_trials,RC103,RC,RC1,0.6,2.0,1.0,0.8,True,time_window_violations,0.0
hyperparameter_for_RC.json,per_instance_trials,RC103,RC,RC1,0.6,2.0,1.0,0.8,True,total_distance,218.52973525353363
hyperparameter_for_RC.json,per_instance_trials,RC103,RC,RC1,0.4,0.5,1.0,1.0,True,computation_time,1.68
hyperparameter_for_RC.json,per_instance_trials,RC103,RC,RC1,0.4,0.5,1.0,1.0,True,n_coarsened,3.0
hyperparameter_for_RC.json,per_instance_trials,RC103,RC,RC1,0.4,0.5,1.0,1.0,True,num_vehicles,2.0
hyperparameter_for_RC.json,per_instance_trials,RC103,RC,RC1,0.4,0.5,1.0,1.0,True,time_window_violations,0.0
hyperparameter_for_RC.json,per_instance_trials,RC103,RC,RC1,0.4,0.5,1.0,1.0,True,total_distance,171.99824013889548
hyperparameter_for_RC.json,per_instance_trials,RC103,RC,RC1,0.5,1.5,0.9,1.0,True,computation_time,2.09
hyperparameter_for_RC.json,per_instance_trials,RC103,RC,RC1,0.5,1.5,0.9,1.0,True,n_coarsened,4.0
hyperparameter_for_RC.json,per_instance_trials,RC103,RC,RC1,0.5,1.5,0.9,1.0,True,num_vehicles,2.0
hyperparameter_for_RC.json,per_instance_trials,RC103,RC,RC1,0.5,1.5,0.9,1.0,True,time_window_violations,0.0
hyperparameter_for_RC.json,per_instance_trials,RC103,RC,RC1,0.5,1.5,0.9,1.0,True,total_distance,169.8794572898442
hyperparameter_for_RC.json,per_instance_trials,RC103,RC,RC1,0.5,2.0,0.9,0.4,True,computation_time,2.15
hyperparameter_for_RC.json,per_instance_trials,RC103,RC,RC1,0.5,2.0,0.9,0.4,True,n_coarsened,4.0
hyperparameter_for_RC.json,per_instance_trials,RC103,RC,RC1,0.5,2.0,0.9,0.4,True,num_vehicles,2.0
hyperparameter_for_RC.json,per_instance_trials,RC103,RC,RC1,0.5,2.0,0.9,0.4,True,time_window_violations,0.0
hyperparameter_for_RC.json,per_instance_trials,RC103,RC,RC1,0.5,2.0,0.9,0.4,True,total_distance,169.8794572898442
hyperparameter_for_RC.json,per_instance_trials,RC103,RC,RC1,0.6,0.5,0.7,0.4,True,computation_time,3.19
hyperparameter_for_RC.json,per_instance_trials,RC103,RC,RC1,0.6,0.5,0.7,0.4,True,n_coarsened,5.0
hyperparameter_for_RC.json,per_instance_trials,RC103,RC,RC1,0.6,0.5,0.7,0.4,True,num_vehicles,2.0
hyperparameter_for_RC.json,per_instance_trials,RC103,RC,RC1,0.6,0.5,0.7,0.4,True,time_window_violations,0.0
hyperparameter_for_RC.json,per_instance_trials,RC103,RC,RC1,0.6,0.5,0.7,0.4,True,total_distance,169.8794572898442
hyperparameter_for_RC.json,per_instance_trials,RC103,RC,RC1,0.7,2.0,0.5,0.2,True,computation_time,3.15
hyperparameter_for_RC.json,per_instance_trials,RC103,RC,RC1,0.7,2.0,0.5,0.2,True,n_coarsened,5.0
hyperparameter_for_RC.json,per_instance_trials,RC103,RC,RC1,0.7,2.0,0.5,0.2,True,num_vehicles,2.0
hyperparameter_for_RC.json,per_instance_trials,RC103,RC,RC1,0.7,2.0,0.5,0.2,True,time_window_violations,0.0
hyperparameter_for_RC.json,per_instance_trials,RC103,RC,RC1,0.7,2.0,0.5,0.2,True,total_distance,203.61201974748775
hyperparameter_for_RC.json,per_instance_trials,RC104,RC,RC1,0.3,2.0,0.9,0.6,True,computation_time,1.13
hyperparameter_for_RC.json,per_instance_trials,RC104,RC,RC1,0.3,2.0,0.9,0.6,True,n_coarsened,2.0
hyperparameter_for_RC.json,per_instance_trials,RC104,RC,RC1,0.3,2.0,0.9,0.6,True,num_vehicles,2.0
hyperparameter_for_RC.json,per_instance_trials,RC104,RC,RC1,0.3,2.0,0.9,0.6,True,time_window_violations,0.0
hyperparameter_for_RC.json,per_instance_trials,RC104,RC,RC1,0.3,2.0,0.9,0.6,True,total_distance,188.49117535306667
hyperparameter_for_RC.json,per_instance_trials,RC104,RC,RC1,0.8,5.0,0.3,0.6,True,computation_time,4.68
hyperparameter_for_RC.json,per_instance_trials,RC104,RC,RC1,0.8,5.0,0.3,0.6,True,n_coarsened,6.0
hyperparameter_for_RC.json,per_instance_trials,RC104,RC,RC1,0.8,5.0,0.3,0.6,True,num_vehicles,3.0
hyperparameter_for_RC.json,per_instance_trials,RC104,RC,RC1,0.8,5.0,0.3,0.6,True,time_window_violations,0.0
hyperparameter_for_RC.json,per_instance_trials,RC104,RC,RC1,0.8,5.0,0.3,0.6,True,total_distance,291.92118660826117
hyperparameter_for_RC.json,per_instance_trials,RC104,RC,RC1,0.5,5.0,0.9,0.8,True,computation_time,2.05
hyperparameter_for_RC.json,per_instance_trials,RC104,RC,RC1,0.5,5.0,0.9,0.8,True,n_coarsened,4.0
hyperparameter_for_RC.json,per_instance_trials,RC104,RC,RC1,0.5,5.0,0.9,0.8,True,num_vehicles,2.0
hyperparameter_for_RC.json,per_instance_trials,RC104,RC,RC1,0.5,5.0,0.9,0.8,True,time_window_violations,0.0
hyperparameter_for_RC.json,per_instance_trials,RC104,RC,RC1,0.5,5.0,0.9,0.8,True,total_distance,171.03599546917604
hyperparameter_for_RC.json,per_instance_trials,RC104,RC,RC1,0.6,0.5,1.0,1.0,True,computation_time,4.71
hyperparameter_for_RC.json,per_instance_trials,RC104,RC,RC1,0.6,0.5,1.0,1.0,True,n_coarsened,6.0
hyperparameter_for_RC.json,per_instance_trials,RC104,RC,RC1,0.6,0.5,1.0,1.0,True,num_vehicles,3.0
hyperparameter_for_RC.json,per_instance_trials,RC104,RC,RC1,0.6,0.5,1.0,1.0,True,time_window_violations,0.0
hyperparameter_for_RC.json,per_instance_trials,RC104,RC,RC1,0.6,0.5,1.0,1.0,True,total_distance,280.8652548805288
hyperparameter_for_RC.json,per_instance_trials,RC104,RC,RC1,0.6,5.0,0.7,1.0,True,computation_time,2.04
hyperparameter_for_RC.json,per_instance_trials,RC104,RC,RC1,0.6,5.0,0.7,1.0,True,n_coarsened,4.0
hyperparameter_for_RC.json,per_instance_trials,RC104,RC,RC1,0.6,5.0,0.7,1.0,True,num_vehicles,2.0
hyperparameter_for_RC.json,per_instance_trials,RC104,RC,RC1,0.6,5.0,0.7,1.0,True,time_window_violations,0.0
hyperparameter_for_RC.json,per_instance_trials,RC104,RC,RC1,0.6,5.0,0.7,1.0,True,total_distance,219.46108506783457
hyperparameter_for_RC.json,per_instance_trials,RC104,RC,RC1,0.8,3.0,1.0,0.8,True,computation_time,4.59
hyperparameter_for_RC.json,per_instance_trials,RC104,RC,RC1,0.8,3.0,1.0,0.8,True,n_coarsened,6.0
hyperparameter_for_RC.json,per_instance_trials,RC104,RC,RC1,0.8,3.0,1.0,0.8,True,num_vehicles,3.0
hyperparameter_for_RC.json,per_instance_trials,RC104,RC,RC1,0.8,3.0,1.0,0.8,True,time_window_violations,0.0
hyperparameter_for_RC.json,per_instance_trials,RC104,RC,RC1,0.8,3.0,1.0,0.8,True,total_distance,247.257664180516
hyperparameter_for_RC.json,per_instance_trials,RC104,RC,RC1,0.4,3.0,0.3,0.4,True,computation_time,1.64
hyperparameter_for_RC.json,per_instance_trials,RC104,RC,RC1,0.4,3.0,0.3,0.4,True,n_coarsened,3.0
hyperparameter_for_RC.json,per_instance_trials,RC104,RC,RC1,0.4,3.0,0.3,0.4,True,num_vehicles,2.0
hyperparameter_for_RC.json,per_instance_trials,RC104,RC,RC1,0.4,3.0,0.3,0.4,True,time_window_violations,0.0
hyperparameter_for_RC.json,per_instance_trials,RC104,RC,RC1,0.4,3.0,0.3,0.4,True,total_distance,183.95839434340095
hyperparameter_for_RC.json,per_instance_trials,RC104,RC,RC1,0.6,3.0,0.3,0.2,True,computation_time,2.04
hyperparameter_for_RC.json,per_instance_trials,RC104,RC,RC1,0.6,3.0,0.3,0.2,True,n_coarsened,4.0
hyperparameter_for_RC.json,per_instance_trials,RC104,RC,RC1,0.6,3.0,0.3,0.2,True,num_vehicles,2.0
hyperparameter_for_RC.json,per_instance_trials,RC104,RC,RC1,0.6,3.0,0.3,0.2,True,time_window_violations,0.0
hyperparameter_for_RC.json,per_instance_trials,RC104,RC,RC1,0.6,3.0,0.3,0.2,True,total_distance,219.46108506783457
hyperparameter_for_RC.json,per_instance_trials,RC104,RC,RC1,0.5,0.5,0.7,0.4,True,computation_time,4.76
hyperparameter_for_RC.json,per_instance_trials,RC104,RC,RC1,0.5,0.5,0.7,0.4,True,n_coarsened,6.0
hyperparameter_for_RC.json,per_instance_trials,RC104,RC,RC1,0.5,0.5,0.7,0.4,True,num_vehicles,3.0
hyperparameter_for_RC.json,per_instance_trials,RC104,RC,RC1,0.5,0.5,0.7,0.4,True,time_window_violations,0.0
hyperparameter_for_RC.json,per_instance_trials,RC104,RC,RC1,0.5,0.5,0.7,0.4,True,total_distance,288.9472711361076
hyperparameter_for_RC.json,per_instance_trials,RC104,RC,RC1,0.6,1.0,0.9,0.2,True,computation_time,3.23
hyperparameter_for_RC.json,per_instance_trials,RC104,RC,RC1,0.6,1.0,0.9,0.2,True,n_coarsened,5.0
hyperparameter_for_RC.json,per_instance_trials,RC104,RC,RC1,0.6,1.0,0.9,0.2,True,num_vehicles,2.0
hyperparameter_for_RC.json,per_instance_trials,RC104,RC,RC1,0.6,1.0,0.9,0.2,True,time_window_violations,0.0
hyperparameter_for_RC.json,per_instance_trials,RC104,RC,RC1,0.6,1.0,0.9,0.2,True,total_distance,226.2471319363837
hyperparameter_for_RC.json,per_instance_trials,RC104,RC,RC1,0.4,0.5,1.0,0.6,True,computation_time,4.79
hyperparameter_for_RC.json,per_instance_trials,RC104,RC,RC1,0.4,0.5,1.0,0.6,True,n_coarsened,6.0
hyperparameter_for_RC.json,per_instance_trials,RC104,RC,RC1,0.4,0.5,1.0,0.6,True,num_vehicles,3.0
hyperparameter_for_RC.json,per_instance_trials,RC104,RC,RC1,0.4,0.5,1.0,0.6,True,time_window_violations,0.0
hyperparameter_for_RC.json,per_instance_trials,RC104,RC,RC1,0.4,0.5,1.0,0.6,True,total_distance,328.8166513775867
hyperparameter_for_RC.json,per_instance_trials,RC104,RC,RC1,0.4,5.0,1.0,1.0,True,computation_time,1.65
hyperparameter_for_RC.json,per_instance_trials,RC104,RC,RC1,0.4,5.0,1.0,1.0,True,n_coarsened,3.0
hyperparameter_for_RC.json,per_instance_trials,RC104,RC,RC1,0.4,5.0,1.0,1.0,True,num_vehicles,2.0
hyperparameter_for_RC.json,per_instance_trials,RC104,RC,RC1,0.4,5.0,1.0,1.0,True,time_window_violations,0.0
hyperparameter_for_RC.json,per_instance_trials,RC104,RC,RC1,0.4,5.0,1.0,1.0,True,total_distance,183.95839434340095
hyperparameter_for_RC.json,per_instance_trials,RC104,RC,RC1,0.3,1.0,0.3,0.8,True,computation_time,1.8
hyperparameter_for_RC.json,per_instance_trials,RC104,RC,RC1,0.3,1.0,0.3,0.8,True,n_coarsened,3.0
hyperparameter_for_RC.json,per_instance_trials,RC104,RC,RC1,0.3,1.0,0.3,0.8,True,num_vehicles,2.0
hyperparameter_for_RC.json,per_instance_trials,RC104,RC,RC1,0.3,1.0,0.3,0.8,True,time_window_violations,0.0
hyperparameter_for_RC.json,per_instance_trials,RC104,RC,RC1,0.3,1.0,0.3,0.8,True,total_distance,188.49117535306664
hyperparameter_for_RC.json,per_instance_trials,RC104,RC,RC1,0.5,1.5,1.0,1.0,True,computation_time,2.03
hyperparameter_for_RC.json,per_instance_trials,RC104,RC,RC1,0.5,1.5,1.0,1.0,True,n_coarsened,4.0
hyperparameter_for_RC.json,per_instance_trials,RC104,RC,RC1,0.5,1.5,1.0,1.0,True,num_vehicles,2.0
hyperparameter_for_RC.json,per_instance_trials,RC104,RC,RC1,0.5,1.5,1.0,1.0,True,time_window_violations,0.0
hyperparameter_for_RC.json,per_instance_trials,RC104,RC,RC1,0.5,1.5,1.0,1.0,True,total_distance,226.46855677139848
hyperparameter_for_RC.json,per_instance_trials,RC104,RC,RC1,0.6,2.0,0.5,0.8,True,computation_time,3.15
hyperparameter_for_RC.json,per_instance_trials,RC104,RC,RC1,0.6,2.0,0.5,0.8,True,n_coarsened,5.0
hyperparameter_for_RC.json,per_instance_trials,RC104,RC,RC1,0.6,2.0,0.5,0.8,True,num_vehicles,2.0
hyperparameter_for_RC.json,per_instance_trials,RC104,RC,RC1,0.6,2.0,0.5,0.8,True,time_window_violations,0.0
hyperparameter_for_RC.json,per_instance_trials,RC104,RC,RC1,0.6,2.0,0.5,0.8,True,total_distance,214.3938242401818
hyperparameter_for_RC.json,per_instance_trials,RC104,RC,RC1,0.6,2.0,0.7,0.4,True,computation_time,3.15
hyperparameter_for_RC.json,per_instance_trials,RC104,RC,RC1,0.6,2.0,0.7,0.4,True,n_coarsened,5.0
hyperparameter_for_RC.json,per_instance_trials,RC104,RC,RC1,0.6,2.0,0.7,0.4,True,num_vehicles,2.0
hyperparameter_for_RC.json,per_instance_trials,RC104,RC,RC1,0.6,2.0,0.7,0.4,True,time_window_violations,0.0
hyperparameter_for_RC.json,per_instance_trials,RC104,RC,RC1,0.6,2.0,0.7,0.4,True,total_distance,188.49117535306664
hyperparameter_for_RC.json,per_instance_trials,RC104,RC,RC1,0.6,1.5,0.7,0.8,True,computation_time,3.17
hyperparameter_for_RC.json,per_instance_trials,RC104,RC,RC1,0.6,1.5,0.7,0.8,True,n_coarsened,5.0
hyperparameter_for_RC.json,per_instance_trials,RC104,RC,RC1,0.6,1.5,0.7,0.8,True,num_vehicles,2.0
hyperparameter_for_RC.json,per_instance_trials,RC104,RC,RC1,0.6,1.5,0.7,0.8,True,time_window_violations,0.0
hyperparameter_for_RC.json,per_instance_trials,RC104,RC,RC1,0.6,1.5,0.7,0.8,True,total_distance,227.16030483870267
hyperparameter_for_RC.json,per_instance_trials,RC104,RC,RC1,0.7,2.0,0.7,0.8,False,computation_time,3.18
hyperparameter_for_RC.json,per_instance_trials,RC104,RC,RC1,0.7,2.0,0.7,0.8,False,n_coarsened,5.0
hyperparameter_for_RC.json,per_instance_trials,RC104,RC,RC1,0.7,2.0,0.7,0.8,False,num_vehicles,2.0
hyperparameter_for_RC.json,per_instance_trials,RC104,RC,RC1,0.7,2.0,0.7,0.8,False,time_window_violations,1.0
hyperparameter_for_RC.json,per_instance_trials,RC104,RC,RC1,0.7,2.0,0.7,0.8,False,total_distance,181.27703207908687
hyperparameter_for_RC.json,per_instance_trials,RC104,RC,RC1,0.5,1.5,0.3,0.2,True,computation_time,2.01
hyperparameter_for_RC.json,per_instance_trials,RC104,RC,RC1,0.5,1.5,0.3,0.2,True,n_coarsened,4.0
hyperparameter_for_RC.json,per_instance_trials,RC104,RC,RC1,0.5,1.5,0.3,0.2,True,num_vehicles,2.0
hyperparameter_for_RC.json,per_instance_trials,RC104,RC,RC1,0.5,1.5,0.3,0.2,True,time_window_violations,0.0
hyperparameter_for_RC.json,per_instance_trials,RC104,RC,RC1,0.5,1.5,0.3,0.2,True,total_distance,224.84153242050854
hyperparameter_for_RC.json,per_instance_trials,RC104,RC,RC1,0.4,1.0,1.0,1.0,True,computation_time,1.65
hyperparameter_for_RC.json,per_instance_trials,RC104,RC,RC1,0.4,1.0,1.0,1.0,True,n_coarsened,3.0
hyperparameter_for_RC.json,per_instance_trials,RC104,RC,RC1,0.4,1.0,1.0,1.0,True,num_vehicles,2.0
hyperparameter_for_RC.json,per_instance_trials,RC104,RC,RC1,0.4,1.0,1.0,1.0,True,time_window_violations,0.0
hyperparameter_for_RC.json,per_instance_trials,RC104,RC,RC1,0.4,1.0,1.0,1.0,True,total_distance,188.49117535306667
hyperparameter_for_RC.json,per_instance_trials,RC104,RC,RC1,0.8,2.0,1.0,0.4,True,computation_time,7.66
hyperparameter_for_RC.json,per_instance_trials,RC104,RC,RC1,0.8,2.0,1.0,0.4,True,n_coarsened,7.0
hyperparameter_for_RC.json,per_instance_trials,RC104,RC,RC1,0.8,2.0,1.0,0.4,True,num_vehicles,3.0
hyperparameter_for_RC.json,per_instance_trials,RC104,RC,RC1,0.8,2.0,1.0,0.4,True,time_window_violations,0.0
hyperparameter_for_RC.json,per_instance_trials,RC104,RC,RC1,0.8,2.0,1.0,0.4,True,total_distance,294.72991181540004
hyperparameter_for_RC.json,per_instance_trials,RC104,RC,RC1,0.5,2.0,1.0,0.8,True,computation_time,2.07
hyperparameter_for_RC.json,per_instance_trials,RC104,RC,RC1,0.5,2.0,1.0,0.8,True,n_coarsened,4.0
hyperparameter_for_RC.json,per_instance_trials,RC104,RC,RC1,0.5,2.0,1.0,0.8,True,num_vehicles,2.0
hyperparameter_for_RC.json,per_instance_trials,RC104,RC,RC1,0.5,2.0,1.0,0.8,True,time_window_violations,0.0
hyperparameter_for_RC.json,per_instance_trials,RC104,RC,RC1,0.5,2.0,1.0,0.8,True,total_distance,214.3938242401818
hyperparameter_for_RC.json,per_instance_trials,RC104,RC,RC1,0.6,2.0,0.9,1.0,True,computation_time,3.17
hyperparameter_for_RC.json,per_instance_trials,RC104,RC,RC1,0.6,2.0,0.9,1.0,True,n_coarsened,5.0
hyperparameter_for_RC.json,per_instance_trials,RC104,RC,RC1,0.6,2.0,0.9,1.0,True,num_vehicles,2.0
hyperparameter_for_RC.json,per_instance_trials,RC104,RC,RC1,0.6,2.0,0.9,1.0,True,time_window_violations,0.0
hyperparameter_for_RC.json,per_instance_trials,RC104,RC,RC1,0.6,2.0,0.9,1.0,True,total_distance,250.21997075098867
hyperparameter_for_RC.json,per_instance_trials,RC104,RC,RC1,0.6,3.0,0.7,0.2,True,computation_time,2.03
hyperparameter_for_RC.json,per_instance_trials,RC104,RC,RC1,0.6,3.0,0.7,0.2,True,n_coarsened,4.0
hyperparameter_for_RC.json,per_instance_trials,RC104,RC,RC1,0.6,3.0,0.7,0.2,True,num_vehicles,2.0
hyperparameter_for_RC.json,per_instance_trials,RC104,RC,RC1,0.6,3.0,0.7,0.2,True,time_window_violations,0.0
hyperparameter_for_RC.json,per_instance_trials,RC104,RC,RC1,0.6,3.0,0.7,0.2,True,total_distance,219.54068369724695
hyperparameter_for_RC.json,per_instance_trials,RC104,RC,RC1,0.8,1.5,0.7,0.4,True,computation_time,7.52
hyperparameter_for_RC.json,per_instance_trials,RC104,RC,RC1,0.8,1.5,0.7,0.4,True,n_coarsened,7.0
hyperparameter_for_RC.json,per_instance_trials,RC104,RC,RC1,0.8,1.5,0.7,0.4,True,num_vehicles,3.0
hyperparameter_for_RC.json,per_instance_trials,RC104,RC,RC1,0.8,1.5,0.7,0.4,True,time_window_violations,0.0
hyperparameter_for_RC.json,per_instance_trials,RC104,RC,RC1,0.8,1.5,0.7,0.4,True,total_distance,291.7006348562415
hyperparameter_for_RC.json,per_instance_trials,RC104,RC,RC1,0.7,2.0,0.7,1.0,True,computation_time,3.15
hyperparameter_for_RC.json,per_instance_trials,RC104,RC,RC1,0.7,2.0,0.7,1.0,True,n_coarsened,5.0
hyperparameter_for_RC.json,per_instance_trials,RC104,RC,RC1,0.7,2.0,0.7,1.0,True,num_vehicles,2.0
hyperparameter_for_RC.json,per_instance_trials,RC104,RC,RC1,0.7,2.0,0.7,1.0,True,time_window_violations,0.0
hyperparameter_for_RC.json,per_instance_trials,RC104,RC,RC1,0.7,2.0,0.7,1.0,True,total_distance,219.1009255568335
hyperparameter_for_RC.json,per_instance_trials,RC104,RC,RC1,0.5,2.0,1.0,0.6,True,computation_time,2.0
hyperparameter_for_RC.json,per_instance_trials,RC104,RC,RC1,0.5,2.0,1.0,0.6,True,n_coarsened,4.0
hyperparameter_for_RC.json,per_instance_trials,RC104,RC,RC1,0.5,2.0,1.0,0.6,True,num_vehicles,2.0
hyperparameter_for_RC.json,per_instance_trials,RC104,RC,RC1,0.5,2.0,1.0,0.6,True,time_window_violations,0.0
hyperparameter_for_RC.json,per_instance_trials,RC104,RC,RC1,0.5,2.0,1.0,0.6,True,total_distance,224.92113104992086
hyperparameter_for_RC.json,per_instance_trials,RC104,RC,RC1,0.8,1.5,0.3,0.4,True,computation_time,7.6
hyperparameter_for_RC.json,per_instance_trials,RC104,RC,RC1,0.8,1.5,0.3,0.4,True,n_coarsened,7.0
hyperparameter_for_RC.json,per_instance_trials,RC104,RC,RC1,0.8,1.5,0.3,0.4,True,num_vehicles,2.0
hyperparameter_for_RC.json,per_instance_trials,RC104,RC,RC1,0.8,1.5,0.3,0.4,True,time_window_violations,0.0
hyperparameter_for_RC.json,per_instance_trials,RC104,RC,RC1,0.8,1.5,0.3,0.4,True,total_distance,195.68180485871093
hyperparameter_for_RC.json,per_instance_trials,RC104,RC,RC1,0.6,2.0,0.3,0.8,True,computation_time,3.16
hyperparameter_for_RC.json,per_instance_trials,RC104,RC,RC1,0.6,2.0,0.3,0.8,True,n_coarsened,5.0
hyperparameter_for_RC.json,per_instance_trials,RC104,RC,RC1,0.6,2.0,0.3,0.8,True,num_vehicles,2.0
hyperparameter_for_RC.json,per_instance_trials,RC104,RC,RC1,0.6,2.0,0.3,0.8,True,time_window_violations,0.0
hyperparameter_for_RC.json,per_instance_trials,RC104,RC,RC1,0.6,2.0,0.3,0.8,True,total_distance,203.61201974748778
hyperparameter_for_RC.json,per_instance_trials,RC104,RC,RC1,0.7,5.0,0.5,0.2,True,computation_time,4.56
hyperparameter_for_RC.json,per_instance_trials,RC104,RC,RC1,0.7,5.0,0.5,0.2,True,n_coarsened,6.0
hyperparameter_for_RC.json,per_instance_trials,RC104,RC,RC1,0.7,5.0,0.5,0.2,True,num_vehicles,3.0
hyperparameter_for_RC.json,per_instance_trials,RC104,RC,RC1,0.7,5.0,0.5,0.2,True,time_window_violations,0.0
hyperparameter_for_RC.json,per_instance_trials,RC104,RC,RC1,0.7,5.0,0.5,0.2,True,total_distance,280.1589541893593
hyperparameter_for_RC.json,per_instance_trials,RC104,RC,RC1,0.8,1.5,0.9,0.6,True,computation_time,7.51
hyperparameter_for_RC.json,per_instance_trials,RC104,RC,RC1,0.8,1.5,0.9,0.6,True,n_coarsened,7.0
hyperparameter_for_RC.json,per_instance_trials,RC104,RC,RC1,0.8,1.5,0.9,0.6,True,num_vehicles,2.0
hyperparameter_for_RC.json,per_instance_trials,RC104,RC,RC1,0.8,1.5,0.9,0.6,True,time_window_violations,0.0
hyperparameter_for_RC.json,per_instance_trials,RC104,RC,RC1,0.8,1.5,0.9,0.6,True,total_distance,247.33533140750941
hyperparameter_for_RC.json,per_instance_trials,RC104,RC,RC1,0.4,2.0,0.5,0.6,True,computation_time,1.65
hyperparameter_for_RC.json,per_instance_trials,RC104,RC,RC1,0.4,2.0,0.5,0.6,True,n_coarsened,3.0
hyperparameter_for_RC.json,per_instance_trials,RC104,RC,RC1,0.4,2.0,0.5,0.6,True,num_vehicles,2.0
hyperparameter_for_RC.json,per_instance_trials,RC104,RC,RC1,0.4,2.0,0.5,0.6,True,time_window_violations,0.0
hyperparameter_for_RC.json,per_instance_trials,RC104,RC,RC1,0.4,2.0,0.5,0.6,True,total_distance,188.49117535306667
hyperparameter_for_RC.json,per_instance_trials,RC104,RC,RC1,0.3,1.0,0.7,0.4,True,computation_time,1.13
hyperparameter_for_RC.json,per_instance_trials,RC104,RC,RC1,0.3,1.0,0.7,0.4,True,n_coarsened,2.0
hyperparameter_for_RC.json,per_instance_trials,RC104,RC,RC1,0.3,1.0,0.7,0.4,True,num_vehicles,2.0
hyperparameter_for_RC.json,per_instance_trials,RC104,RC,RC1,0.3,1.0,0.7,0.4,True,time_window_violations,0.0
hyperparameter_for_RC.json,per_instance_trials,RC104,RC,RC1,0.3,1.0,0.7,0.4,True,total_distance,188.49117535306667
hyperparameter_for_RC.json,per_instance_trials,RC104,RC,RC1,0.8,3.0,0.9,0.4,True,computation_time,4.59
hyperparameter_for_RC.json,per_instance_trials,RC104,RC,RC1,0.8,3.0,0.9,0.4,True,n_coarsened,6.0
hyperparameter_for_RC.json,per_instance_trials,RC104,RC,RC1,0.8,3.0,0.9,0.4,True,num_vehicles,2.0
hyperparameter_for_RC.json,per_instance_trials,RC104,RC,RC1,0.8,3.0,0.9,0.4,True,time_window_violations,0.0
hyperparameter_for_RC.json,per_instance_trials,RC104,RC,RC1,0.8,3.0,0.9,0.4,True,total_distance,221.29117100444233
hyperparameter_for_RC.json,per_instance_trials,RC104,RC,RC1,0.6,2.0,1.0,0.8,True,computation_time,3.17
hyperparameter_for_RC.json,per_instance_trials,RC104,RC,RC1,0.6,2.0,1.0,0.8,True,n_coarsened,5.0
hyperparameter_for_RC.json,per_instance_trials,RC104,RC,RC1,0.6,2.0,1.0,0.8,True,num_vehicles,2.0
hyperparameter_for_RC.json,per_instance_trials,RC104,RC,RC1,0.6,2.0,1.0,0.8,True,time_window_violations,0.0
hyperparameter_for_RC.json,per_instance_trials,RC104,RC,RC1,0.6,2.0,1.0,0.8,True,total_distance,203.6120197474878
hyperparameter_for_RC.json,per_instance_trials,RC104,RC,RC1,0.4,0.5,1.0,1.0,True,computation_time,4.68
hyperparameter_for_RC.json,per_instance_trials,RC104,RC,RC1,0.4,0.5,1.0,1.0,True,n_coarsened,6.0
hyperparameter_for_RC.json,per_instance_trials,RC104,RC,RC1,0.4,0.5,1.0,1.0,True,num_vehicles,3.0
hyperparameter_for_RC.json,per_instance_trials,RC104,RC,RC1,0.4,0.5,1.0,1.0,True,time_window_violations,0.0
hyperparameter_for_RC.json,per_instance_trials,RC104,RC,RC1,0.4,0.5,1.0,1.0,True,total_distance,277.425226246047
hyperparameter_for_RC.json,per_instance_trials,RC104,RC,RC1,0.5,1.5,0.9,1.0,True,computation_time,2.03
hyperparameter_for_RC.json,per_instance_trials,RC104,RC,RC1,0.5,1.5,0.9,1.0,True,n_coarsened,4.0
hyperparameter_for_RC.json,per_instance_trials,RC104,RC,RC1,0.5,1.5,0.9,1.0,True,num_vehicles,2.0
hyperparameter_for_RC.json,per_instance_trials,RC104,RC,RC1,0.5,1.5,0.9,1.0,True,time_window_violations,0.0
hyperparameter_for_RC.json,per_instance_trials,RC104,RC,RC1,0.5,1.5,0.9,1.0,True,total_distance,224.92113104992092
hyperparameter_for_RC.json,per_instance_trials,RC104,RC,RC1,0.5,2.0,0.9,0.4,True,computation_time,2.02
hyperparameter_for_RC.json,per_instance_trials,RC104,RC,RC1,0.5,2.0,0.9,0.4,True,n_coarsened,4.0
hyperparameter_for_RC.json,per_instance_trials,RC104,RC,RC1,0.5,2.0,0.9,0.4,True,num_vehicles,2.0
hyperparameter_for_RC.json,per_instance_trials,RC104,RC,RC1,0.5,2.0,0.9,0.4,True,time_window_violations,0.0
hyperparameter_for_RC.json,per_instance_trials,RC104,RC,RC1,0.5,2.0,0.9,0.4,True,total_distance,176.41644282184998
hyperparameter_for_RC.json,per_instance_trials,RC104,RC,RC1,0.6,0.5,0.7,0.4,True,computation_time,4.67
hyperparameter_for_RC.json,per_instance_trials,RC104,RC,RC1,0.6,0.5,0.7,0.4,True,n_coarsened,6.0
hyperparameter_for_RC.json,per_instance_trials,RC104,RC,RC1,0.6,0.5,0.7,0.4,True,num_vehicles,2.0
hyperparameter_for_RC.json,per_instance_trials,RC104,RC,RC1,0.6,0.5,0.7,0.4,True,time_window_violations,0.0
hyperparameter_for_RC.json,per_instance_trials,RC104,RC,RC1,0.6,0.5,0.7,0.4,True,total_distance,211.03874013467984
hyperparameter_for_RC.json,per_instance_trials,RC104,RC,RC1,0.7,2.0,0.5,0.2,True,computation_time,3.15
hyperparameter_for_RC.json,per_instance_trials,RC104,RC,RC1,0.7,2.0,0.5,0.2,True,n_coarsened,5.0
hyperparameter_for_RC.json,per_instance_trials,RC104,RC,RC1,0.7,2.0,0.5,0.2,True,num_vehicles,2.0
hyperparameter_for_RC.json,per_instance_trials,RC104,RC,RC1,0.7,2.0,0.5,0.2,True,time_window_violations,0.0
hyperparameter_for_RC.json,per_instance_trials,RC104,RC,RC1,0.7,2.0,0.5,0.2,True,total_distance,216.90271090264366
hyperparameter_for_RC.json,per_instance_trials,RC105,RC,RC1,0.3,2.0,0.9,0.6,False,computation_time,1.64
hyperparameter_for_RC.json,per_instance_trials,RC105,RC,RC1,0.3,2.0,0.9,0.6,False,n_coarsened,3.0
hyperparameter_for_RC.json,per_instance_trials,RC105,RC,RC1,0.3,2.0,0.9,0.6,False,num_vehicles,2.0
hyperparameter_for_RC.json,per_instance_trials,RC105,RC,RC1,0.3,2.0,0.9,0.6,False,time_window_violations,2.0
hyperparameter_for_RC.json,per_instance_trials,RC105,RC,RC1,0.3,2.0,0.9,0.6,False,total_distance,171.9982401388955
hyperparameter_for_RC.json,per_instance_trials,RC105,RC,RC1,0.8,5.0,0.3,0.6,False,computation_time,3.22
hyperparameter_for_RC.json,per_instance_trials,RC105,RC,RC1,0.8,5.0,0.3,0.6,False,n_coarsened,5.0
hyperparameter_for_RC.json,per_instance_trials,RC105,RC,RC1,0.8,5.0,0.3,0.6,False,num_vehicles,2.0
hyperparameter_for_RC.json,per_instance_trials,RC105,RC,RC1,0.8,5.0,0.3,0.6,False,time_window_violations,2.0
hyperparameter_for_RC.json,per_instance_trials,RC105,RC,RC1,0.8,5.0,0.3,0.6,False,total_distance,204.80382757942985
hyperparameter_for_RC.json,per_instance_trials,RC105,RC,RC1,0.5,5.0,0.9,0.8,False,computation_time,2.04
hyperparameter_for_RC.json,per_instance_trials,RC105,RC,RC1,0.5,5.0,0.9,0.8,False,n_coarsened,4.0
hyperparameter_for_RC.json,per_instance_trials,RC105,RC,RC1,0.5,5.0,0.9,0.8,False,num_vehicles,2.0
hyperparameter_for_RC.json,per_instance_trials,RC105,RC,RC1,0.5,5.0,0.9,0.8,False,time_window_violations,2.0
hyperparameter_for_RC.json,per_instance_trials,RC105,RC,RC1,0.5,5.0,0.9,0.8,False,total_distance,210.37608901666565
hyperparameter_for_RC.json,per_instance_trials,RC105,RC,RC1,0.6,0.5,1.0,1.0,False,computation_time,7.59
hyperparameter_for_RC.json,per_instance_trials,RC105,RC,RC1,0.6,0.5,1.0,1.0,False,n_coarsened,7.0
hyperparameter_for_RC.json,per_instance_trials,RC105,RC,RC1,0.6,0.5,1.0,1.0,False,num_vehicles,2.0
hyperparameter_for_RC.json,per_instance_trials,RC105,RC,RC1,0.6,0.5,1.0,1.0,False,time_window_violations,4.0
hyperparameter_for_RC.json,per_instance_trials,RC105,RC,RC1,0.6,0.5,1.0,1.0,False,total_distance,282.0848910848851
hyperparameter_for_RC.json,per_instance_trials,RC105,RC,RC1,0.6,5.0,0.7,1.0,False,computation_time,3.17
hyperparameter_for_RC.json,per_instance_trials,RC105,RC,RC1,0.6,5.0,0.7,1.0,False,n_coarsened,5.0
hyperparameter_for_RC.json,per_instance_trials,RC105,RC,RC1,0.6,5.0,0.7,1.0,False,num_vehicles,2.0
hyperparameter_for_RC.json,per_instance_trials,RC105,RC,RC1,0.6,5.0,0.7,1.0,False,time_window_violations,3.0
hyperparameter_for_RC.json,per_instance_trials,RC105,RC,RC1,0.6,5.0,0.7,1.0,False,total_distance,240.3183237631434
hyperparameter_for_RC.json,per_instance_trials,RC105,RC,RC1,0.8,3.0,1.0,0.8,True,computation_time,7.38
hyperparameter_for_RC.json,per_instance_trials,RC105,RC,RC1,0.8,3.0,1.0,0.8,True,n_coarsened,7.0
hyperparameter_for_RC.json,per_instance_trials,RC105,RC,RC1,0.8,3.0,1.0,0.8,True,num_vehicles,3.0
hyperparameter_for_RC.json,per_instance_trials,RC105,RC,RC1,0.8,3.0,1.0,0.8,True,time_window_violations,0.0
hyperparameter_for_RC.json,per_instance_trials,RC105,RC,RC1,0.8,3.0,1.0,0.8,True,total_distance,288.183335590577
hyperparameter_for_RC.json,per_instance_trials,RC105,RC,RC1,0.4,3.0,0.3,0.4,False,computation_time,1.68
hyperparameter_for_RC.json,per_instance_trials,RC105,RC,RC1,0.4,3.0,0.3,0.4,False,n_coarsened,3.0
hyperparameter_for_RC.json,per_instance_trials,RC105,RC,RC1,0.4,3.0,0.3,0.4,False,num_vehicles,2.0
hyperparameter_for_RC.json,per_instance_trials,RC105,RC,RC1,0.4,3.0,0.3,0.4,False,time_window_violations,2.0
hyperparameter_for_RC.json,per_instance_trials,RC105,RC,RC1,0.4,3.0,0.3,0.4,False,total_distance,172.08682017901185
hyperparameter_for_RC.json,per_instance_trials,RC105,RC,RC1,0.6,3.0,0.3,0.2,True,computation_time,3.13
hyperparameter_for_RC.json,per_instance_trials,RC105,RC,RC1,0.6,3.0,0.3,0.2,True,n_coarsened,5.0
hyperparameter_for_RC.json,per_instance_trials,RC105,RC,RC1,0.6,3.0,0.3,0.2,True,num_vehicles,3.0
hyperparameter_for_RC.json,per_instance_trials,RC105,RC,RC1,0.6,3.0,0.3,0.2,True,time_window_violations,0.0
hyperparameter_for_RC.json,per_instance_trials,RC105,RC,RC1,0.6,3.0,0.3,0.2,True,total_distance,246.382553863279
hyperparameter_for_RC.json,per_instance_trials,RC105,RC,RC1,0.5,0.5,0.7,0.4,False,computation_time,7.55
hyperparameter_for_RC.json,per_instance_trials,RC105,RC,RC1,0.5,0.5,0.7,0.4,False,n_coarsened,7.0
hyperparameter_for_RC.json,per_instance_trials,RC105,RC,RC1,0.5,0.5,0.7,0.4,False,num_vehicles,2.0
hyperparameter_for_RC.json,per_instance_trials,RC105,RC,RC1,0.5,0.5,0.7,0.4,False,time_window_violations,4.0
hyperparameter_for_RC.json,per_instance_trials,RC105,RC,RC1,0.5,0.5,0.7,0.4,False,total_distance,294.39602432888495
hyperparameter_for_RC.json,per_instance_trials,RC105,RC,RC1,0.6,1.0,0.9,0.2,False,computation_time,3.33
hyperparameter_for_RC.json,per_instance_trials,RC105,RC,RC1,0.6,1.0,0.9,0.2,False,n_coarsened,5.0
hyperparameter_for_RC.json,per_instance_trials,RC105,RC,RC1,0.6,1.0,0.9,0.2,False,num_vehicles,2.0
hyperparameter_for_RC.json,per_instance_trials,RC105,RC,RC1,0.6,1.0,0.9,0.2,False,time_window_violations,2.0
hyperparameter_for_RC.json,per_instance_trials,RC105,RC,RC1,0.6,1.0,0.9,0.2,False,total_distance,220.6378520846357
hyperparameter_for_RC.json,per_instance_trials,RC105,RC,RC1,0.4,0.5,1.0,0.6,True,computation_time,7.56
hyperparameter_for_RC.json,per_instance_trials,RC105,RC,RC1,0.4,0.5,1.0,0.6,True,n_coarsened,7.0
hyperparameter_for_RC.json,per_instance_trials,RC105,RC,RC1,0.4,0.5,1.0,0.6,True,num_vehicles,3.0
hyperparameter_for_RC.json,per_instance_trials,RC105,RC,RC1,0.4,0.5,1.0,0.6,True,time_window_violations,0.0
hyperparameter_for_RC.json,per_instance_trials,RC105,RC,RC1,0.4,0.5,1.0,0.6,True,total_distance,291.1864449248894
hyperparameter_for_RC.json,per_instance_trials,RC105,RC,RC1,0.4,5.0,1.0,1.0,False,computation_time,1.65
hyperparameter_for_RC.json,per_instance_trials,RC105,RC,RC1,0.4,5.0,1.0,1.0,False,n_coarsened,3.0
hyperparameter_for_RC.json,per_instance_trials,RC105,RC,RC1,0.4,5.0,1.0,1.0,False,num_vehicles,2.0
hyperparameter_for_RC.json,per_instance_trials,RC105,RC,RC1,0.4,5.0,1.0,1.0,False,time_window_violations,2.0
hyperparameter_for_RC.json,per_instance_trials,RC105,RC,RC1,0.4,5.0,1.0,1.0,False,total_distance,172.08682017901185
hyperparameter_for_RC.json,per_instance_trials,RC105,RC,RC1,0.3,1.0,0.3,0.8,False,computation_time,4.8
hyperparameter_for_RC.json,per_instance_trials,RC105,RC,RC1,0.3,1.0,0.3,0.8,False,n_coarsened,6.0
hyperparameter_for_RC.json,per_instance_trials,RC105,RC,RC1,0.3,1.0,0.3,0.8,False,num_vehicles,3.0
hyperparameter_for_RC.json,per_instance_trials,RC105,RC,RC1,0.3,1.0,0.3,0.8,False,time_window_violations,2.0
hyperparameter_for_RC.json,per_instance_trials,RC105,RC,RC1,0.3,1.0,0.3,0.8,False,total_distance,328.3004773623633
hyperparameter_for_RC.json,per_instance_trials,RC105,RC,RC1,0.5,1.5,1.0,1.0,False,computation_time,2.05
hyperparameter_for_RC.json,per_instance_trials,RC105,RC,RC1,0.5,1.5,1.0,1.0,False,n_coarsened,4.0
hyperparameter_for_RC.json,per_instance_trials,RC105,RC,RC1,0.5,1.5,1.0,1.0,False,num_vehicles,2.0
hyperparameter_for_RC.json,per_instance_trials,RC105,RC,RC1,0.5,1.5,1.0,1.0,False,time_window_violations,5.0
hyperparameter_for_RC.json,per_instance_trials,RC105,RC,RC1,0.5,1.5,1.0,1.0,False,total_distance,211.24876290844776
hyperparameter_for_RC.json,per_instance_trials,RC105,RC,RC1,0.6,2.0,0.5,0.8,False,computation_time,3.27
hyperparameter_for_RC.json,per_instance_trials,RC105,RC,RC1,0.6,2.0,0.5,0.8,False,n_coarsened,5.0
hyperparameter_for_RC.json,per_instance_trials,RC105,RC,RC1,0.6,2.0,0.5,0.8,False,num_vehicles,2.0
hyperparameter_for_RC.json,per_instance_trials,RC105,RC,RC1,0.6,2.0,0.5,0.8,False,time_window_violations,4.0
hyperparameter_for_RC.json,per_instance_trials,RC105,RC,RC1,0.6,2.0,0.5,0.8,False,total_distance,177.0439966852728
hyperparameter_for_RC.json,per_instance_trials,RC105,RC,RC1,0.6,2.0,0.7,0.4,True,computation_time,3.34
hyperparameter_for_RC.json,per_instance_trials,RC105,RC,RC1,0.6,2.0,0.7,0.4,True,n_coarsened,5.0
hyperparameter_for_RC.json,per_instance_trials,RC105,RC,RC1,0.6,2.0,0.7,0.4,True,num_vehicles,3.0
hyperparameter_for_RC.json,per_instance_trials,RC105,RC,RC1,0.6,2.0,0.7,0.4,True,time_window_violations,0.0
hyperparameter_for_RC.json,per_instance_trials,RC105,RC,RC1,0.6,2.0,0.7,0.4,True,total_distance,241.81843286000438
hyperparameter_for_RC.json,per_instance_trials,RC105,RC,RC1,0.6,1.5,0.7,0.8,False,computation_time,3.34
hyperparameter_for_RC.json,per_instance_trials,RC105,RC,RC1,0.6,1.5,0.7,0.8,False,n_coarsened,5.0
hyperparameter_for_RC.json,per_instance_trials,RC105,RC,RC1,0.6,1.5,0.7,0.8,False,num_vehicles,2.0
hyperparameter_for_RC.json,per_instance_trials,RC105,RC,RC1,0.6,1.5,0.7,0.8,False,time_window_violations,2.0
hyperparameter_for_RC.json,per_instance_trials,RC105,RC,RC1,0.6,1.5,0.7,0.8,False,total_distance,246.16339229744048
hyperparameter_for_RC.json,per_instance_trials,RC105,RC,RC1,0.7,2.0,0.7,0.8,True,computation_time,4.76
hyperparameter_for_RC.json,per_instance_trials,RC105,RC,RC1,0.7,2.0,0.7,0.8,True,n_coarsened,6.0
hyperparameter_for_RC.json,per_instance_trials,RC105,RC,RC1,0.7,2.0,0.7,0.8,True,num_vehicles,3.0
hyperparameter_for_RC.json,per_instance_trials,RC105,RC,RC1,0.7,2.0,0.7,0.8,True,time_window_violations,0.0
hyperparameter_for_RC.json,per_instance_trials,RC105,RC,RC1,0.7,2.0,0.7,0.8,True,total_distance,244.3533055563576
hyperparameter_for_RC.json,per_instance_trials,RC105,RC,RC1,0.5,1.5,0.3,0.2,False,computation_time,2.0
hyperparameter_for_RC.json,per_instance_trials,RC105,RC,RC1,0.5,1.5,0.3,0.2,False,n_coarsened,4.0
hyperparameter_for_RC.json,per_instance_trials,RC105,RC,RC1,0.5,1.5,0.3,0.2,False,num_vehicles,2.0
hyperparameter_for_RC.json,per_instance_trials,RC105,RC,RC1,0.5,1.5,0.3,0.2,False,time_window_violations,5.0
hyperparameter_for_RC.json,per_instance_trials,RC105,RC,RC1,0.5,1.5,0.3,0.2,False,total_distance,211.24876290844776
hyperparameter_for_RC.json,per_instance_trials,RC105,RC,RC1,0.4,1.0,1.0,1.0,True,computation_time,4.78
hyperparameter_for_RC.json,per_instance_trials,RC105,RC,RC1,0.4,1.0,1.0,1.0,True,n_coarsened,6.0
hyperparameter_for_RC.json,per_instance_trials,RC105,RC,RC1,0.4,1.0,1.0,1.0,True,num_vehicles,3.0
hyperparameter_for_RC.json,per_instance_trials,RC105,RC,RC1,0.4,1.0,1.0,1.0,True,time_window_violations,0.0
hyperparameter_for_RC.json,per_instance_trials,RC105,RC,RC1,0.4,1.0,1.0,1.0,True,total_distance,313.2267027695345
hyperparameter_for_RC.json,per_instance_trials,RC105,RC,RC1,0.8,2.0,1.0,0.4,False,computation_time,3.41
hyperparameter_for_RC.json,per_instance_trials,RC105,RC,RC1,0.8,2.0,1.0,0.4,False,n_coarsened,5.0
hyperparameter_for_RC.json,per_instance_trials,RC105,RC,RC1,0.8,2.0,1.0,0.4,False,num_vehicles,2.0
hyperparameter_for_RC.json,per_instance_trials,RC105,RC,RC1,0.8,2.0,1.0,0.4,False,time_window_violations,3.0
hyperparameter_for_RC.json,per_instance_trials,RC105,RC,RC1,0.8,2.0,1.0,0.4,False,total_distance,224.45438430530643
hyperparameter_for_RC.json,per_instance_trials,RC105,RC,RC1,0.5,2.0,1.0,0.8,False,computation_time,2.0
hyperparameter_for_RC.json,per_instance_trials,RC105,RC,RC1,0.5,2.0,1.0,0.8,False,n_coarsened,4.0
hyperparameter_for_RC.json,per_instance_trials,RC105,RC,RC1,0.5,2.0,1.0,0.8,False,num_vehicles,2.0
hyperparameter_for_RC.json,per_instance_trials,RC105,RC,RC1,0.5,2.0,1.0,0.8,False,time_window_violations,3.0
hyperparameter_for_RC.json,per_instance_trials,RC105,RC,RC1,0.5,2.0,1.0,0.8,False,total_distance,222.1931465009084
hyperparameter_for_RC.json,per_instance_trials,RC105,RC,RC1,0.6,2.0,0.9,1.0,True,computation_time,3.25
hyperparameter_for_RC.json,per_instance_trials,RC105,RC,RC1,0.6,2.0,0.9,1.0,True,n_coarsened,5.0
hyperparameter_for_RC.json,per_instance_trials,RC105,RC,RC1,0.6,2.0,0.9,1.0,True,num_vehicles,3.0
hyperparameter_for_RC.json,per_instance_trials,RC105,RC,RC1,0.6,2.0,0.9,1.0,True,time_window_violations,0.0
hyperparameter_for_RC.json,per_instance_trials,RC105,RC,RC1,0.6,2.0,0.9,1.0,True,total_distance,241.61149914817202
hyperparameter_for_RC.json,per_instance_trials,RC105,RC,RC1,0.6,3.0,0.7,0.2,True,computation_time,3.17
hyperparameter_for_RC.json,per_instance_trials,RC105,RC,RC1,0.6,3.0,0.7,0.2,True,n_coarsened,5.0
hyperparameter_for_RC.json,per_instance_trials,RC105,RC,RC1,0.6,3.0,0.7,0.2,True,num_vehicles,3.0
hyperparameter_for_RC.json,per_instance_trials,RC105,RC,RC1,0.6,3.0,0.7,0.2,True,time_window_violations,0.0
hyperparameter_for_RC.json,per_instance_trials,RC105,RC,RC1,0.6,3.0,0.7,0.2,True,total_distance,245.30317216527357
hyperparameter_for_RC.json,per_instance_trials,RC105,RC,RC1,0.8,1.5,0.7,0.4,True,computation_time,4.74
hyperparameter_for_RC.json,per_instance_trials,RC105,RC,RC1,0.8,1.5,0.7,0.4,True,n_coarsened,6.0
hyperparameter_for_RC.json,per_instance_trials,RC105,RC,RC1,0.8,1.5,0.7,0.4,True,num_vehicles,3.0
hyperparameter_for_RC.json,per_instance_trials,RC105,RC,RC1,0.8,1.5,0.7,0.4,True,time_window_violations,0.0
hyperparameter_for_RC.json,per_instance_trials,RC105,RC,RC1,0.8,1.5,0.7,0.4,True,total_distance,241.81843286000438
hyperparameter_for_RC.json,per_instance_trials,RC105,RC,RC1,0.7,2.0,0.7,1.0,True,computation_time,4.73
hyperparameter_for_RC.json,per_instance_trials,RC105,RC,RC1,0.7,2.0,0.7,1.0,True,n_coarsened,6.0
hyperparameter_for_RC.json,per_instance_trials,RC105,RC,RC1,0.7,2.0,0.7,1.0,True,num_vehicles,4.0
hyperparameter_for_RC.json,per_instance_trials,RC105,RC,RC1,0.7,2.0,0.7,1.0,True,time_window_violations,0.0
hyperparameter_for_RC.json,per_instance_trials,RC105,RC,RC1,0.7,2.0,0.7,1.0,True,total_distance,301.77529541235265
hyperparameter_for_RC.json,per_instance_trials,RC105,RC,RC1,0.5,2.0,1.0,0.6,False,computation_time,2.0
hyperparameter_for_RC.json,per_instance_trials,RC105,RC,RC1,0.5,2.0,1.0,0.6,False,n_coarsened,4.0
hyperparameter_for_RC.json,per_instance_trials,RC105,RC,RC1,0.5,2.0,1.0,0.6,False,num_vehicles,2.0
hyperparameter_for_RC.json,per_instance_trials,RC105,RC,RC1,0.5,2.0,1.0,0.6,False,time_window_violations,4.0
hyperparameter_for_RC.json,per_instance_trials,RC105,RC,RC1,0.5,2.0,1.0,0.6,False,total_distance,213.09156803109437
hyperparameter_for_RC.json,per_instance_trials,RC105,RC,RC1,0.8,1.5,0.3,0.4,True,computation_time,4.73
hyperparameter_for_RC.json,per_instance_trials,RC105,RC,RC1,0.8,1.5,0.3,0.4,True,n_coarsened,6.0
hyperparameter_for_RC.json,per_instance_trials,RC105,RC,RC1,0.8,1.5,0.3,0.4,True,num_vehicles,3.0
hyperparameter_for_RC.json,per_instance_trials,RC105,RC,RC1,0.8,1.5,0.3,0.4,True,time_window_violations,0.0
hyperparameter_for_RC.json,per_instance_trials,RC105,RC,RC1,0.8,1.5,0.3,0.4,True,total_distance,247.39675621843682
hyperparameter_for_RC.json,per_instance_trials,RC105,RC,RC1,0.6,2.0,0.3,0.8,True,computation_time,3.3
hyperparameter_for_RC.json,per_instance_trials,RC105,RC,RC1,0.6,2.0,0.3,0.8,True,n_coarsened,5.0
hyperparameter_for_RC.json,per_instance_trials,RC105,RC,RC1,0.6,2.0,0.3,0.8,True,num_vehicles,4.0
hyperparameter_for_RC.json,per_instance_trials,RC105,RC,RC1,0.6,2.0,0.3,0.8,True,time_window_violations,0.0
hyperparameter_for_RC.json,per_instance_trials,RC105,RC,RC1,0.6,2.0,0.3,0.8,True,total_distance,298.68398449845756
hyperparameter_for_RC.json,per_instance_trials,RC105,RC,RC1,0.7,5.0,0.5,0.2,True,computation_time,3.19
hyperparameter_for_RC.json,per_instance_trials,RC105,RC,RC1,0.7,5.0,0.5,0.2,True,n_coarsened,5.0
hyperparameter_for_RC.json,per_instance_trials,RC105,RC,RC1,0.7,5.0,0.5,0.2,True,num_vehicles,3.0
hyperparameter_for_RC.json,per_instance_trials,RC105,RC,RC1,0.7,5.0,0.5,0.2,True,time_window_violations,0.0
hyperparameter_for_RC.json,per_instance_trials,RC105,RC,RC1,0.7,5.0,0.5,0.2,True,total_distance,245.3031721652736
hyperparameter_for_RC.json,per_instance_trials,RC105,RC,RC1,0.8,1.5,0.9,0.6,False,computation_time,4.79
hyperparameter_for_RC.json,per_instance_trials,RC105,RC,RC1,0.8,1.5,0.9,0.6,False,n_coarsened,6.0
hyperparameter_for_RC.json,per_instance_trials,RC105,RC,RC1,0.8,1.5,0.9,0.6,False,num_vehicles,3.0
hyperparameter_for_RC.json,per_instance_trials,RC105,RC,RC1,0.8,1.5,0.9,0.6,False,time_window_violations,2.0
hyperparameter_for_RC.json,per_instance_trials,RC105,RC,RC1,0.8,1.5,0.9,0.6,False,total_distance,318.45486160660107
hyperparameter_for_RC.json,per_instance_trials,RC105,RC,RC1,0.4,2.0,0.5,0.6,False,computation_time,1.62
hyperparameter_for_RC.json,per_instance_trials,RC105,RC,RC1,0.4,2.0,0.5,0.6,False,n_coarsened,3.0
hyperparameter_for_RC.json,per_instance_trials,RC105,RC,RC1,0.4,2.0,0.5,0.6,False,num_vehicles,2.0
hyperparameter_for_RC.json,per_instance_trials,RC105,RC,RC1,0.4,2.0,0.5,0.6,False,time_window_violations,2.0
hyperparameter_for_RC.json,per_instance_trials,RC105,RC,RC1,0.4,2.0,0.5,0.6,False,total_distance,171.9982401388955
hyperparameter_for_RC.json,per_instance_trials,RC105,RC,RC1,0.3,1.0,0.7,0.4,True,computation_time,4.76
hyperparameter_for_RC.json,per_instance_trials,RC105,RC,RC1,0.3,1.0,0.7,0.4,True,n_coarsened,6.0
hyperparameter_for_RC.json,per_instance_trials,RC105,RC,RC1,0.3,1.0,0.7,0.4,True,num_vehicles,3.0
hyperparameter_for_RC.json,per_instance_trials,RC105,RC,RC1,0.3,1.0,0.7,0.4,True,time_window_violations,0.0
hyperparameter_for_RC.json,per_instance_trials,RC105,RC,RC1,0.3,1.0,0.7,0.4,True,total_distance,241.81843286000438
hyperparameter_for_RC.json,per_instance_trials,RC105,RC,RC1,0.8,3.0,0.9,0.4,True,computation_time,4.56
hyperparameter_for_RC.json,per_instance_trials,RC105,RC,RC1,0.8,3.0,0.9,0.4,True,n_coarsened,6.0
hyperparameter_for_RC.json,per_instance_trials,RC105,RC,RC1,0.8,3.0,0.9,0.4,True,num_vehicles,3.0
hyperparameter_for_RC.json,per_instance_trials,RC105,RC,RC1,0.8,3.0,0.9,0.4,True,time_window_violations,0.0
hyperparameter_for_RC.json,per_instance_trials,RC105,RC,RC1,0.8,3.0,0.9,0.4,True,total_distance,242.25972150319436
hyperparameter_for_RC.json,per_instance_trials,RC105,RC,RC1,0.6,2.0,1.0,0.8,False,computation_time,2.02
hyperparameter_for_RC.json,per_instance_trials,RC105,RC,RC1,0.6,2.0,1.0,0.8,False,n_coarsened,4.0
hyperparameter_for_RC.json,per_instance_trials,RC105,RC,RC1,0.6,2.0,1.0,0.8,False,num_vehicles,2.0
hyperparameter_for_RC.json,per_instance_trials,RC105,RC,RC1,0.6,2.0,1.0,0.8,False,time_window_violations,4.0
hyperparameter_for_RC.json,per_instance_trials,RC105,RC,RC1,0.6,2.0,1.0,0.8,False,total_distance,213.09156803109437
hyperparameter_for_RC.json,per_instance_trials,RC105,RC,RC1,0.4,0.5,1.0,1.0,False,computation_time,7.52
hyperparameter_for_RC.json,per_instance_trials,RC105,RC,RC1,0.4,0.5,1.0,1.0,False,n_coarsened,7.0
hyperparameter_for_RC.json,per_instance_trials,RC105,RC,RC1,0.4,0.5,1.0,1.0,False,num_vehicles,2.0
hyperparameter_for_RC.json,per_instance_trials,RC105,RC,RC1,0.4,0.5,1.0,1.0,False,time_window_violations,2.0
hyperparameter_for_RC.json,per_instance_trials,RC105,RC,RC1,0.4,0.5,1.0,1.0,False,total_distance,246.7712016907933
hyperparameter_for_RC.json,per_instance_trials,RC105,RC,RC1,0.5,1.5,0.9,1.0,False,computation_time,2.01
hyperparameter_for_RC.json,per_instance_trials,RC105,RC,RC1,0.5,1.5,0.9,1.0,False,n_coarsened,4.0
hyperparameter_for_RC.json,per_instance_trials,RC105,RC,RC1,0.5,1.5,0.9,1.0,False,num_vehicles,2.0
hyperparameter_for_RC.json,per_instance_trials,RC105,RC,RC1,0.5,1.5,0.9,1.0,False,time_window_violations,4.0
hyperparameter_for_RC.json,per_instance_trials,RC105,RC,RC1,0.5,1.5,0.9,1.0,False,total_distance,213.09156803109437
hyperparameter_for_RC.json,per_instance_trials,RC105,RC,RC1,0.5,2.0,0.9,0.4,False,computation_time,2.07
hyperparameter_for_RC.json,per_instance_trials,RC105,RC,RC1,0.5,2.0,0.9,0.4,False,n_coarsened,4.0
hyperparameter_for_RC.json,per_instance_trials,RC105,RC,RC1,0.5,2.0,0.9,0.4,False,num_vehicles,2.0
hyperparameter_for_RC.json,per_instance_trials,RC105,RC,RC1,0.5,2.0,0.9,0.4,False,time_window_violations,3.0
hyperparameter_for_RC.json,per_instance_trials,RC105,RC,RC1,0.5,2.0,0.9,0.4,False,total_distance,222.19314650090843
hyperparameter_for_RC.json,per_instance_trials,RC105,RC,RC1,0.6,0.5,0.7,0.4,True,computation_time,7.65
hyperparameter_for_RC.json,per_instance_trials,RC105,RC,RC1,0.6,0.5,0.7,0.4,True,n_coarsened,7.0
hyperparameter_for_RC.json,per_instance_trials,RC105,RC,RC1,0.6,0.5,0.7,0.4,True,num_vehicles,3.0
hyperparameter_for_RC.json,per_instance_trials,RC105,RC,RC1,0.6,0.5,0.7,0.4,True,time_window_violations,0.0
hyperparameter_for_RC.json,per_instance_trials,RC105,RC,RC1,0.6,0.5,0.7,0.4,True,total_distance,356.1439434898139
hyperparameter_for_RC.json,per_instance_trials,RC105,RC,RC1,0.7,2.0,0.5,0.2,False,computation_time,3.35
hyperparameter_for_RC.json,per_instance_trials,RC105,RC,RC1,0.7,2.0,0.5,0.2,False,n_coarsened,5.0
hyperparameter_for_RC.json,per_instance_trials,RC105,RC,RC1,0.7,2.0,0.5,0.2,False,num_vehicles,2.0
hyperparameter_for_RC.json,per_instance_trials,RC105,RC,RC1,0.7,2.0,0.5,0.2,False,time_window_violations,3.0
hyperparameter_for_RC.json,per_instance_trials,RC105,RC,RC1,0.7,2.0,0.5,0.2,False,total_distance,224.934952909094
hyperparameter_for_RC.json,per_instance_trials,RC106,RC,RC1,0.3,2.0,0.9,0.6,False,computation_time,1.68
hyperparameter_for_RC.json,per_instance_trials,RC106,RC,RC1,0.3,2.0,0.9,0.6,False,n_coarsened,3.0
hyperparameter_for_RC.json,per_instance_trials,RC106,RC,RC1,0.3,2.0,0.9,0.6,False,num_vehicles,2.0
hyperparameter_for_RC.json,per_instance_trials,RC106,RC,RC1,0.3,2.0,0.9,0.6,False,time_window_violations,5.0
hyperparameter_for_RC.json,per_instance_trials,RC106,RC,RC1,0.3,2.0,0.9,0.6,False,total_distance,188.4559702417037
hyperparameter_for_RC.json,per_instance_trials,RC106,RC,RC1,0.8,5.0,0.3,0.6,True,computation_time,4.63
hyperparameter_for_RC.json,per_instance_trials,RC106,RC,RC1,0.8,5.0,0.3,0.6,True,n_coarsened,6.0
hyperparameter_for_RC.json,per_instance_trials,RC106,RC,RC1,0.8,5.0,0.3,0.6,True,num_vehicles,3.0
hyperparameter_for_RC.json,per_instance_trials,RC106,RC,RC1,0.8,5.0,0.3,0.6,True,time_window_violations,0.0
hyperparameter_for_RC.json,per_instance_trials,RC106,RC,RC1,0.8,5.0,0.3,0.6,True,total_distance,291.6570737401478
hyperparameter_for_RC.json,per_instance_trials,RC106,RC,RC1,0.5,5.0,0.9,0.8,False,computation_time,2.13
hyperparameter_for_RC.json,per_instance_trials,RC106,RC,RC1,0.5,5.0,0.9,0.8,False,n_coarsened,4.0
hyperparameter_for_RC.json,per_instance_trials,RC106,RC,RC1,0.5,5.0,0.9,0.8,False,num_vehicles,2.0
hyperparameter_for_RC.json,per_instance_trials,RC106,RC,RC1,0.5,5.0,0.9,0.8,False,time_window_violations,3.0
hyperparameter_for_RC.json,per_instance_trials,RC106,RC,RC1,0.5,5.0,0.9,0.8,False,total_distance,230.18088219114367
hyperparameter_for_RC.json,per_instance_trials,RC106,RC,RC1,0.6,0.5,1.0,1.0,False,computation_time,3.37
hyperparameter_for_RC.json,per_instance_trials,RC106,RC,RC1,0.6,0.5,1.0,1.0,False,n_coarsened,5.0
hyperparameter_for_RC.json,per_instance_trials,RC106,RC,RC1,0.6,0.5,1.0,1.0,False,num_vehicles,2.0
hyperparameter_for_RC.json,per_instance_trials,RC106,RC,RC1,0.6,0.5,1.0,1.0,False,time_window_violations,2.0
hyperparameter_for_RC.json,per_instance_trials,RC106,RC,RC1,0.6,0.5,1.0,1.0,False,total_distance,256.6003755567881
hyperparameter_for_RC.json,per_instance_trials,RC106,RC,RC1,0.6,5.0,0.7,1.0,False,computation_time,2.08
hyperparameter_for_RC.json,per_instance_trials,RC106,RC,RC1,0.6,5.0,0.7,1.0,False,n_coarsened,4.0
hyperparameter_for_RC.json,per_instance_trials,RC106,RC,RC1,0.6,5.0,0.7,1.0,False,num_vehicles,2.0
hyperparameter_for_RC.json,per_instance_trials,RC106,RC,RC1,0.6,5.0,0.7,1.0,False,time_window_violations,2.0
hyperparameter_for_RC.json,per_instance_trials,RC106,RC,RC1,0.6,5.0,0.7,1.0,False,total_distance,215.98953800032476
hyperparameter_for_RC.json,per_instance_trials,RC106,RC,RC1,0.8,3.0,1.0,0.8,True,computation_time,4.61
hyperparameter_for_RC.json,per_instance_trials,RC106,RC,RC1,0.8,3.0,1.0,0.8,True,n_coarsened,6.0
hyperparameter_for_RC.json,per_instance_trials,RC106,RC,RC1,0.8,3.0,1.0,0.8,True,num_vehicles,3.0
hyperparameter_for_RC.json,per_instance_trials,RC106,RC,RC1,0.8,3.0,1.0,0.8,True,time_window_violations,0.0
hyperparameter_for_RC.json,per_instance_trials,RC106,RC,RC1,0.8,3.0,1.0,0.8,True,total_distance,286.9970000292814
hyperparameter_for_RC.json,per_instance_trials,RC106,RC,RC1,0.4,3.0,0.3,0.4,False,computation_time,1.62
hyperparameter_for_RC.json,per_instance_trials,RC106,RC,RC1,0.4,3.0,0.3,0.4,False,n_coarsened,3.0
hyperparameter_for_RC.json,per_instance_trials,RC106,RC,RC1,0.4,3.0,0.3,0.4,False,num_vehicles,2.0
hyperparameter_for_RC.json,per_instance_trials,RC106,RC,RC1,0.4,3.0,0.3,0.4,False,time_window_violations,1.0
hyperparameter_for_RC.json,per_instance_trials,RC106,RC,RC1,0.4,3.0,0.3,0.4,False,total_distance,184.35511974462895
hyperparameter_for_RC.json,per_instance_trials,RC106,RC,RC1,0.6,3.0,0.3,0.2,False,computation_time,2.05
hyperparameter_for_RC.json,per_instance_trials,RC106,RC,RC1,0.6,3.0,0.3,0.2,False,n_coarsened,4.0
hyperparameter_for_RC.json,per_instance_trials,RC106,RC,RC1,0.6,3.0,0.3,0.2,False,num_vehicles,2.0
hyperparameter_for_RC.json,per_instance_trials,RC106,RC,RC1,0.6,3.0,0.3,0.2,False,time_window_violations,4.0
hyperparameter_for_RC.json,per_instance_trials,RC106,RC,RC1,0.6,3.0,0.3,0.2,False,total_distance,207.86557152931323
hyperparameter_for_RC.json,per_instance_trials,RC106,RC,RC1,0.5,0.5,0.7,0.4,True,computation_time,2.1
hyperparameter_for_RC.json,per_instance_trials,RC106,RC,RC1,0.5,0.5,0.7,0.4,True,n_coarsened,4.0
hyperparameter_for_RC.json,per_instance_trials,RC106,RC,RC1,0.5,0.5,0.7,0.4,True,num_vehicles,3.0
hyperparameter_for_RC.json,per_instance_trials,RC106,RC,RC1,0.5,0.5,0.7,0.4,True,time_window_violations,0.0
hyperparameter_for_RC.json,per_instance_trials,RC106,RC,RC1,0.5,0.5,0.7,0.4,True,total_distance,241.24625878597683
hyperparameter_for_RC.json,per_instance_trials,RC106,RC,RC1,0.6,1.0,0.9,0.2,False,computation_time,3.37
hyperparameter_for_RC.json,per_instance_trials,RC106,RC,RC1,0.6,1.0,0.9,0.2,False,n_coarsened,5.0
hyperparameter_for_RC.json,per_instance_trials,RC106,RC,RC1,0.6,1.0,0.9,0.2,False,num_vehicles,2.0
hyperparameter_for_RC.json,per_instance_trials,RC106,RC,RC1,0.6,1.0,0.9,0.2,False,time_window_violations,1.0
hyperparameter_for_RC.json,per_instance_trials,RC106,RC,RC1,0.6,1.0,0.9,0.2,False,total_distance,222.04818289899492
hyperparameter_for_RC.json,per_instance_trials,RC106,RC,RC1,0.4,0.5,1.0,0.6,False,computation_time,2.13
hyperparameter_for_RC.json,per_instance_trials,RC106,RC,RC1,0.4,0.5,1.0,0.6,False,n_coarsened,4.0
hyperparameter_for_RC.json,per_instance_trials,RC106,RC,RC1,0.4,0.5,1.0,0.6,False,num_vehicles,2.0
hyperparameter_for_RC.json,per_instance_trials,RC106,RC,RC1,0.4,0.5,1.0,0.6,False,time_window_violations,3.0
hyperparameter_for_RC.json,per_instance_trials,RC106,RC,RC1,0.4,0.5,1.0,0.6,False,total_distance,229.20079850424764
hyperparameter_for_RC.json,per_instance_trials,RC106,RC,RC1,0.4,5.0,1.0,1.0,False,computation_time,1.63
hyperparameter_for_RC.json,per_instance_trials,RC106,RC,RC1,0.4,5.0,1.0,1.0,False,n_coarsened,3.0
hyperparameter_for_RC.json,per_instance_trials,RC106,RC,RC1,0.4,5.0,1.0,1.0,False,num_vehicles,2.0
hyperparameter_for_RC.json,per_instance_trials,RC106,RC,RC1,0.4,5.0,1.0,1.0,False,time_window_violations,1.0
hyperparameter_for_RC.json,per_instance_trials,RC106,RC,RC1,0.4,5.0,1.0,1.0,False,total_distance,184.35511974462895
hyperparameter_for_RC.json,per_instance_trials,RC106,RC,RC1,0.3,1.0,0.3,0.8,False,computation_time,2.12
hyperparameter_for_RC.json,per_instance_trials,RC106,RC,RC1,0.3,1.0,0.3,0.8,False,n_coarsened,4.0
hyperparameter_for_RC.json,per_instance_trials,RC106,RC,RC1,0.3,1.0,0.3,0.8,False,num_vehicles,2.0
hyperparameter_for_RC.json,per_instance_trials,RC106,RC,RC1,0.3,1.0,0.3,0.8,False,time_window_violations,2.0
hyperparameter_for_RC.json,per_instance_trials,RC106,RC,RC1,0.3,1.0,0.3,0.8,False,total_distance,222.78280809479918
hyperparameter_for_RC.json,per_instance_trials,RC106,RC,RC1,0.5,1.5,1.0,1.0,False,computation_time,2.12
hyperparameter_for_RC.json,per_instance_trials,RC106,RC,RC1,0.5,1.5,1.0,1.0,False,n_coarsened,4.0
hyperparameter_for_RC.json,per_instance_trials,RC106,RC,RC1,0.5,1.5,1.0,1.0,False,num_vehicles,2.0
hyperparameter_for_RC.json,per_instance_trials,RC106,RC,RC1,0.5,1.5,1.0,1.0,False,time_window_violations,6.0
hyperparameter_for_RC.json,per_instance_trials,RC106,RC,RC1,0.5,1.5,1.0,1.0,False,total_distance,234.97058177321986
hyperparameter_for_RC.json,per_instance_trials,RC106,RC,RC1,0.6,2.0,0.5,0.8,False,computation_time,3.33
hyperparameter_for_RC.json,per_instance_trials,RC106,RC,RC1,0.6,2.0,0.5,0.8,False,n_coarsened,5.0
hyperparameter_for_RC.json,per_instance_trials,RC106,RC,RC1,0.6,2.0,0.5,0.8,False,num_vehicles,2.0
hyperparameter_for_RC.json,per_instance_trials,RC106,RC,RC1,0.6,2.0,0.5,0.8,False,time_window_violations,5.0
hyperparameter_for_RC.json,per_instance_trials,RC106,RC,RC1,0.6,2.0,0.5,0.8,False,total_distance,232.36500477523182
hyperparameter_for_RC.json,per_instance_trials,RC106,RC,RC1,0.6,2.0,0.7,0.4,False,computation_time,3.37
hyperparameter_for_RC.json,per_instance_trials,RC106,RC,RC1,0.6,2.0,0.7,0.4,False,n_coarsened,5.0
hyperparameter_for_RC.json,per_instance_trials,RC106,RC,RC1,0.6,2.0,0.7,0.4,False,num_vehicles,2.0
hyperparameter_for_RC.json,per_instance_trials,RC106,RC,RC1,0.6,2.0,0.7,0.4,False,time_window_violations,5.0
hyperparameter_for_RC.json,per_instance_trials,RC106,RC,RC1,0.6,2.0,0.7,0.4,False,total_distance,270.6984608626843
hyperparameter_for_RC.json,per_instance_trials,RC106,RC,RC1,0.6,1.5,0.7,0.8,False,computation_time,3.33
hyperparameter_for_RC.json,per_instance_trials,RC106,RC,RC1,0.6,1.5,0.7,0.8,False,n_coarsened,5.0
hyperparameter_for_RC.json,per_instance_trials,RC106,RC,RC1,0.6,1.5,0.7,0.8,False,num_vehicles,2.0
hyperparameter_for_RC.json,per_instance_trials,RC106,RC,RC1,0.6,1.5,0.7,0.8,False,time_window_violations,4.0
hyperparameter_for_RC.json,per_instance_trials,RC106,RC,RC1,0.6,1.5,0.7,0.8,False,total_distance,207.86557152931323
hyperparameter_for_RC.json,per_instance_trials,RC106,RC,RC1,0.7,2.0,0.7,0.8,True,computation_time,4.62
hyperparameter_for_RC.json,per_instance_trials,RC106,RC,RC1,0.7,2.0,0.7,0.8,True,n_coarsened,6.0
hyperparameter_for_RC.json,per_instance_trials,RC106,RC,RC1,0.7,2.0,0.7,0.8,True,num_vehicles,3.0
hyperparameter_for_RC.json,per_instance_trials,RC106,RC,RC1,0.7,2.0,0.7,0.8,True,time_window_violations,0.0
hyperparameter_for_RC.json,per_instance_trials,RC106,RC,RC1,0.7,2.0,0.7,0.8,True,total_distance,284.5897234787593
hyperparameter_for_RC.json,per_instance_trials,RC106,RC,RC1,0.5,1.5,0.3,0.2,False,computation_time,2.1
hyperparameter_for_RC.json,per_instance_trials,RC106,RC,RC1,0.5,1.5,0.3,0.2,False,n_coarsened,4.0
hyperparameter_for_RC.json,per_instance_trials,RC106,RC,RC1,0.5,1.5,0.3,0.2,False,num_vehicles,2.0
hyperparameter_for_RC.json,per_instance_trials,RC106,RC,RC1,0.5,1.5,0.3,0.2,False,time_window_violations,2.0
hyperparameter_for_RC.json,per_instance_trials,RC106,RC,RC1,0.5,1.5,0.3,0.2,False,total_distance,217.74744865530454
hyperparameter_for_RC.json,per_instance_trials,RC106,RC,RC1,0.4,1.0,1.0,1.0,False,computation_time,2.11
hyperparameter_for_RC.json,per_instance_trials,RC106,RC,RC1,0.4,1.0,1.0,1.0,False,n_coarsened,4.0
hyperparameter_for_RC.json,per_instance_trials,RC106,RC,RC1,0.4,1.0,1.0,1.0,False,num_vehicles,2.0
hyperparameter_for_RC.json,per_instance_trials,RC106,RC,RC1,0.4,1.0,1.0,1.0,False,time_window_violations,2.0
hyperparameter_for_RC.json,per_instance_trials,RC106,RC,RC1,0.4,1.0,1.0,1.0,False,total_distance,227.14063470943535
hyperparameter_for_RC.json,per_instance_trials,RC106,RC,RC1,0.8,2.0,1.0,0.4,True,computation_time,4.63
hyperparameter_for_RC.json,per_instance_trials,RC106,RC,RC1,0.8,2.0,1.0,0.4,True,n_coarsened,6.0
hyperparameter_for_RC.json,per_instance_trials,RC106,RC,RC1,0.8,2.0,1.0,0.4,True,num_vehicles,3.0
hyperparameter_for_RC.json,per_instance_trials,RC106,RC,RC1,0.8,2.0,1.0,0.4,True,time_window_violations,0.0
hyperparameter_for_RC.json,per_instance_trials,RC106,RC,RC1,0.8,2.0,1.0,0.4,True,total_distance,293.4149843951276
hyperparameter_for_RC.json,per_instance_trials,RC106,RC,RC1,0.5,2.0,1.0,0.8,False,computation_time,2.11
hyperparameter_for_RC.json,per_instance_trials,RC106,RC,RC1,0.5,2.0,1.0,0.8,False,n_coarsened,4.0
hyperparameter_for_RC.json,per_instance_trials,RC106,RC,RC1,0.5,2.0,1.0,0.8,False,num_vehicles,2.0
hyperparameter_for_RC.json,per_instance_trials,RC106,RC,RC1,0.5,2.0,1.0,0.8,False,time_window_violations,2.0
hyperparameter_for_RC.json,per_instance_trials,RC106,RC,RC1,0.5,2.0,1.0,0.8,False,total_distance,217.74744865530454
hyperparameter_for_RC.json,per_instance_trials,RC106,RC,RC1,0.6,2.0,0.9,1.0,False,computation_time,3.32
hyperparameter_for_RC.json,per_instance_trials,RC106,RC,RC1,0.6,2.0,0.9,1.0,False,n_coarsened,5.0
hyperparameter_for_RC.json,per_instance_trials,RC106,RC,RC1,0.6,2.0,0.9,1.0,False,num_vehicles,2.0
hyperparameter_for_RC.json,per_instance_trials,RC106,RC,RC1,0.6,2.0,0.9,1.0,False,time_window_violations,4.0
hyperparameter_for_RC.json,per_instance_trials,RC106,RC,RC1,0.6,2.0,0.9,1.0,False,total_distance,207.86557152931326
hyperparameter_for_RC.json,per_instance_trials,RC106,RC,RC1,0.6,3.0,0.7,0.2,False,computation_time,2.05
hyperparameter_for_RC.json,per_instance_trials,RC106,RC,RC1,0.6,3.0,0.7,0.2,False,n_coarsened,4.0
hyperparameter_for_RC.json,per_instance_trials,RC106,RC,RC1,0.6,3.0,0.7,0.2,False,num_vehicles,2.0
hyperparameter_for_RC.json,per_instance_trials,RC106,RC,RC1,0.6,3.0,0.7,0.2,False,time_window_violations,3.0
hyperparameter_for_RC.json,per_instance_trials,RC106,RC,RC1,0.6,3.0,0.7,0.2,False,total_distance,221.43262029334898
hyperparameter_for_RC.json,per_instance_trials,RC106,RC,RC1,0.8,1.5,0.7,0.4,True,computation_time,4.58
hyperparameter_for_RC.json,per_instance_trials,RC106,RC,RC1,0.8,1.5,0.7,0.4,True,n_coarsened,6.0
hyperparameter_for_RC.json,per_instance_trials,RC106,RC,RC1,0.8,1.5,0.7,0.4,True,num_vehicles,3.0
hyperparameter_for_RC.json,per_instance_trials,RC106,RC,RC1,0.8,1.5,0.7,0.4,True,time_window_violations,0.0
hyperparameter_for_RC.json,per_instance_trials,RC106,RC,RC1,0.8,1.5,0.7,0.4,True,total_distance,286.3476341337392
hyperparameter_for_RC.json,per_instance_trials,RC106,RC,RC1,0.7,2.0,0.7,1.0,True,computation_time,4.63
hyperparameter_for_RC.json,per_instance_trials,RC106,RC,RC1,0.7,2.0,0.7,1.0,True,n_coarsened,6.0
hyperparameter_for_RC.json,per_instance_trials,RC106,RC,RC1,0.7,2.0,0.7,1.0,True,num_vehicles,3.0
hyperparameter_for_RC.json,per_instance_trials,RC106,RC,RC1,0.7,2.0,0.7,1.0,True,time_window_violations,0.0
hyperparameter_for_RC.json,per_instance_trials,RC106,RC,RC1,0.7,2.0,0.7,1.0,True,total_distance,290.1306720697095
hyperparameter_for_RC.json,per_instance_trials,RC106,RC,RC1,0.5,2.0,1.0,0.6,False,computation_time,2.12
hyperparameter_for_RC.json,per_instance_trials,RC106,RC,RC1,0.5,2.0,1.0,0.6,False,n_coarsened,4.0
hyperparameter_for_RC.json,per_instance_trials,RC106,RC,RC1,0.5,2.0,1.0,0.6,False,num_vehicles,2.0
hyperparameter_for_RC.json,per_instance_trials,RC106,RC,RC1,0.5,2.0,1.0,0.6,False,time_window_violations,1.0
hyperparameter_for_RC.json,per_instance_trials,RC106,RC,RC1,0.5,2.0,1.0,0.6,False,total_distance,222.04818289899498
hyperparameter_for_RC.json,per_instance_trials,RC106,RC,RC1,0.8,1.5,0.3,0.4,False,computation_time,4.61
hyperparameter_for_RC.json,per_instance_trials,RC106,RC,RC1,0.8,1.5,0.3,0.4,False,n_coarsened,6.0
hyperparameter_for_RC.json,per_instance_trials,RC106,RC,RC1,0.8,1.5,0.3,0.4,False,num_vehicles,2.0
hyperparameter_for_RC.json,per_instance_trials,RC106,RC,RC1,0.8,1.5,0.3,0.4,False,time_window_violations,2.0
hyperparameter_for_RC.json,per_instance_trials,RC106,RC,RC1,0.8,1.5,0.3,0.4,False,total_distance,235.26760665715273
hyperparameter_for_RC.json,per_instance_trials,RC106,RC,RC1,0.6,2.0,0.3,0.8,False,computation_time,3.34
hyperparameter_for_RC.json,per_instance_trials,RC106,RC,RC1,0.6,2.0,0.3,0.8,False,n_coarsened,5.0
hyperparameter_for_RC.json,per_instance_trials,RC106,RC,RC1,0.6,2.0,0.3,0.8,False,num_vehicles,2.0
hyperparameter_for_RC.json,per_instance_trials,RC106,RC,RC1,0.6,2.0,0.3,0.8,False,time_window_violations,2.0
hyperparameter_for_RC.json,per_instance_trials,RC106,RC,RC1,0.6,2.0,0.3,0.8,False,total_distance,222.78280809479918
hyperparameter_for_RC.json,per_instance_trials,RC106,RC,RC1,0.7,5.0,0.5,0.2,True,computation_time,4.64
hyperparameter_for_RC.json,per_instance_trials,RC106,RC,RC1,0.7,5.0,0.5,0.2,True,n_coarsened,6.0
hyperparameter_for_RC.json,per_instance_trials,RC106,RC,RC1,0.7,5.0,0.5,0.2,True,num_vehicles,3.0
hyperparameter_for_RC.json,per_instance_trials,RC106,RC,RC1,0.7,5.0,0.5,0.2,True,time_window_violations,0.0
hyperparameter_for_RC.json,per_instance_trials,RC106,RC,RC1,0.7,5.0,0.5,0.2,True,total_distance,277.8218042184496
hyperparameter_for_RC.json,per_instance_trials,RC106,RC,RC1,0.8,1.5,0.9,0.6,True,computation_time,4.62
hyperparameter_for_RC.json,per_instance_trials,RC106,RC,RC1,0.8,1.5,0.9,0.6,True,n_coarsened,6.0
hyperparameter_for_RC.json,per_instance_trials,RC106,RC,RC1,0.8,1.5,0.9,0.6,True,num_vehicles,3.0
hyperparameter_for_RC.json,per_instance_trials,RC106,RC,RC1,0.8,1.5,0.9,0.6,True,time_window_violations,0.0
hyperparameter_for_RC.json,per_instance_trials,RC106,RC,RC1,0.8,1.5,0.9,0.6,True,total_distance,286.3476341337392
hyperparameter_for_RC.json,per_instance_trials,RC106,RC,RC1,0.4,2.0,0.5,0.6,False,computation_time,1.68
hyperparameter_for_RC.json,per_instance_trials,RC106,RC,RC1,0.4,2.0,0.5,0.6,False,n_coarsened,3.0
hyperparameter_for_RC.json,per_instance_trials,RC106,RC,RC1,0.4,2.0,0.5,0.6,False,num_vehicles,2.0
hyperparameter_for_RC.json,per_instance_trials,RC106,RC,RC1,0.4,2.0,0.5,0.6,False,time_window_violations,5.0
hyperparameter_for_RC.json,per_instance_trials,RC106,RC,RC1,0.4,2.0,0.5,0.6,False,total_distance,188.4559702417037
hyperparameter_for_RC.json,per_instance_trials,RC106,RC,RC1,0.3,1.0,0.7,0.4,False,computation_time,2.13
hyperparameter_for_RC.json,per_instance_trials,RC106,RC,RC1,0.3,1.0,0.7,0.4,False,n_coarsened,4.0
hyperparameter_for_RC.json,per_instance_trials,RC106,RC,RC1,0.3,1.0,0.7,0.4,False,num_vehicles,2.0
hyperparameter_for_RC.json,per_instance_trials,RC106,RC,RC1,0.3,1.0,0.7,0.4,False,time_window_violations,2.0
hyperparameter_for_RC.json,per_instance_trials,RC106,RC,RC1,0.3,1.0,0.7,0.4,False,total_distance,217.74744865530454
hyperparameter_for_RC.json,per_instance_trials,RC106,RC,RC1,0.8,3.0,0.9,0.4,True,computation_time,4.59
hyperparameter_for_RC.json,per_instance_trials,RC106,RC,RC1,0.8,3.0,0.9,0.4,True,n_coarsened,6.0
hyperparameter_for_RC.json,per_instance_trials,RC106,RC,RC1,0.8,3.0,0.9,0.4,True,num_vehicles,3.0
hyperparameter_for_RC.json,per_instance_trials,RC106,RC,RC1,0.8,3.0,0.9,0.4,True,time_window_violations,0.0
hyperparameter_for_RC.json,per_instance_trials,RC106,RC,RC1,0.8,3.0,0.9,0.4,True,total_distance,246.86124049653148
hyperparameter_for_RC.json,per_instance_trials,RC106,RC,RC1,0.6,2.0,1.0,0.8,False,computation_time,3.35
hyperparameter_for_RC.json,per_instance_trials,RC106,RC,RC1,0.6,2.0,1.0,0.8,False,n_coarsened,5.0
hyperparameter_for_RC.json,per_instance_trials,RC106,RC,RC1,0.6,2.0,1.0,0.8,False,num_vehicles,2.0
hyperparameter_for_RC.json,per_instance_trials,RC106,RC,RC1,0.6,2.0,1.0,0.8,False,time_window_violations,1.0
hyperparameter_for_RC.json,per_instance_trials,RC106,RC,RC1,0.6,2.0,1.0,0.8,False,total_distance,267.4844090756978
hyperparameter_for_RC.json,per_instance_trials,RC106,RC,RC1,0.4,0.5,1.0,1.0,False,computation_time,2.13
hyperparameter_for_RC.json,per_instance_trials,RC106,RC,RC1,0.4,0.5,1.0,1.0,False,n_coarsened,4.0
hyperparameter_for_RC.json,per_instance_trials,RC106,RC,RC1,0.4,0.5,1.0,1.0,False,num_vehicles,2.0
hyperparameter_for_RC.json,per_instance_trials,RC106,RC,RC1,0.4,0.5,1.0,1.0,False,time_window_violations,6.0
hyperparameter_for_RC.json,per_instance_trials,RC106,RC,RC1,0.4,0.5,1.0,1.0,False,total_distance,215.81763858279433
hyperparameter_for_RC.json,per_instance_trials,RC106,RC,RC1,0.5,1.5,0.9,1.0,False,computation_time,2.15
hyperparameter_for_RC.json,per_instance_trials,RC106,RC,RC1,0.5,1.5,0.9,1.0,False,n_coarsened,4.0
hyperparameter_for_RC.json,per_instance_trials,RC106,RC,RC1,0.5,1.5,0.9,1.0,False,num_vehicles,2.0
hyperparameter_for_RC.json,per_instance_trials,RC106,RC,RC1,0.5,1.5,0.9,1.0,False,time_window_violations,2.0
hyperparameter_for_RC.json,per_instance_trials,RC106,RC,RC1,0.5,1.5,0.9,1.0,False,total_distance,217.74744865530454
hyperparameter_for_RC.json,per_instance_trials,RC106,RC,RC1,0.5,2.0,0.9,0.4,False,computation_time,2.12
hyperparameter_for_RC.json,per_instance_trials,RC106,RC,RC1,0.5,2.0,0.9,0.4,False,n_coarsened,4.0
hyperparameter_for_RC.json,per_instance_trials,RC106,RC,RC1,0.5,2.0,0.9,0.4,False,num_vehicles,2.0
hyperparameter_for_RC.json,per_instance_trials,RC106,RC,RC1,0.5,2.0,0.9,0.4,False,time_window_violations,2.0
hyperparameter_for_RC.json,per_instance_trials,RC106,RC,RC1,0.5,2.0,0.9,0.4,False,total_distance,217.74744865530454
hyperparameter_for_RC.json,per_instance_trials,RC106,RC,RC1,0.6,0.5,0.7,0.4,False,computation_time,3.33
hyperparameter_for_RC.json,per_instance_trials,RC106,RC,RC1,0.6,0.5,0.7,0.4,False,n_coarsened,5.0
hyperparameter_for_RC.json,per_instance_trials,RC106,RC,RC1,0.6,0.5,0.7,0.4,False,num_vehicles,2.0
hyperparameter_for_RC.json,per_instance_trials,RC106,RC,RC1,0.6,0.5,0.7,0.4,False,time_window_violations,5.0
hyperparameter_for_RC.json,per_instance_trials,RC106,RC,RC1,0.6,0.5,0.7,0.4,False,total_distance,232.36500477523182
hyperparameter_for_RC.json,per_instance_trials,RC106,RC,RC1,0.7,2.0,0.5,0.2,True,computation_time,4.81
hyperparameter_for_RC.json,per_instance_trials,RC106,RC,RC1,0.7,2.0,0.5,0.2,True,n_coarsened,6.0
hyperparameter_for_RC.json,per_instance_trials,RC106,RC,RC1,0.7,2.0,0.5,0.2,True,num_vehicles,3.0
hyperparameter_for_RC.json,per_instance_trials,RC106,RC,RC1,0.7,2.0,0.5,0.2,True,time_window_violations,0.0
hyperparameter_for_RC.json,per_instance_trials,RC106,RC,RC1,0.7,2.0,0.5,0.2,True,total_distance,295.67290108362664
hyperparameter_for_RC.json,per_instance_trials,RC107,RC,RC1,0.3,2.0,0.9,0.6,False,computation_time,1.64
hyperparameter_for_RC.json,per_instance_trials,RC107,RC,RC1,0.3,2.0,0.9,0.6,False,n_coarsened,3.0
hyperparameter_for_RC.json,per_instance_trials,RC107,RC,RC1,0.3,2.0,0.9,0.6,False,num_vehicles,2.0
hyperparameter_for_RC.json,per_instance_trials,RC107,RC,RC1,0.3,2.0,0.9,0.6,False,time_window_violations,6.0
hyperparameter_for_RC.json,per_instance_trials,RC107,RC,RC1,0.3,2.0,0.9,0.6,False,total_distance,182.80185616406914
hyperparameter_for_RC.json,per_instance_trials,RC107,RC,RC1,0.8,5.0,0.3,0.6,False,computation_time,4.58
hyperparameter_for_RC.json,per_instance_trials,RC107,RC,RC1,0.8,5.0,0.3,0.6,False,n_coarsened,6.0
hyperparameter_for_RC.json,per_instance_trials,RC107,RC,RC1,0.8,5.0,0.3,0.6,False,num_vehicles,3.0
hyperparameter_for_RC.json,per_instance_trials,RC107,RC,RC1,0.8,5.0,0.3,0.6,False,time_window_violations,2.0
hyperparameter_for_RC.json,per_instance_trials,RC107,RC,RC1,0.8,5.0,0.3,0.6,False,total_distance,289.35909178077804
hyperparameter_for_RC.json,per_instance_trials,RC107,RC,RC1,0.5,5.0,0.9,0.8,False,computation_time,2.09
hyperparameter_for_RC.json,per_instance_trials,RC107,RC,RC1,0.5,5.0,0.9,0.8,False,n_coarsened,4.0
hyperparameter_for_RC.json,per_instance_trials,RC107,RC,RC1,0.5,5.0,0.9,0.8,False,num_vehicles,2.0
hyperparameter_for_RC.json,per_instance_trials,RC107,RC,RC1,0.5,5.0,0.9,0.8,False,time_window_violations,2.0
hyperparameter_for_RC.json,per_instance_trials,RC107,RC,RC1,0.5,5.0,0.9,0.8,False,total_distance,225.38272405445554
hyperparameter_for_RC.json,per_instance_trials,RC107,RC,RC1,0.6,0.5,1.0,1.0,False,computation_time,3.29
hyperparameter_for_RC.json,per_instance_trials,RC107,RC,RC1,0.6,0.5,1.0,1.0,False,n_coarsened,5.0
hyperparameter_for_RC.json,per_instance_trials,RC107,RC,RC1,0.6,0.5,1.0,1.0,False,num_vehicles,2.0
hyperparameter_for_RC.json,per_instance_trials,RC107,RC,RC1,0.6,0.5,1.0,1.0,False,time_window_violations,2.0
hyperparameter_for_RC.json,per_instance_trials,RC107,RC,RC1,0.6,0.5,1.0,1.0,False,total_distance,227.14063470943535
hyperparameter_for_RC.json,per_instance_trials,RC107,RC,RC1,0.6,5.0,0.7,1.0,False,computation_time,2.05
hyperparameter_for_RC.json,per_instance_trials,RC107,RC,RC1,0.6,5.0,0.7,1.0,False,n_coarsened,4.0
hyperparameter_for_RC.json,per_instance_trials,RC107,RC,RC1,0.6,5.0,0.7,1.0,False,num_vehicles,2.0
hyperparameter_for_RC.json,per_instance_trials,RC107,RC,RC1,0.6,5.0,0.7,1.0,False,time_window_violations,1.0
hyperparameter_for_RC.json,per_instance_trials,RC107,RC,RC1,0.6,5.0,0.7,1.0,False,total_distance,184.35511974462895
hyperparameter_for_RC.json,per_instance_trials,RC107,RC,RC1,0.8,3.0,1.0,0.8,True,computation_time,4.6
hyperparameter_for_RC.json,per_instance_trials,RC107,RC,RC1,0.8,3.0,1.0,0.8,True,n_coarsened,6.0
hyperparameter_for_RC.json,per_instance_trials,RC107,RC,RC1,0.8,3.0,1.0,0.8,True,num_vehicles,3.0
hyperparameter_for_RC.json,per_instance_trials,RC107,RC,RC1,0.8,3.0,1.0,0.8,True,time_window_violations,0.0
hyperparameter_for_RC.json,per_instance_trials,RC107,RC,RC1,0.8,3.0,1.0,0.8,True,total_distance,280.0039683117292
hyperparameter_for_RC.json,per_instance_trials,RC107,RC,RC1,0.4,3.0,0.3,0.4,False,computation_time,1.7
hyperparameter_for_RC.json,per_instance_trials,RC107,RC,RC1,0.4,3.0,0.3,0.4,False,n_coarsened,3.0
hyperparameter_for_RC.json,per_instance_trials,RC107,RC,RC1,0.4,3.0,0.3,0.4,False,num_vehicles,2.0
hyperparameter_for_RC.json,per_instance_trials,RC107,RC,RC1,0.4,3.0,0.3,0.4,False,time_window_violations,1.0
hyperparameter_for_RC.json,per_instance_trials,RC107,RC,RC1,0.4,3.0,0.3,0.4,False,total_distance,184.35511974462895
hyperparameter_for_RC.json,per_instance_trials,RC107,RC,RC1,0.6,3.0,0.3,0.2,False,computation_time,2.03
hyperparameter_for_RC.json,per_instance_trials,RC107,RC,RC1,0.6,3.0,0.3,0.2,False,n_coarsened,4.0
hyperparameter_for_RC.json,per_instance_trials,RC107,RC,RC1,0.6,3.0,0.3,0.2,False,num_vehicles,2.0
hyperparameter_for_RC.json,per_instance_trials,RC107,RC,RC1,0.6,3.0,0.3,0.2,False,time_window_violations,2.0
hyperparameter_for_RC.json,per_instance_trials,RC107,RC,RC1,0.6,3.0,0.3,0.2,False,total_distance,218.52973525353363
hyperparameter_for_RC.json,per_instance_trials,RC107,RC,RC1,0.5,0.5,0.7,0.4,False,computation_time,2.13
hyperparameter_for_RC.json,per_instance_trials,RC107,RC,RC1,0.5,0.5,0.7,0.4,False,n_coarsened,4.0
hyperparameter_for_RC.json,per_instance_trials,RC107,RC,RC1,0.5,0.5,0.7,0.4,False,num_vehicles,2.0
hyperparameter_for_RC.json,per_instance_trials,RC107,RC,RC1,0.5,0.5,0.7,0.4,False,time_window_violations,3.0
hyperparameter_for_RC.json,per_instance_trials,RC107,RC,RC1,0.5,0.5,0.7,0.4,False,total_distance,233.25180348532
hyperparameter_for_RC.json,per_instance_trials,RC107,RC,RC1,0.6,1.0,0.9,0.2,False,computation_time,3.34
hyperparameter_for_RC.json,per_instance_trials,RC107,RC,RC1,0.6,1.0,0.9,0.2,False,n_coarsened,5.0
hyperparameter_for_RC.json,per_instance_trials,RC107,RC,RC1,0.6,1.0,0.9,0.2,False,num_vehicles,2.0
hyperparameter_for_RC.json,per_instance_trials,RC107,RC,RC1,0.6,1.0,0.9,0.2,False,time_window_violations,2.0
hyperparameter_for_RC.json,per_instance_trials,RC107,RC,RC1,0.6,1.0,0.9,0.2,False,total_distance,227.14063470943535
hyperparameter_for_RC.json,per_instance_trials,RC107,RC,RC1,0.4,0.5,1.0,0.6,False,computation_time,2.12
hyperparameter_for_RC.json,per_instance_trials,RC107,RC,RC1,0.4,0.5,1.0,0.6,False,n_coarsened,4.0
hyperparameter_for_RC.json,per_instance_trials,RC107,RC,RC1,0.4,0.5,1.0,0.6,False,num_vehicles,2.0
hyperparameter_for_RC.json,per_instance_trials,RC107,RC,RC1,0.4,0.5,1.0,0.6,False,time_window_violations,6.0
hyperparameter_for_RC.json,per_instance_trials,RC107,RC,RC1,0.4,0.5,1.0,0.6,False,total_distance,215.81763858279433
hyperparameter_for_RC.json,per_instance_trials,RC107,RC,RC1,0.4,5.0,1.0,1.0,False,computation_time,1.7
hyperparameter_for_RC.json,per_instance_trials,RC107,RC,RC1,0.4,5.0,1.0,1.0,False,n_coarsened,3.0
hyperparameter_for_RC.json,per_instance_trials,RC107,RC,RC1,0.4,5.0,1.0,1.0,False,num_vehicles,2.0
hyperparameter_for_RC.json,per_instance_trials,RC107,RC,RC1,0.4,5.0,1.0,1.0,False,time_window_violations,1.0
hyperparameter_for_RC.json,per_instance_trials,RC107,RC,RC1,0.4,5.0,1.0,1.0,False,total_distance,184.35511974462895
hyperparameter_for_RC.json,per_instance_trials,RC107,RC,RC1,0.3,1.0,0.3,0.8,False,computation_time,2.1
hyperparameter_for_RC.json,per_instance_trials,RC107,RC,RC1,0.3,1.0,0.3,0.8,False,n_coarsened,4.0
hyperparameter_for_RC.json,per_instance_trials,RC107,RC,RC1,0.3,1.0,0.3,0.8,False,num_vehicles,2.0
hyperparameter_for_RC.json,per_instance_trials,RC107,RC,RC1,0.3,1.0,0.3,0.8,False,time_window_violations,3.0
hyperparameter_for_RC.json,per_instance_trials,RC107,RC,RC1,0.3,1.0,0.3,0.8,False,total_distance,233.25180348532
hyperparameter_for_RC.json,per_instance_trials,RC107,RC,RC1,0.5,1.5,1.0,1.0,False,computation_time,2.12
hyperparameter_for_RC.json,per_instance_trials,RC107,RC,RC1,0.5,1.5,1.0,1.0,False,n_coarsened,4.0
hyperparameter_for_RC.json,per_instance_trials,RC107,RC,RC1,0.5,1.5,1.0,1.0,False,num_vehicles,2.0
hyperparameter_for_RC.json,per_instance_trials,RC107,RC,RC1,0.5,1.5,1.0,1.0,False,time_window_violations,2.0
hyperparameter_for_RC.json,per_instance_trials,RC107,RC,RC1,0.5,1.5,1.0,1.0,False,total_distance,227.14063470943535
hyperparameter_for_RC.json,per_instance_trials,RC107,RC,RC1,0.6,2.0,0.5,0.8,False,computation_time,3.33
hyperparameter_for_RC.json,per_instance_trials,RC107,RC,RC1,0.6,2.0,0.5,0.8,False,n_coarsened,5.0
hyperparameter_for_RC.json,per_instance_trials,RC107,RC,RC1,0.6,2.0,0.5,0.8,False,num_vehicles,2.0
hyperparameter_for_RC.json,per_instance_trials,RC107,RC,RC1,0.6,2.0,0.5,0.8,False,time_window_violations,2.0
hyperparameter_for_RC.json,per_instance_trials,RC107,RC,RC1,0.6,2.0,0.5,0.8,False,total_distance,215.98953800032473
hyperparameter_for_RC.json,per_instance_trials,RC107,RC,RC1,0.6,2.0,0.7,0.4,False,computation_time,3.33
hyperparameter_for_RC.json,per_instance_trials,RC107,RC,RC1,0.6,2.0,0.7,0.4,False,n_coarsened,5.0
hyperparameter_for_RC.json,per_instance_trials,RC107,RC,RC1,0.6,2.0,0.7,0.4,False,num_vehicles,2.0
hyperparameter_for_RC.json,per_instance_trials,RC107,RC,RC1,0.6,2.0,0.7,0.4,False,time_window_violations,1.0
hyperparameter_for_RC.json,per_instance_trials,RC107,RC,RC1,0.6,2.0,0.7,0.4,False,total_distance,229.15095298824525
hyperparameter_for_RC.json,per_instance_trials,RC107,RC,RC1,0.6,1.5,0.7,0.8,False,computation_time,3.35
hyperparameter_for_RC.json,per_instance_trials,RC107,RC,RC1,0.6,1.5,0.7,0.8,False,n_coarsened,5.0
hyperparameter_for_RC.json,per_instance_trials,RC107,RC,RC1,0.6,1.5,0.7,0.8,False,num_vehicles,2.0
hyperparameter_for_RC.json,per_instance_trials,RC107,RC,RC1,0.6,1.5,0.7,0.8,False,time_window_violations,2.0
hyperparameter_for_RC.json,per_instance_trials,RC107,RC,RC1,0.6,1.5,0.7,0.8,False,total_distance,207.86557152931326
hyperparameter_for_RC.json,per_instance_trials,RC107,RC,RC1,0.7,2.0,0.7,0.8,True,computation_time,4.62
hyperparameter_for_RC.json,per_instance_trials,RC107,RC,RC1,0.7,2.0,0.7,0.8,True,n_coarsened,6.0
hyperparameter_for_RC.json,per_instance_trials,RC107,RC,RC1,0.7,2.0,0.7,0.8,True,num_vehicles,3.0
hyperparameter_for_RC.json,per_instance_trials,RC107,RC,RC1,0.7,2.0,0.7,0.8,True,time_window_violations,0.0
hyperparameter_for_RC.json,per_instance_trials,RC107,RC,RC1,0.7,2.0,0.7,0.8,True,total_distance,289.7205264992736
hyperparameter_for_RC.json,per_instance_trials,RC107,RC,RC1,0.5,1.5,0.3,0.2,False,computation_time,2.14
hyperparameter_for_RC.json,per_instance_trials,RC107,RC,RC1,0.5,1.5,0.3,0.2,False,n_coarsened,4.0
hyperparameter_for_RC.json,per_instance_trials,RC107,RC,RC1,0.5,1.5,0.3,0.2,False,num_vehicles,2.0
hyperparameter_for_RC.json,per_instance_trials,RC107,RC,RC1,0.5,1.5,0.3,0.2,False,time_window_violations,1.0
hyperparameter_for_RC.json,per_instance_trials,RC107,RC,RC1,0.5,1.5,0.3,0.2,False,total_distance,222.04818289899498
hyperparameter_for_RC.json,per_instance_trials,RC107,RC,RC1,0.4,1.0,1.0,1.0,False,computation_time,2.1
hyperparameter_for_RC.json,per_instance_trials,RC107,RC,RC1,0.4,1.0,1.0,1.0,False,n_coarsened,4.0
hyperparameter_for_RC.json,per_instance_trials,RC107,RC,RC1,0.4,1.0,1.0,1.0,False,num_vehicles,2.0
hyperparameter_for_RC.json,per_instance_trials,RC107,RC,RC1,0.4,1.0,1.0,1.0,False,time_window_violations,2.0
hyperparameter_for_RC.json,per_instance_trials,RC107,RC,RC1,0.4,1.0,1.0,1.0,False,total_distance,227.14063470943535
hyperparameter_for_RC.json,per_instance_trials,RC107,RC,RC1,0.8,2.0,1.0,0.4,False,computation_time,4.9
hyperparameter_for_RC.json,per_instance_trials,RC107,RC,RC1,0.8,2.0,1.0,0.4,False,n_coarsened,6.0
hyperparameter_for_RC.json,per_instance_trials,RC107,RC,RC1,0.8,2.0,1.0,0.4,False,num_vehicles,3.0
hyperparameter_for_RC.json,per_instance_trials,RC107,RC,RC1,0.8,2.0,1.0,0.4,False,time_window_violations,2.0
hyperparameter_for_RC.json,per_instance_trials,RC107,RC,RC1,0.8,2.0,1.0,0.4,False,total_distance,301.55193175263145
hyperparameter_for_RC.json,per_instance_trials,RC107,RC,RC1,0.5,2.0,1.0,0.8,False,computation_time,2.13
hyperparameter_for_RC.json,per_instance_trials,RC107,RC,RC1,0.5,2.0,1.0,0.8,False,n_coarsened,4.0
hyperparameter_for_RC.json,per_instance_trials,RC107,RC,RC1,0.5,2.0,1.0,0.8,False,num_vehicles,2.0
hyperparameter_for_RC.json,per_instance_trials,RC107,RC,RC1,0.5,2.0,1.0,0.8,False,time_window_violations,2.0
hyperparameter_for_RC.json,per_instance_trials,RC107,RC,RC1,0.5,2.0,1.0,0.8,False,total_distance,217.74744865530454
hyperparameter_for_RC.json,per_instance_trials,RC107,RC,RC1,0.6,2.0,0.9,1.0,False,computation_time,3.34
hyperparameter_for_RC.json,per_instance_trials,RC107,RC,RC1,0.6,2.0,0.9,1.0,False,n_coarsened,5.0
hyperparameter_for_RC.json,per_instance_trials,RC107,RC,RC1,0.6,2.0,0.9,1.0,False,num_vehicles,2.0
hyperparameter_for_RC.json,per_instance_trials,RC107,RC,RC1,0.6,2.0,0.9,1.0,False,time_window_violations,2.0
hyperparameter_for_RC.json,per_instance_trials,RC107,RC,RC1,0.6,2.0,0.9,1.0,False,total_distance,207.86557152931323
hyperparameter_for_RC.json,per_instance_trials,RC107,RC,RC1,0.6,3.0,0.7,0.2,False,computation_time,2.03
hyperparameter_for_RC.json,per_instance_trials,RC107,RC,RC1,0.6,3.0,0.7,0.2,False,n_coarsened,4.0
hyperparameter_for_RC.json,per_instance_trials,RC107,RC,RC1,0.6,3.0,0.7,0.2,False,num_vehicles,2.0
hyperparameter_for_RC.json,per_instance_trials,RC107,RC,RC1,0.6,3.0,0.7,0.2,False,time_window_violations,1.0
hyperparameter_for_RC.json,per_instance_trials,RC107,RC,RC1,0.6,3.0,0.7,0.2,False,total_distance,206.45500272231695
hyperparameter_for_RC.json,per_instance_trials,RC107,RC,RC1,0.8,1.5,0.7,0.4,True,computation_time,4.59
hyperparameter_for_RC.json,per_instance_trials,RC107,RC,RC1,0.8,1.5,0.7,0.4,True,n_coarsened,6.0
hyperparameter_for_RC.json,per_instance_trials,RC107,RC,RC1,0.8,1.5,0.7,0.4,True,num_vehicles,3.0
hyperparameter_for_RC.json,per_instance_trials,RC107,RC,RC1,0.8,1.5,0.7,0.4,True,time_window_violations,0.0
hyperparameter_for_RC.json,per_instance_trials,RC107,RC,RC1,0.8,1.5,0.7,0.4,True,total_distance,282.69350900524273
hyperparameter_for_RC.json,per_instance_trials,RC107,RC,RC1,0.7,2.0,0.7,1.0,True,computation_time,4.59
hyperparameter_for_RC.json,per_instance_trials,RC107,RC,RC1,0.7,2.0,0.7,1.0,True,n_coarsened,6.0
hyperparameter_for_RC.json,per_instance_trials,RC107,RC,RC1,0.7,2.0,0.7,1.0,True,num_vehicles,3.0
hyperparameter_for_RC.json,per_instance_trials,RC107,RC,RC1,0.7,2.0,0.7,1.0,True,time_window_violations,0.0
hyperparameter_for_RC.json,per_instance_trials,RC107,RC,RC1,0.7,2.0,0.7,1.0,True,total_distance,246.29201533235414
hyperparameter_for_RC.json,per_instance_trials,RC107,RC,RC1,0.5,2.0,1.0,0.6,False,computation_time,1.63
hyperparameter_for_RC.json,per_instance_trials,RC107,RC,RC1,0.5,2.0,1.0,0.6,False,n_coarsened,3.0
hyperparameter_for_RC.json,per_instance_trials,RC107,RC,RC1,0.5,2.0,1.0,0.6,False,num_vehicles,2.0
hyperparameter_for_RC.json,per_instance_trials,RC107,RC,RC1,0.5,2.0,1.0,0.6,False,time_window_violations,1.0
hyperparameter_for_RC.json,per_instance_trials,RC107,RC,RC1,0.5,2.0,1.0,0.6,False,total_distance,169.8794572898442
hyperparameter_for_RC.json,per_instance_trials,RC107,RC,RC1,0.8,1.5,0.3,0.4,False,computation_time,4.63
hyperparameter_for_RC.json,per_instance_trials,RC107,RC,RC1,0.8,1.5,0.3,0.4,False,n_coarsened,6.0
hyperparameter_for_RC.json,per_instance_trials,RC107,RC,RC1,0.8,1.5,0.3,0.4,False,num_vehicles,2.0
hyperparameter_for_RC.json,per_instance_trials,RC107,RC,RC1,0.8,1.5,0.3,0.4,False,time_window_violations,2.0
hyperparameter_for_RC.json,per_instance_trials,RC107,RC,RC1,0.8,1.5,0.3,0.4,False,total_distance,265.8536074619331
hyperparameter_for_RC.json,per_instance_trials,RC107,RC,RC1,0.6,2.0,0.3,0.8,True,computation_time,3.3
hyperparameter_for_RC.json,per_instance_trials,RC107,RC,RC1,0.6,2.0,0.3,0.8,True,n_coarsened,5.0
hyperparameter_for_RC.json,per_instance_trials,RC107,RC,RC1,0.6,2.0,0.3,0.8,True,num_vehicles,3.0
hyperparameter_for_RC.json,per_instance_trials,RC107,RC,RC1,0.6,2.0,0.3,0.8,True,time_window_violations,0.0
hyperparameter_for_RC.json,per_instance_trials,RC107,RC,RC1,0.6,2.0,0.3,0.8,True,total_distance,277.8218042184496
hyperparameter_for_RC.json,per_instance_trials,RC107,RC,RC1,0.7,5.0,0.5,0.2,True,computation_time,4.62
hyperparameter_for_RC.json,per_instance_trials,RC107,RC,RC1,0.7,5.0,0.5,0.2,True,n_coarsened,6.0
hyperparameter_for_RC.json,per_instance_trials,RC107,RC,RC1,0.7,5.0,0.5,0.2,True,num_vehicles,3.0
hyperparameter_for_RC.json,per_instance_trials,RC107,RC,RC1,0.7,5.0,0.5,0.2,True,time_window_violations,0.0
hyperparameter_for_RC.json,per_instance_trials,RC107,RC,RC1,0.7,5.0,0.5,0.2,True,total_distance,253.55651441155055
hyperparameter_for_RC.json,per_instance_trials,RC107,RC,RC1,0.8,1.5,0.9,0.6,True,computation_time,4.65
hyperparameter_for_RC.json,per_instance_trials,RC107,RC,RC1,0.8,1.5,0.9,0.6,True,n_coarsened,6.0
hyperparameter_for_RC.json,per_instance_trials,RC107,RC,RC1,0.8,1.5,0.9,0.6,True,num_vehicles,3.0
hyperparameter_for_RC.json,per_instance_trials,RC107,RC,RC1,0.8,1.5,0.9,0.6,True,time_window_violations,0.0
hyperparameter_for_RC.json,per_instance_trials,RC107,RC,RC1,0.8,1.5,0.9,0.6,True,total_distance,293.50356443524396
hyperparameter_for_RC.json,per_instance_trials,RC107,RC,RC1,0.4,2.0,0.5,0.6,False,computation_time,1.64
hyperparameter_for_RC.json,per_instance_trials,RC107,RC,RC1,0.4,2.0,0.5,0.6,False,n_coarsened,3.0
hyperparameter_for_RC.json,per_instance_trials,RC107,RC,RC1,0.4,2.0,0.5,0.6,False,num_vehicles,2.0
hyperparameter_for_RC.json,per_instance_trials,RC107,RC,RC1,0.4,2.0,0.5,0.6,False,time_window_violations,1.0
hyperparameter_for_RC.json,per_instance_trials,RC107,RC,RC1,0.4,2.0,0.5,0.6,False,total_distance,169.8794572898442
hyperparameter_for_RC.json,per_instance_trials,RC107,RC,RC1,0.3,1.0,0.7,0.4,False,computation_time,2.12
hyperparameter_for_RC.json,per_instance_trials,RC107,RC,RC1,0.3,1.0,0.7,0.4,False,n_coarsened,4.0
hyperparameter_for_RC.json,per_instance_trials,RC107,RC,RC1,0.3,1.0,0.7,0.4,False,num_vehicles,2.0
hyperparameter_for_RC.json,per_instance_trials,RC107,RC,RC1,0.3,1.0,0.7,0.4,False,time_window_violations,1.0
hyperparameter_for_RC.json,per_instance_trials,RC107,RC,RC1,0.3,1.0,0.7,0.4,False,total_distance,222.04818289899492
hyperparameter_for_RC.json,per_instance_trials,RC107,RC,RC1,0.8,3.0,0.9,0.4,True,computation_time,4.59
hyperparameter_for_RC.json,per_instance_trials,RC107,RC,RC1,0.8,3.0,0.9,0.4,True,n_coarsened,6.0
hyperparameter_for_RC.json,per_instance_trials,RC107,RC,RC1,0.8,3.0,0.9,0.4,True,num_vehicles,3.0
hyperparameter_for_RC.json,per_instance_trials,RC107,RC,RC1,0.8,3.0,0.9,0.4,True,time_window_violations,0.0
hyperparameter_for_RC.json,per_instance_trials,RC107,RC,RC1,0.8,3.0,0.9,0.4,True,total_distance,242.25972150319438
hyperparameter_for_RC.json,per_instance_trials,RC107,RC,RC1,0.6,2.0,1.0,0.8,False,computation_time,3.3
hyperparameter_for_RC.json,per_instance_trials,RC107,RC,RC1,0.6,2.0,1.0,0.8,False,n_coarsened,5.0
hyperparameter_for_RC.json,per_instance_trials,RC107,RC,RC1,0.6,2.0,1.0,0.8,False,num_vehicles,2.0
hyperparameter_for_RC.json,per_instance_trials,RC107,RC,RC1,0.6,2.0,1.0,0.8,False,time_window_violations,2.0
hyperparameter_for_RC.json,per_instance_trials,RC107,RC,RC1,0.6,2.0,1.0,0.8,False,total_distance,227.14063470943535
hyperparameter_for_RC.json,per_instance_trials,RC107,RC,RC1,0.4,0.5,1.0,1.0,False,computation_time,2.1
hyperparameter_for_RC.json,per_instance_trials,RC107,RC,RC1,0.4,0.5,1.0,1.0,False,n_coarsened,4.0
hyperparameter_for_RC.json,per_instance_trials,RC107,RC,RC1,0.4,0.5,1.0,1.0,False,num_vehicles,2.0
hyperparameter_for_RC.json,per_instance_trials,RC107,RC,RC1,0.4,0.5,1.0,1.0,False,time_window_violations,2.0
hyperparameter_for_RC.json,per_instance_trials,RC107,RC,RC1,0.4,0.5,1.0,1.0,False,total_distance,227.14063470943535
hyperparameter_for_RC.json,per_instance_trials,RC107,RC,RC1,0.5,1.5,0.9,1.0,False,computation_time,2.1
hyperparameter_for_RC.json,per_instance_trials,RC107,RC,RC1,0.5,1.5,0.9,1.0,False,n_coarsened,4.0
hyperparameter_for_RC.json,per_instance_trials,RC107,RC,RC1,0.5,1.5,0.9,1.0,False,num_vehicles,2.0
hyperparameter_for_RC.json,per_instance_trials,RC107,RC,RC1,0.5,1.5,0.9,1.0,False,time_window_violations,2.0
hyperparameter_for_RC.json,per_instance_trials,RC107,RC,RC1,0.5,1.5,0.9,1.0,False,total_distance,227.14063470943535
hyperparameter_for_RC.json,per_instance_trials,RC107,RC,RC1,0.5,2.0,0.9,0.4,False,computation_time,1.63
hyperparameter_for_RC.json,per_instance_trials,RC107,RC,RC1,0.5,2.0,0.9,0.4,False,n_coarsened,3.0
hyperparameter_for_RC.json,per_instance_trials,RC107,RC,RC1,0.5,2.0,0.9,0.4,False,num_vehicles,2.0
hyperparameter_for_RC.json,per_instance_trials,RC107,RC,RC1,0.5,2.0,0.9,0.4,False,time_window_violations,1.0
hyperparameter_for_RC.json,per_instance_trials,RC107,RC,RC1,0.5,2.0,0.9,0.4,False,total_distance,169.8794572898442
hyperparameter_for_RC.json,per_instance_trials,RC107,RC,RC1,0.6,0.5,0.7,0.4,False,computation_time,3.3
hyperparameter_for_RC.json,per_instance_trials,RC107,RC,RC1,0.6,0.5,0.7,0.4,False,n_coarsened,5.0
hyperparameter_for_RC.json,per_instance_trials,RC107,RC,RC1,0.6,0.5,0.7,0.4,False,num_vehicles,2.0
hyperparameter_for_RC.json,per_instance_trials,RC107,RC,RC1,0.6,0.5,0.7,0.4,False,time_window_violations,2.0
hyperparameter_for_RC.json,per_instance_trials,RC107,RC,RC1,0.6,0.5,0.7,0.4,False,total_distance,225.38272405445554
hyperparameter_for_RC.json,per_instance_trials,RC107,RC,RC1,0.7,2.0,0.5,0.2,True,computation_time,4.59
hyperparameter_for_RC.json,per_instance_trials,RC107,RC,RC1,0.7,2.0,0.5,0.2,True,n_coarsened,6.0
hyperparameter_for_RC.json,per_instance_trials,RC107,RC,RC1,0.7,2.0,0.5,0.2,True,num_vehicles,2.0
hyperparameter_for_RC.json,per_instance_trials,RC107,RC,RC1,0.7,2.0,0.5,0.2,True,time_window_violations,0.0
hyperparameter_for_RC.json,per_instance_trials,RC107,RC,RC1,0.7,2.0,0.5,0.2,True,total_distance,226.7157707447089
hyperparameter_for_RC.json,per_instance_trials,RC108,RC,RC1,0.3,2.0,0.9,0.6,True,computation_time,1.13
hyperparameter_for_RC.json,per_instance_trials,RC108,RC,RC1,0.3,2.0,0.9,0.6,True,n_coarsened,2.0
hyperparameter_for_RC.json,per_instance_trials,RC108,RC,RC1,0.3,2.0,0.9,0.6,True,num_vehicles,2.0
hyperparameter_for_RC.json,per_instance_trials,RC108,RC,RC1,0.3,2.0,0.9,0.6,True,time_window_violations,0.0
hyperparameter_for_RC.json,per_instance_trials,RC108,RC,RC1,0.3,2.0,0.9,0.6,True,total_distance,169.8794572898442
hyperparameter_for_RC.json,per_instance_trials,RC108,RC,RC1,0.8,5.0,0.3,0.6,True,computation_time,3.15
hyperparameter_for_RC.json,per_instance_trials,RC108,RC,RC1,0.8,5.0,0.3,0.6,True,n_coarsened,5.0
hyperparameter_for_RC.json,per_instance_trials,RC108,RC,RC1,0.8,5.0,0.3,0.6,True,num_vehicles,2.0
hyperparameter_for_RC.json,per_instance_trials,RC108,RC,RC1,0.8,5.0,0.3,0.6,True,time_window_violations,0.0
hyperparameter_for_RC.json,per_instance_trials,RC108,RC,RC1,0.8,5.0,0.3,0.6,True,total_distance,229.6299148626062
hyperparameter_for_RC.json,per_instance_trials,RC108,RC,RC1,0.5,5.0,0.9,0.8,False,computation_time,1.61
hyperparameter_for_RC.json,per_instance_trials,RC108,RC,RC1,0.5,5.0,0.9,0.8,False,n_coarsened,3.0
hyperparameter_for_RC.json,per_instance_trials,RC108,RC,RC1,0.5,5.0,0.9,0.8,False,num_vehicles,2.0
hyperparameter_for_RC.json,per_instance_trials,RC108,RC,RC1,0.5,5.0,0.9,0.8,False,time_window_violations,1.0
hyperparameter_for_RC.json,per_instance_trials,RC108,RC,RC1,0.5,5.0,0.9,0.8,False,total_distance,180.5029666398088
hyperparameter_for_RC.json,per_instance_trials,RC108,RC,RC1,0.6,0.5,1.0,1.0,True,computation_time,3.15
hyperparameter_for_RC.json,per_instance_trials,RC108,RC,RC1,0.6,0.5,1.0,1.0,True,n_coarsened,5.0
hyperparameter_for_RC.json,per_instance_trials,RC108,RC,RC1,0.6,0.5,1.0,1.0,True,num_vehicles,2.0
hyperparameter_for_RC.json,per_instance_trials,RC108,RC,RC1,0.6,0.5,1.0,1.0,True,time_window_violations,0.0
hyperparameter_for_RC.json,per_instance_trials,RC108,RC,RC1,0.6,0.5,1.0,1.0,True,total_distance,223.21941713079016
hyperparameter_for_RC.json,per_instance_trials,RC108,RC,RC1,0.6,5.0,0.7,1.0,True,computation_time,3.15
hyperparameter_for_RC.json,per_instance_trials,RC108,RC,RC1,0.6,5.0,0.7,1.0,True,n_coarsened,5.0
hyperparameter_for_RC.json,per_instance_trials,RC108,RC,RC1,0.6,5.0,0.7,1.0,True,num_vehicles,2.0
hyperparameter_for_RC.json,per_instance_trials,RC108,RC,RC1,0.6,5.0,0.7,1.0,True,time_window_violations,0.0
hyperparameter_for_RC.json,per_instance_trials,RC108,RC,RC1,0.6,5.0,0.7,1.0,True,total_distance,225.61408751912734
hyperparameter_for_RC.json,per_instance_trials,RC108,RC,RC1,0.8,3.0,1.0,0.8,True,computation_time,4.61
hyperparameter_for_RC.json,per_instance_trials,RC108,RC,RC1,0.8,3.0,1.0,0.8,True,n_coarsened,6.0
hyperparameter_for_RC.json,per_instance_trials,RC108,RC,RC1,0.8,3.0,1.0,0.8,True,num_vehicles,3.0
hyperparameter_for_RC.json,per_instance_trials,RC108,RC,RC1,0.8,3.0,1.0,0.8,True,time_window_violations,0.0
hyperparameter_for_RC.json,per_instance_trials,RC108,RC,RC1,0.8,3.0,1.0,0.8,True,total_distance,285.2823056684549
hyperparameter_for_RC.json,per_instance_trials,RC108,RC,RC1,0.4,3.0,0.3,0.4,True,computation_time,1.63
hyperparameter_for_RC.json,per_instance_trials,RC108,RC,RC1,0.4,3.0,0.3,0.4,True,n_coarsened,3.0
hyperparameter_for_RC.json,per_instance_trials,RC108,RC,RC1,0.4,3.0,0.3,0.4,True,num_vehicles,2.0
hyperparameter_for_RC.json,per_instance_trials,RC108,RC,RC1,0.4,3.0,0.3,0.4,True,time_window_violations,0.0
hyperparameter_for_RC.json,per_instance_trials,RC108,RC,RC1,0.4,3.0,0.3,0.4,True,total_distance,169.8794572898442
hyperparameter_for_RC.json,per_instance_trials,RC108,RC,RC1,0.6,3.0,0.3,0.2,True,computation_time,2.03
hyperparameter_for_RC.json,per_instance_trials,RC108,RC,RC1,0.6,3.0,0.3,0.2,True,n_coarsened,4.0
hyperparameter_for_RC.json,per_instance_trials,RC108,RC,RC1,0.6,3.0,0.3,0.2,True,num_vehicles,2.0
hyperparameter_for_RC.json,per_instance_trials,RC108,RC,RC1,0.6,3.0,0.3,0.2,True,time_window_violations,0.0
hyperparameter_for_RC.json,per_instance_trials,RC108,RC,RC1,0.6,3.0,0.3,0.2,True,total_distance,203.6120197474878
hyperparameter_for_RC.json,per_instance_trials,RC108,RC,RC1,0.5,0.5,0.7,0.4,True,computation_time,2.03
hyperparameter_for_RC.json,per_instance_trials,RC108,RC,RC1,0.5,0.5,0.7,0.4,True,n_coarsened,4.0
hyperparameter_for_RC.json,per_instance_trials,RC108,RC,RC1,0.5,0.5,0.7,0.4,True,num_vehicles,2.0
hyperparameter_for_RC.json,per_instance_trials,RC108,RC,RC1,0.5,0.5,0.7,0.4,True,time_window_violations,0.0
hyperparameter_for_RC.json,per_instance_trials,RC108,RC,RC1,0.5,0.5,0.7,0.4,True,total_distance,178.01215658199294
hyperparameter_for_RC.json,per_instance_trials,RC108,RC,RC1,0.6,1.0,0.9,0.2,True,computation_time,2.03
hyperparameter_for_RC.json,per_instance_trials,RC108,RC,RC1,0.6,1.0,0.9,0.2,True,n_coarsened,4.0
hyperparameter_for_RC.json,per_instance_trials,RC108,RC,RC1,0.6,1.0,0.9,0.2,True,num_vehicles,2.0
hyperparameter_for_RC.json,per_instance_trials,RC108,RC,RC1,0.6,1.0,0.9,0.2,True,time_window_violations,0.0
hyperparameter_for_RC.json,per_instance_trials,RC108,RC,RC1,0.6,1.0,0.9,0.2,True,total_distance,203.6120197474878
hyperparameter_for_RC.json,per_instance_trials,RC108,RC,RC1,0.4,0.5,1.0,0.6,True,computation_time,1.66
hyperparameter_for_RC.json,per_instance_trials,RC108,RC,RC1,0.4,0.5,1.0,0.6,True,n_coarsened,3.0
hyperparameter_for_RC.json,per_instance_trials,RC108,RC,RC1,0.4,0.5,1.0,0.6,True,num_vehicles,2.0
hyperparameter_for_RC.json,per_instance_trials,RC108,RC,RC1,0.4,0.5,1.0,0.6,True,time_window_violations,0.0
hyperparameter_for_RC.json,per_instance_trials,RC108,RC,RC1,0.4,0.5,1.0,0.6,True,total_distance,169.8794572898442
hyperparameter_for_RC.json,per_instance_trials,RC108,RC,RC1,0.4,5.0,1.0,1.0,False,computation_time,1.64
hyperparameter_for_RC.json,per_instance_trials,RC108,RC,RC1,0.4,5.0,1.0,1.0,False,n_coarsened,3.0
hyperparameter_for_RC.json,per_instance_trials,RC108,RC,RC1,0.4,5.0,1.0,1.0,False,num_vehicles,2.0
hyperparameter_for_RC.json,per_instance_trials,RC108,RC,RC1,0.4,5.0,1.0,1.0,False,time_window_violations,1.0
hyperparameter_for_RC.json,per_instance_trials,RC108,RC,RC1,0.4,5.0,1.0,1.0,False,total_distance,180.5029666398088
hyperparameter_for_RC.json,per_instance_trials,RC108,RC,RC1,0.3,1.0,0.3,0.8,True,computation_time,1.14
hyperparameter_for_RC.json,per_instance_trials,RC108,RC,RC1,0.3,1.0,0.3,0.8,True,n_coarsened,2.0
hyperparameter_for_RC.json,per_instance_trials,RC108,RC,RC1,0.3,1.0,0.3,0.8,True,num_vehicles,2.0
hyperparameter_for_RC.json,per_instance_trials,RC108,RC,RC1,0.3,1.0,0.3,0.8,True,time_window_violations,0.0
hyperparameter_for_RC.json,per_instance_trials,RC108,RC,RC1,0.3,1.0,0.3,0.8,True,total_distance,169.8794572898442
hyperparameter_for_RC.json,per_instance_trials,RC108,RC,RC1,0.5,1.5,1.0,1.0,True,computation_time,2.06
hyperparameter_for_RC.json,per_instance_trials,RC108,RC,RC1,0.5,1.5,1.0,1.0,True,n_coarsened,4.0
hyperparameter_for_RC.json,per_instance_trials,RC108,RC,RC1,0.5,1.5,1.0,1.0,True,num_vehicles,2.0
hyperparameter_for_RC.json,per_instance_trials,RC108,RC,RC1,0.5,1.5,1.0,1.0,True,time_window_violations,0.0
hyperparameter_for_RC.json,per_instance_trials,RC108,RC,RC1,0.5,1.5,1.0,1.0,True,total_distance,170.59623732876258
hyperparameter_for_RC.json,per_instance_trials,RC108,RC,RC1,0.6,2.0,0.5,0.8,True,computation_time,2.05
hyperparameter_for_RC.json,per_instance_trials,RC108,RC,RC1,0.6,2.0,0.5,0.8,True,n_coarsened,4.0
hyperparameter_for_RC.json,per_instance_trials,RC108,RC,RC1,0.6,2.0,0.5,0.8,True,num_vehicles,2.0
hyperparameter_for_RC.json,per_instance_trials,RC108,RC,RC1,0.6,2.0,0.5,0.8,True,time_window_violations,0.0
hyperparameter_for_RC.json,per_instance_trials,RC108,RC,RC1,0.6,2.0,0.5,0.8,True,total_distance,178.01215658199294
hyperparameter_for_RC.json,per_instance_trials,RC108,RC,RC1,0.6,2.0,0.7,0.4,True,computation_time,2.03
hyperparameter_for_RC.json,per_instance_trials,RC108,RC,RC1,0.6,2.0,0.7,0.4,True,n_coarsened,4.0
hyperparameter_for_RC.json,per_instance_trials,RC108,RC,RC1,0.6,2.0,0.7,0.4,True,num_vehicles,2.0
hyperparameter_for_RC.json,per_instance_trials,RC108,RC,RC1,0.6,2.0,0.7,0.4,True,time_window_violations,0.0
hyperparameter_for_RC.json,per_instance_trials,RC108,RC,RC1,0.6,2.0,0.7,0.4,True,total_distance,203.6120197474878
hyperparameter_for_RC.json,per_instance_trials,RC108,RC,RC1,0.6,1.5,0.7,0.8,True,computation_time,2.03
hyperparameter_for_RC.json,per_instance_trials,RC108,RC,RC1,0.6,1.5,0.7,0.8,True,n_coarsened,4.0
hyperparameter_for_RC.json,per_instance_trials,RC108,RC,RC1,0.6,1.5,0.7,0.8,True,num_vehicles,2.0
hyperparameter_for_RC.json,per_instance_trials,RC108,RC,RC1,0.6,1.5,0.7,0.8,True,time_window_violations,0.0
hyperparameter_for_RC.json,per_instance_trials,RC108,RC,RC1,0.6,1.5,0.7,0.8,True,total_distance,206.45500272231695
hyperparameter_for_RC.json,per_instance_trials,RC108,RC,RC1,0.7,2.0,0.7,0.8,True,computation_time,4.64
hyperparameter_for_RC.json,per_instance_trials,RC108,RC,RC1,0.7,2.0,0.7,0.8,True,n_coarsened,6.0
hyperparameter_for_RC.json,per_instance_trials,RC108,RC,RC1,0.7,2.0,0.7,0.8,True,num_vehicles,3.0
hyperparameter_for_RC.json,per_instance_trials,RC108,RC,RC1,0.7,2.0,0.7,0.8,True,time_window_violations,0.0
hyperparameter_for_RC.json,per_instance_trials,RC108,RC,RC1,0.7,2.0,0.7,0.8,True,total_distance,242.4821103278904
hyperparameter_for_RC.json,per_instance_trials,RC108,RC,RC1,0.5,1.5,0.3,0.2,True,computation_time,2.04
hyperparameter_for_RC.json,per_instance_trials,RC108,RC,RC1,0.5,1.5,0.3,0.2,True,n_coarsened,4.0
hyperparameter_for_RC.json,per_instance_trials,RC108,RC,RC1,0.5,1.5,0.3,0.2,True,num_vehicles,2.0
hyperparameter_for_RC.json,per_instance_trials,RC108,RC,RC1,0.5,1.5,0.3,0.2,True,time_window_violations,0.0
hyperparameter_for_RC.json,per_instance_trials,RC108,RC,RC1,0.5,1.5,0.3,0.2,True,total_distance,203.61201974748775
hyperparameter_for_RC.json,per_instance_trials,RC108,RC,RC1,0.4,1.0,1.0,1.0,True,computation_time,1.63
hyperparameter_for_RC.json,per_instance_trials,RC108,RC,RC1,0.4,1.0,1.0,1.0,True,n_coarsened,3.0
hyperparameter_for_RC.json,per_instance_trials,RC108,RC,RC1,0.4,1.0,1.0,1.0,True,num_vehicles,2.0
hyperparameter_for_RC.json,per_instance_trials,RC108,RC,RC1,0.4,1.0,1.0,1.0,True,time_window_violations,0.0
hyperparameter_for_RC.json,per_instance_trials,RC108,RC,RC1,0.4,1.0,1.0,1.0,True,total_distance,169.8794572898442
hyperparameter_for_RC.json,per_instance_trials,RC108,RC,RC1,0.8,2.0,1.0,0.4,True,computation_time,4.75
hyperparameter_for_RC.json,per_instance_trials,RC108,RC,RC1,0.8,2.0,1.0,0.4,True,n_coarsened,6.0
hyperparameter_for_RC.json,per_instance_trials,RC108,RC,RC1,0.8,2.0,1.0,0.4,True,num_vehicles,3.0
hyperparameter_for_RC.json,per_instance_trials,RC108,RC,RC1,0.8,2.0,1.0,0.4,True,time_window_violations,0.0
hyperparameter_for_RC.json,per_instance_trials,RC108,RC,RC1,0.8,2.0,1.0,0.4,True,total_distance,280.67015623056307
hyperparameter_for_RC.json,per_instance_trials,RC108,RC,RC1,0.5,2.0,1.0,0.8,True,computation_time,2.08
hyperparameter_for_RC.json,per_instance_trials,RC108,RC,RC1,0.5,2.0,1.0,0.8,True,n_coarsened,4.0
hyperparameter_for_RC.json,per_instance_trials,RC108,RC,RC1,0.5,2.0,1.0,0.8,True,num_vehicles,2.0
hyperparameter_for_RC.json,per_instance_trials,RC108,RC,RC1,0.5,2.0,1.0,0.8,True,time_window_violations,0.0
hyperparameter_for_RC.json,per_instance_trials,RC108,RC,RC1,0.5,2.0,1.0,0.8,True,total_distance,206.45500272231692
hyperparameter_for_RC.json,per_instance_trials,RC108,RC,RC1,0.6,2.0,0.9,1.0,True,computation_time,2.02
hyperparameter_for_RC.json,per_instance_trials,RC108,RC,RC1,0.6,2.0,0.9,1.0,True,n_coarsened,4.0
hyperparameter_for_RC.json,per_instance_trials,RC108,RC,RC1,0.6,2.0,0.9,1.0,True,num_vehicles,2.0
hyperparameter_for_RC.json,per_instance_trials,RC108,RC,RC1,0.6,2.0,0.9,1.0,True,time_window_violations,0.0
hyperparameter_for_RC.json,per_instance_trials,RC108,RC,RC1,0.6,2.0,0.9,1.0,True,total_distance,170.59623732876258
hyperparameter_for_RC.json,per_instance_trials,RC108,RC,RC1,0.6,3.0,0.7,0.2,True,computation_time,2.03
hyperparameter_for_RC.json,per_instance_trials,RC108,RC,RC1,0.6,3.0,0.7,0.2,True,n_coarsened,4.0
hyperparameter_for_RC.json,per_instance_trials,RC108,RC,RC1,0.6,3.0,0.7,0.2,True,num_vehicles,2.0
hyperparameter_for_RC.json,per_instance_trials,RC108,RC,RC1,0.6,3.0,0.7,0.2,True,time_window_violations,0.0
hyperparameter_for_RC.json,per_instance_trials,RC108,RC,RC1,0.6,3.0,0.7,0.2,True,total_distance,170.59623732876258
hyperparameter_for_RC.json,per_instance_trials,RC108,RC,RC1,0.8,1.5,0.7,0.4,True,computation_time,4.6
hyperparameter_for_RC.json,per_instance_trials,RC108,RC,RC1,0.8,1.5,0.7,0.4,True,n_coarsened,6.0
hyperparameter_for_RC.json,per_instance_trials,RC108,RC,RC1,0.8,1.5,0.7,0.4,True,num_vehicles,3.0
hyperparameter_for_RC.json,per_instance_trials,RC108,RC,RC1,0.8,1.5,0.7,0.4,True,time_window_violations,0.0
hyperparameter_for_RC.json,per_instance_trials,RC108,RC,RC1,0.8,1.5,0.7,0.4,True,total_distance,280.67015623056307
hyperparameter_for_RC.json,per_instance_trials,RC108,RC,RC1,0.7,2.0,0.7,1.0,True,computation_time,4.66
hyperparameter_for_RC.json,per_instance_trials,RC108,RC,RC1,0.7,2.0,0.7,1.0,True,n_coarsened,6.0
hyperparameter_for_RC.json,per_instance_trials,RC108,RC,RC1,0.7,2.0,0.7,1.0,True,num_vehicles,3.0
hyperparameter_for_RC.json,per_instance_trials,RC108,RC,RC1,0.7,2.0,0.7,1.0,True,time_window_violations,0.0
hyperparameter_for_RC.json,per_instance_trials,RC108,RC,RC1,0.7,2.0,0.7,1.0,True,total_distance,279.4026828287322
hyperparameter_for_RC.json,per_instance_trials,RC108,RC,RC1,0.5,2.0,1.0,0.6,True,computation_time,2.05
hyperparameter_for_RC.json,per_instance_trials,RC108,RC,RC1,0.5,2.0,1.0,0.6,True,n_coarsened,4.0
hyperparameter_for_RC.json,per_instance_trials,RC108,RC,RC1,0.5,2.0,1.0,0.6,True,num_vehicles,2.0
hyperparameter_for_RC.json,per_instance_trials,RC108,RC,RC1,0.5,2.0,1.0,0.6,True,time_window_violations,0.0
hyperparameter_for_RC.json,per_instance_trials,RC108,RC,RC1,0.5,2.0,1.0,0.6,True,total_distance,203.61201974748775
hyperparameter_for_RC.json,per_instance_trials,RC108,RC,RC1,0.8,1.5,0.3,0.4,True,computation_time,4.6
hyperparameter_for_RC.json,per_instance_trials,RC108,RC,RC1,0.8,1.5,0.3,0.4,True,n_coarsened,6.0
hyperparameter_for_RC.json,per_instance_trials,RC108,RC,RC1,0.8,1.5,0.3,0.4,True,num_vehicles,3.0
hyperparameter_for_RC.json,per_instance_trials,RC108,RC,RC1,0.8,1.5,0.3,0.4,True,time_window_violations,0.0
hyperparameter_for_RC.json,per_instance_trials,RC108,RC,RC1,0.8,1.5,0.3,0.4,True,total_distance,249.04826750986985
hyperparameter_for_RC.json,per_instance_trials,RC108,RC,RC1,0.6,2.0,0.3,0.8,True,computation_time,2.04
hyperparameter_for_RC.json,per_instance_trials,RC108,RC,RC1,0.6,2.0,0.3,0.8,True,n_coarsened,4.0
hyperparameter_for_RC.json,per_instance_trials,RC108,RC,RC1,0.6,2.0,0.3,0.8,True,num_vehicles,2.0
hyperparameter_for_RC.json,per_instance_trials,RC108,RC,RC1,0.6,2.0,0.3,0.8,True,time_window_violations,0.0
hyperparameter_for_RC.json,per_instance_trials,RC108,RC,RC1,0.6,2.0,0.3,0.8,True,total_distance,203.61201974748775
hyperparameter_for_RC.json,per_instance_trials,RC108,RC,RC1,0.7,5.0,0.5,0.2,True,computation_time,3.18
hyperparameter_for_RC.json,per_instance_trials,RC108,RC,RC1,0.7,5.0,0.5,0.2,True,n_coarsened,5.0
hyperparameter_for_RC.json,per_instance_trials,RC108,RC,RC1,0.7,5.0,0.5,0.2,True,num_vehicles,2.0
hyperparameter_for_RC.json,per_instance_trials,RC108,RC,RC1,0.7,5.0,0.5,0.2,True,time_window_violations,0.0
hyperparameter_for_RC.json,per_instance_trials,RC108,RC,RC1,0.7,5.0,0.5,0.2,True,total_distance,188.2238364631008
hyperparameter_for_RC.json,per_instance_trials,RC108,RC,RC1,0.8,1.5,0.9,0.6,True,computation_time,4.6
hyperparameter_for_RC.json,per_instance_trials,RC108,RC,RC1,0.8,1.5,0.9,0.6,True,n_coarsened,6.0
hyperparameter_for_RC.json,per_instance_trials,RC108,RC,RC1,0.8,1.5,0.9,0.6,True,num_vehicles,3.0
hyperparameter_for_RC.json,per_instance_trials,RC108,RC,RC1,0.8,1.5,0.9,0.6,True,time_window_violations,0.0
hyperparameter_for_RC.json,per_instance_trials,RC108,RC,RC1,0.8,1.5,0.9,0.6,True,total_distance,297.44427482063975
hyperparameter_for_RC.json,per_instance_trials,RC108,RC,RC1,0.4,2.0,0.5,0.6,True,computation_time,1.64
hyperparameter_for_RC.json,per_instance_trials,RC108,RC,RC1,0.4,2.0,0.5,0.6,True,n_coarsened,3.0
hyperparameter_for_RC.json,per_instance_trials,RC108,RC,RC1,0.4,2.0,0.5,0.6,True,num_vehicles,2.0
hyperparameter_for_RC.json,per_instance_trials,RC108,RC,RC1,0.4,2.0,0.5,0.6,True,time_window_violations,0.0
hyperparameter_for_RC.json,per_instance_trials,RC108,RC,RC1,0.4,2.0,0.5,0.6,True,total_distance,169.8794572898442
hyperparameter_for_RC.json,per_instance_trials,RC108,RC,RC1,0.3,1.0,0.7,0.4,True,computation_time,1.2
hyperparameter_for_RC.json,per_instance_trials,RC108,RC,RC1,0.3,1.0,0.7,0.4,True,n_coarsened,2.0
hyperparameter_for_RC.json,per_instance_trials,RC108,RC,RC1,0.3,1.0,0.7,0.4,True,num_vehicles,2.0
hyperparameter_for_RC.json,per_instance_trials,RC108,RC,RC1,0.3,1.0,0.7,0.4,True,time_window_violations,0.0
hyperparameter_for_RC.json,per_instance_trials,RC108,RC,RC1,0.3,1.0,0.7,0.4,True,total_distance,169.8794572898442
hyperparameter_for_RC.json,per_instance_trials,RC108,RC,RC1,0.8,3.0,0.9,0.4,True,computation_time,4.74
hyperparameter_for_RC.json,per_instance_trials,RC108,RC,RC1,0.8,3.0,0.9,0.4,True,n_coarsened,6.0
hyperparameter_for_RC.json,per_instance_trials,RC108,RC,RC1,0.8,3.0,0.9,0.4,True,num_vehicles,2.0
hyperparameter_for_RC.json,per_instance_trials,RC108,RC,RC1,0.8,3.0,0.9,0.4,True,time_window_violations,0.0
hyperparameter_for_RC.json,per_instance_trials,RC108,RC,RC1,0.8,3.0,0.9,0.4,True,total_distance,223.21941713079016
hyperparameter_for_RC.json,per_instance_trials,RC108,RC,RC1,0.6,2.0,1.0,0.8,True,computation_time,2.11
hyperparameter_for_RC.json,per_instance_trials,RC108,RC,RC1,0.6,2.0,1.0,0.8,True,n_coarsened,4.0
hyperparameter_for_RC.json,per_instance_trials,RC108,RC,RC1,0.6,2.0,1.0,0.8,True,num_vehicles,2.0
hyperparameter_for_RC.json,per_instance_trials,RC108,RC,RC1,0.6,2.0,1.0,0.8,True,time_window_violations,0.0
hyperparameter_for_RC.json,per_instance_trials,RC108,RC,RC1,0.6,2.0,1.0,0.8,True,total_distance,169.8794572898442
hyperparameter_for_RC.json,per_instance_trials,RC108,RC,RC1,0.4,0.5,1.0,1.0,True,computation_time,1.65
hyperparameter_for_RC.json,per_instance_trials,RC108,RC,RC1,0.4,0.5,1.0,1.0,True,n_coarsened,3.0
hyperparameter_for_RC.json,per_instance_trials,RC108,RC,RC1,0.4,0.5,1.0,1.0,True,num_vehicles,2.0
hyperparameter_for_RC.json,per_instance_trials,RC108,RC,RC1,0.4,0.5,1.0,1.0,True,time_window_violations,0.0
hyperparameter_for_RC.json,per_instance_trials,RC108,RC,RC1,0.4,0.5,1.0,1.0,True,total_distance,169.8794572898442
hyperparameter_for_RC.json,per_instance_trials,RC108,RC,RC1,0.5,1.5,0.9,1.0,True,computation_time,2.03
hyperparameter_for_RC.json,per_instance_trials,RC108,RC,RC1,0.5,1.5,0.9,1.0,True,n_coarsened,4.0
hyperparameter_for_RC.json,per_instance_trials,RC108,RC,RC1,0.5,1.5,0.9,1.0,True,num_vehicles,2.0
hyperparameter_for_RC.json,per_instance_trials,RC108,RC,RC1,0.5,1.5,0.9,1.0,True,time_window_violations,0.0
hyperparameter_for_RC.json,per_instance_trials,RC108,RC,RC1,0.5,1.5,0.9,1.0,True,total_distance,170.59623732876258
hyperparameter_for_RC.json,per_instance_trials,RC108,RC,RC1,0.5,2.0,0.9,0.4,True,computation_time,2.24
hyperparameter_for_RC.json,per_instance_trials,RC108,RC,RC1,0.5,2.0,0.9,0.4,True,n_coarsened,4.0
hyperparameter_for_RC.json,per_instance_trials,RC108,RC,RC1,0.5,2.0,0.9,0.4,True,num_vehicles,2.0
hyperparameter_for_RC.json,per_instance_trials,RC108,RC,RC1,0.5,2.0,0.9,0.4,True,time_window_violations,0.0
hyperparameter_for_RC.json,per_instance_trials,RC108,RC,RC1,0.5,2.0,0.9,0.4,True,total_distance,206.45500272231692
hyperparameter_for_RC.json,per_instance_trials,RC108,RC,RC1,0.6,0.5,0.7,0.4,True,computation_time,3.42
hyperparameter_for_RC.json,per_instance_trials,RC108,RC,RC1,0.6,0.5,0.7,0.4,True,n_coarsened,5.0
hyperparameter_for_RC.json,per_instance_trials,RC108,RC,RC1,0.6,0.5,0.7,0.4,True,num_vehicles,2.0
hyperparameter_for_RC.json,per_instance_trials,RC108,RC,RC1,0.6,0.5,0.7,0.4,True,time_window_violations,0.0
hyperparameter_for_RC.json,per_instance_trials,RC108,RC,RC1,0.6,0.5,0.7,0.4,True,total_distance,223.21941713079016
hyperparameter_for_RC.json,per_instance_trials,RC108,RC,RC1,0.7,2.0,0.5,0.2,True,computation_time,4.59
hyperparameter_for_RC.json,per_instance_trials,RC108,RC,RC1,0.7,2.0,0.5,0.2,True,n_coarsened,6.0
hyperparameter_for_RC.json,per_instance_trials,RC108,RC,RC1,0.7,2.0,0.5,0.2,True,num_vehicles,3.0
hyperparameter_for_RC.json,per_instance_trials,RC108,RC,RC1,0.7,2.0,0.5,0.2,True,time_window_violations,0.0
hyperparameter_for_RC.json,per_instance_trials,RC108,RC,RC1,0.7,2.0,0.5,0.2,True,total_distance,236.69298613919685
hyperparameter_for_RC.json,per_instance_trials,RC201,RC,RC2,0.3,2.0,0.9,0.6,False,computation_time,9.14
hyperparameter_for_RC.json,per_instance_trials,RC201,RC,RC2,0.3,2.0,0.9,0.6,False,n_coarsened,7.0
hyperparameter_for_RC.json,per_instance_trials,RC201,RC,RC2,0.3,2.0,0.9,0.6,False,num_vehicles,1.0
hyperparameter_for_RC.json,per_instance_trials,RC201,RC,RC2,0.3,2.0,0.9,0.6,False,time_window_violations,1.0
hyperparameter_for_RC.json,per_instance_trials,RC201,RC,RC2,0.3,2.0,0.9,0.6,False,total_distance,250.23470004194292
hyperparameter_for_RC.json,per_instance_trials,RC201,RC,RC2,0.8,5.0,0.3,0.6,True,computation_time,5.57
hyperparameter_for_RC.json,per_instance_trials,RC201,RC,RC2,0.8,5.0,0.3,0.6,True,n_coarsened,6.0
hyperparameter_for_RC.json,per_instance_trials,RC201,RC,RC2,0.8,5.0,0.3,0.6,True,num_vehicles,3.0
hyperparameter_for_RC.json,per_instance_trials,RC201,RC,RC2,0.8,5.0,0.3,0.6,True,time_window_violations,0.0
hyperparameter_for_RC.json,per_instance_trials,RC201,RC,RC2,0.8,5.0,0.3,0.6,True,total_distance,301.881755525868
hyperparameter_for_RC.json,per_instance_trials,RC201,RC,RC2,0.5,5.0,0.9,0.8,True,computation_time,2.56
hyperparameter_for_RC.json,per_instance_trials,RC201,RC,RC2,0.5,5.0,0.9,0.8,True,n_coarsened,4.0
hyperparameter_for_RC.json,per_instance_trials,RC201,RC,RC2,0.5,5.0,0.9,0.8,True,num_vehicles,2.0
hyperparameter_for_RC.json,per_instance_trials,RC201,RC,RC2,0.5,5.0,0.9,0.8,True,time_window_violations,0.0
hyperparameter_for_RC.json,per_instance_trials,RC201,RC,RC2,0.5,5.0,0.9,0.8,True,total_distance,313.3560068194718
hyperparameter_for_RC.json,per_instance_trials,RC201,RC,RC2,0.6,0.5,1.0,1.0,False,computation_time,18.61
hyperparameter_for_RC.json,per_instance_trials,RC201,RC,RC2,0.6,0.5,1.0,1.0,False,n_coarsened,9.0
hyperparameter_for_RC.json,per_instance_trials,RC201,RC,RC2,0.6,0.5,1.0,1.0,False,num_vehicles,1.0
hyperparameter_for_RC.json,per_instance_trials,RC201,RC,RC2,0.6,0.5,1.0,1.0,False,time_window_violations,6.0
hyperparameter_for_RC.json,per_instance_trials,RC201,RC,RC2,0.6,0.5,1.0,1.0,False,total_distance,230.44556325060356
hyperparameter_for_RC.json,per_instance_trials,RC201,RC,RC2,0.6,5.0,0.7,1.0,True,computation_time,2.37
hyperparameter_for_RC.json,per_instance_trials,RC201,RC,RC2,0.6,5.0,0.7,1.0,True,n_coarsened,4.0
hyperparameter_for_RC.json,per_instance_trials,RC201,RC,RC2,0.6,5.0,0.7,1.0,True,num_vehicles,2.0
hyperparameter_for_RC.json,per_instance_trials,RC201,RC,RC2,0.6,5.0,0.7,1.0,True,time_window_violations,0.0
hyperparameter_for_RC.json,per_instance_trials,RC201,RC,RC2,0.6,5.0,0.7,1.0,True,total_distance,318.3980138421098
hyperparameter_for_RC.json,per_instance_trials,RC201,RC,RC2,0.8,3.0,1.0,0.8,True,computation_time,5.54
hyperparameter_for_RC.json,per_instance_trials,RC201,RC,RC2,0.8,3.0,1.0,0.8,True,n_coarsened,6.0
hyperparameter_for_RC.json,per_instance_trials,RC201,RC,RC2,0.8,3.0,1.0,0.8,True,num_vehicles,3.0
hyperparameter_for_RC.json,per_instance_trials,RC201,RC,RC2,0.8,3.0,1.0,0.8,True,time_window_violations,0.0
hyperparameter_for_RC.json,per_instance_trials,RC201,RC,RC2,0.8,3.0,1.0,0.8,True,total_distance,337.7407527042624
hyperparameter_for_RC.json,per_instance_trials,RC201,RC,RC2,0.4,3.0,0.3,0.4,False,computation_time,1.93
hyperparameter_for_RC.json,per_instance_trials,RC201,RC,RC2,0.4,3.0,0.3,0.4,False,n_coarsened,3.0
hyperparameter_for_RC.json,per_instance_trials,RC201,RC,RC2,0.4,3.0,0.3,0.4,False,num_vehicles,1.0
hyperparameter_for_RC.json,per_instance_trials,RC201,RC,RC2,0.4,3.0,0.3,0.4,False,time_window_violations,1.0
hyperparameter_for_RC.json,per_instance_trials,RC201,RC,RC2,0.4,3.0,0.3,0.4,False,total_distance,288.134248521292
hyperparameter_for_RC.json,per_instance_trials,RC201,RC,RC2,0.6,3.0,0.3,0.2,False,computation_time,2.39
hyperparameter_for_RC.json,per_instance_trials,RC201,RC,RC2,0.6,3.0,0.3,0.2,False,n_coarsened,4.0
hyperparameter_for_RC.json,per_instance_trials,RC201,RC,RC2,0.6,3.0,0.3,0.2,False,num_vehicles,2.0
hyperparameter_for_RC.json,per_instance_trials,RC201,RC,RC2,0.6,3.0,0.3,0.2,False,time_window_violations,1.0
hyperparameter_for_RC.json,per_instance_trials,RC201,RC,RC2,0.6,3.0,0.3,0.2,False,total_distance,312.26647273326114
hyperparameter_for_RC.json,per_instance_trials,RC201,RC,RC2,0.5,0.5,0.7,0.4,True,computation_time,18.42
hyperparameter_for_RC.json,per_instance_trials,RC201,RC,RC2,0.5,0.5,0.7,0.4,True,n_coarsened,9.0
hyperparameter_for_RC.json,per_instance_trials,RC201,RC,RC2,0.5,0.5,0.7,0.4,True,num_vehicles,3.0
hyperparameter_for_RC.json,per_instance_trials,RC201,RC,RC2,0.5,0.5,0.7,0.4,True,time_window_violations,0.0
hyperparameter_for_RC.json,per_instance_trials,RC201,RC,RC2,0.5,0.5,0.7,0.4,True,total_distance,419.485724822726
hyperparameter_for_RC.json,per_instance_trials,RC201,RC,RC2,0.6,1.0,0.9,0.2,True,computation_time,18.26
hyperparameter_for_RC.json,per_instance_trials,RC201,RC,RC2,0.6,1.0,0.9,0.2,True,n_coarsened,9.0
hyperparameter_for_RC.json,per_instance_trials,RC201,RC,RC2,0.6,1.0,0.9,0.2,True,num_vehicles,2.0
hyperparameter_for_RC.json,per_instance_trials,RC201,RC,RC2,0.6,1.0,0.9,0.2,True,time_window_violations,0.0
hyperparameter_for_RC.json,per_instance_trials,RC201,RC,RC2,0.6,1.0,0.9,0.2,True,total_distance,353.0725215227713
hyperparameter_for_RC.json,per_instance_trials,RC201,RC,RC2,0.4,0.5,1.0,0.6,True,computation_time,18.31
hyperparameter_for_RC.json,per_instance_trials,RC201,RC,RC2,0.4,0.5,1.0,0.6,True,n_coarsened,9.0
hyperparameter_for_RC.json,per_instance_trials,RC201,RC,RC2,0.4,0.5,1.0,0.6,True,num_vehicles,2.0
hyperparameter_for_RC.json,per_instance_trials,RC201,RC,RC2,0.4,0.5,1.0,0.6,True,time_window_violations,0.0
hyperparameter_for_RC.json,per_instance_trials,RC201,RC,RC2,0.4,0.5,1.0,0.6,True,total_distance,347.58524472951876
hyperparameter_for_RC.json,per_instance_trials,RC201,RC,RC2,0.4,5.0,1.0,1.0,False,computation_time,1.92
hyperparameter_for_RC.json,per_instance_trials,RC201,RC,RC2,0.4,5.0,1.0,1.0,False,n_coarsened,3.0
hyperparameter_for_RC.json,per_instance_trials,RC201,RC,RC2,0.4,5.0,1.0,1.0,False,num_vehicles,2.0
hyperparameter_for_RC.json,per_instance_trials,RC201,RC,RC2,0.4,5.0,1.0,1.0,False,time_window_violations,1.0
hyperparameter_for_RC.json,per_instance_trials,RC201,RC,RC2,0.4,5.0,1.0,1.0,False,total_distance,312.2664727332611
hyperparameter_for_RC.json,per_instance_trials,RC201,RC,RC2,0.3,1.0,0.3,0.8,True,computation_time,18.61
hyperparameter_for_RC.json,per_instance_trials,RC201,RC,RC2,0.3,1.0,0.3,0.8,True,n_coarsened,9.0
hyperparameter_for_RC.json,per_instance_trials,RC201,RC,RC2,0.3,1.0,0.3,0.8,True,num_vehicles,2.0
hyperparameter_for_RC.json,per_instance_trials,RC201,RC,RC2,0.3,1.0,0.3,0.8,True,time_window_violations,0.0
hyperparameter_for_RC.json,per_instance_trials,RC201,RC,RC2,0.3,1.0,0.3,0.8,True,total_distance,262.46532171239596
hyperparameter_for_RC.json,per_instance_trials,RC201,RC,RC2,0.5,1.5,1.0,1.0,True,computation_time,9.42
hyperparameter_for_RC.json,per_instance_trials,RC201,RC,RC2,0.5,1.5,1.0,1.0,True,n_coarsened,7.0
hyperparameter_for_RC.json,per_instance_trials,RC201,RC,RC2,0.5,1.5,1.0,1.0,True,num_vehicles,2.0
hyperparameter_for_RC.json,per_instance_trials,RC201,RC,RC2,0.5,1.5,1.0,1.0,True,time_window_violations,0.0
hyperparameter_for_RC.json,per_instance_trials,RC201,RC,RC2,0.5,1.5,1.0,1.0,True,total_distance,271.4925919821325
hyperparameter_for_RC.json,per_instance_trials,RC201,RC,RC2,0.6,2.0,0.5,0.8,True,computation_time,9.06
hyperparameter_for_RC.json,per_instance_trials,RC201,RC,RC2,0.6,2.0,0.5,0.8,True,n_coarsened,7.0
hyperparameter_for_RC.json,per_instance_trials,RC201,RC,RC2,0.6,2.0,0.5,0.8,True,num_vehicles,2.0
hyperparameter_for_RC.json,per_instance_trials,RC201,RC,RC2,0.6,2.0,0.5,0.8,True,time_window_violations,0.0
hyperparameter_for_RC.json,per_instance_trials,RC201,RC,RC2,0.6,2.0,0.5,0.8,True,total_distance,310.12448562014
hyperparameter_for_RC.json,per_instance_trials,RC201,RC,RC2,0.6,2.0,0.7,0.4,True,computation_time,9.07
hyperparameter_for_RC.json,per_instance_trials,RC201,RC,RC2,0.6,2.0,0.7,0.4,True,n_coarsened,7.0
hyperparameter_for_RC.json,per_instance_trials,RC201,RC,RC2,0.6,2.0,0.7,0.4,True,num_vehicles,2.0
hyperparameter_for_RC.json,per_instance_trials,RC201,RC,RC2,0.6,2.0,0.7,0.4,True,time_window_violations,0.0
hyperparameter_for_RC.json,per_instance_trials,RC201,RC,RC2,0.6,2.0,0.7,0.4,True,total_distance,350.4838330785044
hyperparameter_for_RC.json,per_instance_trials,RC201,RC,RC2,0.6,1.5,0.7,0.8,True,computation_time,9.29
hyperparameter_for_RC.json,per_instance_trials,RC201,RC,RC2,0.6,1.5,0.7,0.8,True,n_coarsened,7.0
hyperparameter_for_RC.json,per_instance_trials,RC201,RC,RC2,0.6,1.5,0.7,0.8,True,num_vehicles,2.0
hyperparameter_for_RC.json,per_instance_trials,RC201,RC,RC2,0.6,1.5,0.7,0.8,True,time_window_violations,0.0
hyperparameter_for_RC.json,per_instance_trials,RC201,RC,RC2,0.6,1.5,0.7,0.8,True,total_distance,276.38776431569494
hyperparameter_for_RC.json,per_instance_trials,RC201,RC,RC2,0.7,2.0,0.7,0.8,True,computation_time,9.33
hyperparameter_for_RC.json,per_instance_trials,RC201,RC,RC2,0.7,2.0,0.7,0.8,True,n_coarsened,7.0
hyperparameter_for_RC.json,per_instance_trials,RC201,RC,RC2,0.7,2.0,0.7,0.8,True,num_vehicles,3.0
hyperparameter_for_RC.json,per_instance_trials,RC201,RC,RC2,0.7,2.0,0.7,0.8,True,time_window_violations,0.0
hyperparameter_for_RC.json,per_instance_trials,RC201,RC,RC2,0.7,2.0,0.7,0.8,True,total_distance,337.36665644166516
hyperparameter_for_RC.json,per_instance_trials,RC201,RC,RC2,0.5,1.5,0.3,0.2,True,computation_time,9.3
hyperparameter_for_RC.json,per_instance_trials,RC201,RC,RC2,0.5,1.5,0.3,0.2,True,n_coarsened,7.0
hyperparameter_for_RC.json,per_instance_trials,RC201,RC,RC2,0.5,1.5,0.3,0.2,True,num_vehicles,2.0
hyperparameter_for_RC.json,per_instance_trials,RC201,RC,RC2,0.5,1.5,0.3,0.2,True,time_window_violations,0.0
hyperparameter_for_RC.json,per_instance_trials,RC201,RC,RC2,0.5,1.5,0.3,0.2,True,total_distance,281.71286956819
hyperparameter_for_RC.json,per_instance_trials,RC201,RC,RC2,0.4,1.0,1.0,1.0,True,computation_time,18.75
hyperparameter_for_RC.json,per_instance_trials,RC201,RC,RC2,0.4,1.0,1.0,1.0,True,n_coarsened,9.0
hyperparameter_for_RC.json,per_instance_trials,RC201,RC,RC2,0.4,1.0,1.0,1.0,True,num_vehicles,3.0
hyperparameter_for_RC.json,per_instance_trials,RC201,RC,RC2,0.4,1.0,1.0,1.0,True,time_window_violations,0.0
hyperparameter_for_RC.json,per_instance_trials,RC201,RC,RC2,0.4,1.0,1.0,1.0,True,total_distance,330.0749899969268
hyperparameter_for_RC.json,per_instance_trials,RC201,RC,RC2,0.8,2.0,1.0,0.4,True,computation_time,9.2
hyperparameter_for_RC.json,per_instance_trials,RC201,RC,RC2,0.8,2.0,1.0,0.4,True,n_coarsened,7.0
hyperparameter_for_RC.json,per_instance_trials,RC201,RC,RC2,0.8,2.0,1.0,0.4,True,num_vehicles,2.0
hyperparameter_for_RC.json,per_instance_trials,RC201,RC,RC2,0.8,2.0,1.0,0.4,True,time_window_violations,0.0
hyperparameter_for_RC.json,per_instance_trials,RC201,RC,RC2,0.8,2.0,1.0,0.4,True,total_distance,302.31930422430065
hyperparameter_for_RC.json,per_instance_trials,RC201,RC,RC2,0.5,2.0,1.0,0.8,True,computation_time,13.58
hyperparameter_for_RC.json,per_instance_trials,RC201,RC,RC2,0.5,2.0,1.0,0.8,True,n_coarsened,7.0
hyperparameter_for_RC.json,per_instance_trials,RC201,RC,RC2,0.5,2.0,1.0,0.8,True,num_vehicles,3.0
hyperparameter_for_RC.json,per_instance_trials,RC201,RC,RC2,0.5,2.0,1.0,0.8,True,time_window_violations,0.0
hyperparameter_for_RC.json,per_instance_trials,RC201,RC,RC2,0.5,2.0,1.0,0.8,True,total_distance,301.22748397102066
hyperparameter_for_RC.json,per_instance_trials,RC201,RC,RC2,0.6,2.0,0.9,1.0,True,computation_time,16.25
hyperparameter_for_RC.json,per_instance_trials,RC201,RC,RC2,0.6,2.0,0.9,1.0,True,n_coarsened,7.0
hyperparameter_for_RC.json,per_instance_trials,RC201,RC,RC2,0.6,2.0,0.9,1.0,True,num_vehicles,2.0
hyperparameter_for_RC.json,per_instance_trials,RC201,RC,RC2,0.6,2.0,0.9,1.0,True,time_window_violations,0.0
hyperparameter_for_RC.json,per_instance_trials,RC201,RC,RC2,0.6,2.0,0.9,1.0,True,total_distance,236.11293227399983
hyperparameter_for_RC.json,per_instance_trials,RC201,RC,RC2,0.6,3.0,0.7,0.2,False,computation_time,6.99
hyperparameter_for_RC.json,per_instance_trials,RC201,RC,RC2,0.6,3.0,0.7,0.2,False,n_coarsened,5.0
hyperparameter_for_RC.json,per_instance_trials,RC201,RC,RC2,0.6,3.0,0.7,0.2,False,num_vehicles,2.0
hyperparameter_for_RC.json,per_instance_trials,RC201,RC,RC2,0.6,3.0,0.7,0.2,False,time_window_violations,1.0
hyperparameter_for_RC.json,per_instance_trials,RC201,RC,RC2,0.6,3.0,0.7,0.2,False,total_distance,302.69394864448105
hyperparameter_for_RC.json,per_instance_trials,RC201,RC,RC2,0.8,1.5,0.7,0.4,True,computation_time,15.92
hyperparameter_for_RC.json,per_instance_trials,RC201,RC,RC2,0.8,1.5,0.7,0.4,True,n_coarsened,7.0
hyperparameter_for_RC.json,per_instance_trials,RC201,RC,RC2,0.8,1.5,0.7,0.4,True,num_vehicles,2.0
hyperparameter_for_RC.json,per_instance_trials,RC201,RC,RC2,0.8,1.5,0.7,0.4,True,time_window_violations,0.0
hyperparameter_for_RC.json,per_instance_trials,RC201,RC,RC2,0.8,1.5,0.7,0.4,True,total_distance,316.555589183536
hyperparameter_for_RC.json,per_instance_trials,RC201,RC,RC2,0.7,2.0,0.7,1.0,True,computation_time,15.74
hyperparameter_for_RC.json,per_instance_trials,RC201,RC,RC2,0.7,2.0,0.7,1.0,True,n_coarsened,7.0
hyperparameter_for_RC.json,per_instance_trials,RC201,RC,RC2,0.7,2.0,0.7,1.0,True,num_vehicles,2.0
hyperparameter_for_RC.json,per_instance_trials,RC201,RC,RC2,0.7,2.0,0.7,1.0,True,time_window_violations,0.0
hyperparameter_for_RC.json,per_instance_trials,RC201,RC,RC2,0.7,2.0,0.7,1.0,True,total_distance,313.3560068194718
hyperparameter_for_RC.json,per_instance_trials,RC201,RC,RC2,0.5,2.0,1.0,0.6,True,computation_time,16.33
hyperparameter_for_RC.json,per_instance_trials,RC201,RC,RC2,0.5,2.0,1.0,0.6,True,n_coarsened,7.0
hyperparameter_for_RC.json,per_instance_trials,RC201,RC,RC2,0.5,2.0,1.0,0.6,True,num_vehicles,2.0
hyperparameter_for_RC.json,per_instance_trials,RC201,RC,RC2,0.5,2.0,1.0,0.6,True,time_window_violations,0.0
hyperparameter_for_RC.json,per_instance_trials,RC201,RC,RC2,0.5,2.0,1.0,0.6,True,total_distance,309.6683480626458
hyperparameter_for_RC.json,per_instance_trials,RC201,RC,RC2,0.8,1.5,0.3,0.4,True,computation_time,15.85
hyperparameter_for_RC.json,per_instance_trials,RC201,RC,RC2,0.8,1.5,0.3,0.4,True,n_coarsened,7.0
hyperparameter_for_RC.json,per_instance_trials,RC201,RC,RC2,0.8,1.5,0.3,0.4,True,num_vehicles,2.0
hyperparameter_for_RC.json,per_instance_trials,RC201,RC,RC2,0.8,1.5,0.3,0.4,True,time_window_violations,0.0
hyperparameter_for_RC.json,per_instance_trials,RC201,RC,RC2,0.8,1.5,0.3,0.4,True,total_distance,310.06937273901065
hyperparameter_for_RC.json,per_instance_trials,RC201,RC,RC2,0.6,2.0,0.3,0.8,True,computation_time,16.07
hyperparameter_for_RC.json,per_instance_trials,RC201,RC,RC2,0.6,2.0,0.3,0.8,True,n_coarsened,7.0
hyperparameter_for_RC.json,per_instance_trials,RC201,RC,RC2,0.6,2.0,0.3,0.8,True,num_vehicles,2.0
hyperparameter_for_RC.json,per_instance_trials,RC201,RC,RC2,0.6,2.0,0.3,0.8,True,time_window_violations,0.0
hyperparameter_for_RC.json,per_instance_trials,RC201,RC,RC2,0.6,2.0,0.3,0.8,True,total_distance,313.0351379894458
hyperparameter_for_RC.json,per_instance_trials,RC201,RC,RC2,0.7,5.0,0.5,0.2,True,computation_time,9.6
hyperparameter_for_RC.json,per_instance_trials,RC201,RC,RC2,0.7,5.0,0.5,0.2,True,n_coarsened,6.0
hyperparameter_for_RC.json,per_instance_trials,RC201,RC,RC2,0.7,5.0,0.5,0.2,True,num_vehicles,2.0
hyperparameter_for_RC.json,per_instance_trials,RC201,RC,RC2,0.7,5.0,0.5,0.2,True,time_window_violations,0.0
hyperparameter_for_RC.json,per_instance_trials,RC201,RC,RC2,0.7,5.0,0.5,0.2,True,total_distance,277.5998003765037
hyperparameter_for_RC.json,per_instance_trials,RC201,RC,RC2,0.8,1.5,0.9,0.6,True,computation_time,16.19
hyperparameter_for_RC.json,per_instance_trials,RC201,RC,RC2,0.8,1.5,0.9,0.6,True,n_coarsened,7.0
hyperparameter_for_RC.json,per_instance_trials,RC201,RC,RC2,0.8,1.5,0.9,0.6,True,num_vehicles,2.0
hyperparameter_for_RC.json,per_instance_trials,RC201,RC,RC2,0.8,1.5,0.9,0.6,True,time_window_violations,0.0
hyperparameter_for_RC.json,per_instance_trials,RC201,RC,RC2,0.8,1.5,0.9,0.6,True,total_distance,359.6049713131896
hyperparameter_for_RC.json,per_instance_trials,RC201,RC,RC2,0.4,2.0,0.5,0.6,True,computation_time,15.82
hyperparameter_for_RC.json,per_instance_trials,RC201,RC,RC2,0.4,2.0,0.5,0.6,True,n_coarsened,7.0
hyperparameter_for_RC.json,per_instance_trials,RC201,RC,RC2,0.4,2.0,0.5,0.6,True,num_vehicles,2.0
hyperparameter_for_RC.json,per_instance_trials,RC201,RC,RC2,0.4,2.0,0.5,0.6,True,time_window_violations,0.0
hyperparameter_for_RC.json,per_instance_trials,RC201,RC,RC2,0.4,2.0,0.5,0.6,True,total_distance,313.3560068194718
hyperparameter_for_RC.json,per_instance_trials,RC201,RC,RC2,0.3,1.0,0.7,0.4,True,computation_time,32.63
hyperparameter_for_RC.json,per_instance_trials,RC201,RC,RC2,0.3,1.0,0.7,0.4,True,n_coarsened,9.0
hyperparameter_for_RC.json,per_instance_trials,RC201,RC,RC2,0.3,1.0,0.7,0.4,True,num_vehicles,3.0
hyperparameter_for_RC.json,per_instance_trials,RC201,RC,RC2,0.3,1.0,0.7,0.4,True,time_window_violations,0.0
hyperparameter_for_RC.json,per_instance_trials,RC201,RC,RC2,0.3,1.0,0.7,0.4,True,total_distance,372.7151947194585
hyperparameter_for_RC.json,per_instance_trials,RC201,RC,RC2,0.8,3.0,0.9,0.4,True,computation_time,9.6
hyperparameter_for_RC.json,per_instance_trials,RC201,RC,RC2,0.8,3.0,0.9,0.4,True,n_coarsened,6.0
hyperparameter_for_RC.json,per_instance_trials,RC201,RC,RC2,0.8,3.0,0.9,0.4,True,num_vehicles,3.0
hyperparameter_for_RC.json,per_instance_trials,RC201,RC,RC2,0.8,3.0,0.9,0.4,True,time_window_violations,0.0
hyperparameter_for_RC.json,per_instance_trials,RC201,RC,RC2,0.8,3.0,0.9,0.4,True,total_distance,339.4065219839198
hyperparameter_for_RC.json,per_instance_trials,RC201,RC,RC2,0.6,2.0,1.0,0.8,False,computation_time,15.6
hyperparameter_for_RC.json,per_instance_trials,RC201,RC,RC2,0.6,2.0,1.0,0.8,False,n_coarsened,7.0
hyperparameter_for_RC.json,per_instance_trials,RC201,RC,RC2,0.6,2.0,1.0,0.8,False,num_vehicles,1.0
hyperparameter_for_RC.json,per_instance_trials,RC201,RC,RC2,0.6,2.0,1.0,0.8,False,time_window_violations,1.0
hyperparameter_for_RC.json,per_instance_trials,RC201,RC,RC2,0.6,2.0,1.0,0.8,False,total_distance,283.3635200774697
hyperparameter_for_RC.json,per_instance_trials,RC201,RC,RC2,0.4,0.5,1.0,1.0,True,computation_time,32.06
hyperparameter_for_RC.json,per_instance_trials,RC201,RC,RC2,0.4,0.5,1.0,1.0,True,n_coarsened,9.0
hyperparameter_for_RC.json,per_instance_trials,RC201,RC,RC2,0.4,0.5,1.0,1.0,True,num_vehicles,2.0
hyperparameter_for_RC.json,per_instance_trials,RC201,RC,RC2,0.4,0.5,1.0,1.0,True,time_window_violations,0.0
hyperparameter_for_RC.json,per_instance_trials,RC201,RC,RC2,0.4,0.5,1.0,1.0,True,total_distance,313.2410313373675
hyperparameter_for_RC.json,per_instance_trials,RC201,RC,RC2,0.5,1.5,0.9,1.0,True,computation_time,15.83
hyperparameter_for_RC.json,per_instance_trials,RC201,RC,RC2,0.5,1.5,0.9,1.0,True,n_coarsened,7.0
hyperparameter_for_RC.json,per_instance_trials,RC201,RC,RC2,0.5,1.5,0.9,1.0,True,num_vehicles,2.0
hyperparameter_for_RC.json,per_instance_trials,RC201,RC,RC2,0.5,1.5,0.9,1.0,True,time_window_violations,0.0
hyperparameter_for_RC.json,per_instance_trials,RC201,RC,RC2,0.5,1.5,0.9,1.0,True,total_distance,278.42740759462947
hyperparameter_for_RC.json,per_instance_trials,RC201,RC,RC2,0.5,2.0,0.9,0.4,True,computation_time,15.59
hyperparameter_for_RC.json,per_instance_trials,RC201,RC,RC2,0.5,2.0,0.9,0.4,True,n_coarsened,7.0
hyperparameter_for_RC.json,per_instance_trials,RC201,RC,RC2,0.5,2.0,0.9,0.4,True,num_vehicles,2.0
hyperparameter_for_RC.json,per_instance_trials,RC201,RC,RC2,0.5,2.0,0.9,0.4,True,time_window_violations,0.0
hyperparameter_for_RC.json,per_instance_trials,RC201,RC,RC2,0.5,2.0,0.9,0.4,True,total_distance,190.31639409057132
hyperparameter_for_RC.json,per_instance_trials,RC201,RC,RC2,0.6,0.5,0.7,0.4,True,computation_time,31.65
hyperparameter_for_RC.json,per_instance_trials,RC201,RC,RC2,0.6,0.5,0.7,0.4,True,n_coarsened,9.0
hyperparameter_for_RC.json,per_instance_trials,RC201,RC,RC2,0.6,0.5,0.7,0.4,True,num_vehicles,2.0
hyperparameter_for_RC.json,per_instance_trials,RC201,RC,RC2,0.6,0.5,0.7,0.4,True,time_window_violations,0.0
hyperparameter_for_RC.json,per_instance_trials,RC201,RC,RC2,0.6,0.5,0.7,0.4,True,total_distance,255.4853045203834
hyperparameter_for_RC.json,per_instance_trials,RC201,RC,RC2,0.7,2.0,0.5,0.2,True,computation_time,15.63
hyperparameter_for_RC.json,per_instance_trials,RC201,RC,RC2,0.7,2.0,0.5,0.2,True,n_coarsened,7.0
hyperparameter_for_RC.json,per_instance_trials,RC201,RC,RC2,0.7,2.0,0.5,0.2,True,num_vehicles,2.0
hyperparameter_for_RC.json,per_instance_trials,RC201,RC,RC2,0.7,2.0,0.5,0.2,True,time_window_violations,0.0
hyperparameter_for_RC.json,per_instance_trials,RC201,RC,RC2,0.7,2.0,0.5,0.2,True,total_distance,346.1461168690806
hyperparameter_for_RC.json,per_instance_trials,RC202,RC,RC2,0.3,2.0,0.9,0.6,True,computation_time,4.28
hyperparameter_for_RC.json,per_instance_trials,RC202,RC,RC2,0.3,2.0,0.9,0.6,True,n_coarsened,4.0
hyperparameter_for_RC.json,per_instance_trials,RC202,RC,RC2,0.3,2.0,0.9,0.6,True,num_vehicles,2.0
hyperparameter_for_RC.json,per_instance_trials,RC202,RC,RC2,0.3,2.0,0.9,0.6,True,time_window_violations,0.0
hyperparameter_for_RC.json,per_instance_trials,RC202,RC,RC2,0.3,2.0,0.9,0.6,True,total_distance,264.8314355093748
hyperparameter_for_RC.json,per_instance_trials,RC202,RC,RC2,0.8,5.0,0.3,0.6,True,computation_time,15.46
hyperparameter_for_RC.json,per_instance_trials,RC202,RC,RC2,0.8,5.0,0.3,0.6,True,n_coarsened,7.0
hyperparameter_for_RC.json,per_instance_trials,RC202,RC,RC2,0.8,5.0,0.3,0.6,True,num_vehicles,2.0
hyperparameter_for_RC.json,per_instance_trials,RC202,RC,RC2,0.8,5.0,0.3,0.6,True,time_window_violations,0.0
hyperparameter_for_RC.json,per_instance_trials,RC202,RC,RC2,0.8,5.0,0.3,0.6,True,total_distance,315.4587871006193
hyperparameter_for_RC.json,per_instance_trials,RC202,RC,RC2,0.5,5.0,0.9,0.8,True,computation_time,4.21
hyperparameter_for_RC.json,per_instance_trials,RC202,RC,RC2,0.5,5.0,0.9,0.8,True,n_coarsened,4.0
hyperparameter_for_RC.json,per_instance_trials,RC202,RC,RC2,0.5,5.0,0.9,0.8,True,num_vehicles,2.0
hyperparameter_for_RC.json,per_instance_trials,RC202,RC,RC2,0.5,5.0,0.9,0.8,True,time_window_violations,0.0
hyperparameter_for_RC.json,per_instance_trials,RC202,RC,RC2,0.5,5.0,0.9,0.8,True,total_distance,290.4523329611827
hyperparameter_for_RC.json,per_instance_trials,RC202,RC,RC2,0.6,0.5,1.0,1.0,True,computation_time,6.73
hyperparameter_for_RC.json,per_instance_trials,RC202,RC,RC2,0.6,0.5,1.0,1.0,True,n_coarsened,5.0
hyperparameter_for_RC.json,per_instance_trials,RC202,RC,RC2,0.6,0.5,1.0,1.0,True,num_vehicles,2.0
hyperparameter_for_RC.json,per_instance_trials,RC202,RC,RC2,0.6,0.5,1.0,1.0,True,time_window_violations,0.0
hyperparameter_for_RC.json,per_instance_trials,RC202,RC,RC2,0.6,0.5,1.0,1.0,True,total_distance,183.92705434979203
hyperparameter_for_RC.json,per_instance_trials,RC202,RC,RC2,0.6,5.0,0.7,1.0,True,computation_time,4.21
hyperparameter_for_RC.json,per_instance_trials,RC202,RC,RC2,0.6,5.0,0.7,1.0,True,n_coarsened,4.0
hyperparameter_for_RC.json,per_instance_trials,RC202,RC,RC2,0.6,5.0,0.7,1.0,True,num_vehicles,2.0
hyperparameter_for_RC.json,per_instance_trials,RC202,RC,RC2,0.6,5.0,0.7,1.0,True,time_window_violations,0.0
hyperparameter_for_RC.json,per_instance_trials,RC202,RC,RC2,0.6,5.0,0.7,1.0,True,total_distance,294.90556204446403
hyperparameter_for_RC.json,per_instance_trials,RC202,RC,RC2,0.8,3.0,1.0,0.8,True,computation_time,15.49
hyperparameter_for_RC.json,per_instance_trials,RC202,RC,RC2,0.8,3.0,1.0,0.8,True,n_coarsened,7.0
hyperparameter_for_RC.json,per_instance_trials,RC202,RC,RC2,0.8,3.0,1.0,0.8,True,num_vehicles,2.0
hyperparameter_for_RC.json,per_instance_trials,RC202,RC,RC2,0.8,3.0,1.0,0.8,True,time_window_violations,0.0
hyperparameter_for_RC.json,per_instance_trials,RC202,RC,RC2,0.8,3.0,1.0,0.8,True,total_distance,275.42296992061375
hyperparameter_for_RC.json,per_instance_trials,RC202,RC,RC2,0.4,3.0,0.3,0.4,True,computation_time,3.43
hyperparameter_for_RC.json,per_instance_trials,RC202,RC,RC2,0.4,3.0,0.3,0.4,True,n_coarsened,3.0
hyperparameter_for_RC.json,per_instance_trials,RC202,RC,RC2,0.4,3.0,0.3,0.4,True,num_vehicles,2.0
hyperparameter_for_RC.json,per_instance_trials,RC202,RC,RC2,0.4,3.0,0.3,0.4,True,time_window_violations,0.0
hyperparameter_for_RC.json,per_instance_trials,RC202,RC,RC2,0.4,3.0,0.3,0.4,True,total_distance,262.6366867724107
hyperparameter_for_RC.json,per_instance_trials,RC202,RC,RC2,0.6,3.0,0.3,0.2,True,computation_time,6.68
hyperparameter_for_RC.json,per_instance_trials,RC202,RC,RC2,0.6,3.0,0.3,0.2,True,n_coarsened,5.0
hyperparameter_for_RC.json,per_instance_trials,RC202,RC,RC2,0.6,3.0,0.3,0.2,True,num_vehicles,1.0
hyperparameter_for_RC.json,per_instance_trials,RC202,RC,RC2,0.6,3.0,0.3,0.2,True,time_window_violations,0.0
hyperparameter_for_RC.json,per_instance_trials,RC202,RC,RC2,0.6,3.0,0.3,0.2,True,total_distance,275.67579143733866
hyperparameter_for_RC.json,per_instance_trials,RC202,RC,RC2,0.5,0.5,0.7,0.4,True,computation_time,4.28
hyperparameter_for_RC.json,per_instance_trials,RC202,RC,RC2,0.5,0.5,0.7,0.4,True,n_coarsened,4.0
hyperparameter_for_RC.json,per_instance_trials,RC202,RC,RC2,0.5,0.5,0.7,0.4,True,num_vehicles,2.0
hyperparameter_for_RC.json,per_instance_trials,RC202,RC,RC2,0.5,0.5,0.7,0.4,True,time_window_violations,0.0
hyperparameter_for_RC.json,per_instance_trials,RC202,RC,RC2,0.5,0.5,0.7,0.4,True,total_distance,223.986693504197
hyperparameter_for_RC.json,per_instance_trials,RC202,RC,RC2,0.6,1.0,0.9,0.2,True,computation_time,6.69
hyperparameter_for_RC.json,per_instance_trials,RC202,RC,RC2,0.6,1.0,0.9,0.2,True,n_coarsened,5.0
hyperparameter_for_RC.json,per_instance_trials,RC202,RC,RC2,0.6,1.0,0.9,0.2,True,num_vehicles,2.0
hyperparameter_for_RC.json,per_instance_trials,RC202,RC,RC2,0.6,1.0,0.9,0.2,True,time_window_violations,0.0
hyperparameter_for_RC.json,per_instance_trials,RC202,RC,RC2,0.6,1.0,0.9,0.2,True,total_distance,253.69118885964716
hyperparameter_for_RC.json,per_instance_trials,RC202,RC,RC2,0.4,0.5,1.0,0.6,True,computation_time,4.27
hyperparameter_for_RC.json,per_instance_trials,RC202,RC,RC2,0.4,0.5,1.0,0.6,True,n_coarsened,4.0
hyperparameter_for_RC.json,per_instance_trials,RC202,RC,RC2,0.4,0.5,1.0,0.6,True,num_vehicles,2.0
hyperparameter_for_RC.json,per_instance_trials,RC202,RC,RC2,0.4,0.5,1.0,0.6,True,time_window_violations,0.0
hyperparameter_for_RC.json,per_instance_trials,RC202,RC,RC2,0.4,0.5,1.0,0.6,True,total_distance,223.98669350419704
hyperparameter_for_RC.json,per_instance_trials,RC202,RC,RC2,0.4,5.0,1.0,1.0,True,computation_time,3.45
hyperparameter_for_RC.json,per_instance_trials,RC202,RC,RC2,0.4,5.0,1.0,1.0,True,n_coarsened,3.0
hyperparameter_for_RC.json,per_instance_trials,RC202,RC,RC2,0.4,5.0,1.0,1.0,True,num_vehicles,1.0
hyperparameter_for_RC.json,per_instance_trials,RC202,RC,RC2,0.4,5.0,1.0,1.0,True,time_window_violations,0.0
hyperparameter_for_RC.json,per_instance_trials,RC202,RC,RC2,0.4,5.0,1.0,1.0,True,total_distance,235.3213444210677
hyperparameter_for_RC.json,per_instance_trials,RC202,RC,RC2,0.3,1.0,0.3,0.8,True,computation_time,4.28
hyperparameter_for_RC.json,per_instance_trials,RC202,RC,RC2,0.3,1.0,0.3,0.8,True,n_coarsened,4.0
hyperparameter_for_RC.json,per_instance_trials,RC202,RC,RC2,0.3,1.0,0.3,0.8,True,num_vehicles,2.0
hyperparameter_for_RC.json,per_instance_trials,RC202,RC,RC2,0.3,1.0,0.3,0.8,True,time_window_violations,0.0
hyperparameter_for_RC.json,per_instance_trials,RC202,RC,RC2,0.3,1.0,0.3,0.8,True,total_distance,261.0149032887041
hyperparameter_for_RC.json,per_instance_trials,RC202,RC,RC2,0.5,1.5,1.0,1.0,True,computation_time,4.28
hyperparameter_for_RC.json,per_instance_trials,RC202,RC,RC2,0.5,1.5,1.0,1.0,True,n_coarsened,4.0
hyperparameter_for_RC.json,per_instance_trials,RC202,RC,RC2,0.5,1.5,1.0,1.0,True,num_vehicles,2.0
hyperparameter_for_RC.json,per_instance_trials,RC202,RC,RC2,0.5,1.5,1.0,1.0,True,time_window_violations,0.0
hyperparameter_for_RC.json,per_instance_trials,RC202,RC,RC2,0.5,1.5,1.0,1.0,True,total_distance,216.21907004508776
hyperparameter_for_RC.json,per_instance_trials,RC202,RC,RC2,0.6,2.0,0.5,0.8,True,computation_time,6.78
hyperparameter_for_RC.json,per_instance_trials,RC202,RC,RC2,0.6,2.0,0.5,0.8,True,n_coarsened,5.0
hyperparameter_for_RC.json,per_instance_trials,RC202,RC,RC2,0.6,2.0,0.5,0.8,True,num_vehicles,2.0
hyperparameter_for_RC.json,per_instance_trials,RC202,RC,RC2,0.6,2.0,0.5,0.8,True,time_window_violations,0.0
hyperparameter_for_RC.json,per_instance_trials,RC202,RC,RC2,0.6,2.0,0.5,0.8,True,total_distance,251.22258435434318
hyperparameter_for_RC.json,per_instance_trials,RC202,RC,RC2,0.6,2.0,0.7,0.4,True,computation_time,6.68
hyperparameter_for_RC.json,per_instance_trials,RC202,RC,RC2,0.6,2.0,0.7,0.4,True,n_coarsened,5.0
hyperparameter_for_RC.json,per_instance_trials,RC202,RC,RC2,0.6,2.0,0.7,0.4,True,num_vehicles,2.0
hyperparameter_for_RC.json,per_instance_trials,RC202,RC,RC2,0.6,2.0,0.7,0.4,True,time_window_violations,0.0
hyperparameter_for_RC.json,per_instance_trials,RC202,RC,RC2,0.6,2.0,0.7,0.4,True,total_distance,260.45780505550584
hyperparameter_for_RC.json,per_instance_trials,RC202,RC,RC2,0.6,1.5,0.7,0.8,True,computation_time,7.87
hyperparameter_for_RC.json,per_instance_trials,RC202,RC,RC2,0.6,1.5,0.7,0.8,True,n_coarsened,5.0
hyperparameter_for_RC.json,per_instance_trials,RC202,RC,RC2,0.6,1.5,0.7,0.8,True,num_vehicles,1.0
hyperparameter_for_RC.json,per_instance_trials,RC202,RC,RC2,0.6,1.5,0.7,0.8,True,time_window_violations,0.0
hyperparameter_for_RC.json,per_instance_trials,RC202,RC,RC2,0.6,1.5,0.7,0.8,True,total_distance,196.3703755702957
hyperparameter_for_RC.json,per_instance_trials,RC202,RC,RC2,0.7,2.0,0.7,0.8,True,computation_time,10.19
hyperparameter_for_RC.json,per_instance_trials,RC202,RC,RC2,0.7,2.0,0.7,0.8,True,n_coarsened,6.0
hyperparameter_for_RC.json,per_instance_trials,RC202,RC,RC2,0.7,2.0,0.7,0.8,True,num_vehicles,2.0
hyperparameter_for_RC.json,per_instance_trials,RC202,RC,RC2,0.7,2.0,0.7,0.8,True,time_window_violations,0.0
hyperparameter_for_RC.json,per_instance_trials,RC202,RC,RC2,0.7,2.0,0.7,0.8,True,total_distance,288.4911091612748
hyperparameter_for_RC.json,per_instance_trials,RC202,RC,RC2,0.5,1.5,0.3,0.2,True,computation_time,4.62
hyperparameter_for_RC.json,per_instance_trials,RC202,RC,RC2,0.5,1.5,0.3,0.2,True,n_coarsened,4.0
hyperparameter_for_RC.json,per_instance_trials,RC202,RC,RC2,0.5,1.5,0.3,0.2,True,num_vehicles,2.0
hyperparameter_for_RC.json,per_instance_trials,RC202,RC,RC2,0.5,1.5,0.3,0.2,True,time_window_violations,0.0
hyperparameter_for_RC.json,per_instance_trials,RC202,RC,RC2,0.5,1.5,0.3,0.2,True,total_distance,256.8351474170346
hyperparameter_for_RC.json,per_instance_trials,RC202,RC,RC2,0.4,1.0,1.0,1.0,True,computation_time,4.32
hyperparameter_for_RC.json,per_instance_trials,RC202,RC,RC2,0.4,1.0,1.0,1.0,True,n_coarsened,4.0
hyperparameter_for_RC.json,per_instance_trials,RC202,RC,RC2,0.4,1.0,1.0,1.0,True,num_vehicles,2.0
hyperparameter_for_RC.json,per_instance_trials,RC202,RC,RC2,0.4,1.0,1.0,1.0,True,time_window_violations,0.0
hyperparameter_for_RC.json,per_instance_trials,RC202,RC,RC2,0.4,1.0,1.0,1.0,True,total_distance,261.0149032887041
hyperparameter_for_RC.json,per_instance_trials,RC202,RC,RC2,0.8,2.0,1.0,0.4,True,computation_time,9.49
hyperparameter_for_RC.json,per_instance_trials,RC202,RC,RC2,0.8,2.0,1.0,0.4,True,n_coarsened,6.0
hyperparameter_for_RC.json,per_instance_trials,RC202,RC,RC2,0.8,2.0,1.0,0.4,True,num_vehicles,2.0
hyperparameter_for_RC.json,per_instance_trials,RC202,RC,RC2,0.8,2.0,1.0,0.4,True,time_window_violations,0.0
hyperparameter_for_RC.json,per_instance_trials,RC202,RC,RC2,0.8,2.0,1.0,0.4,True,total_distance,250.21270427851584
hyperparameter_for_RC.json,per_instance_trials,RC202,RC,RC2,0.5,2.0,1.0,0.8,True,computation_time,4.28
hyperparameter_for_RC.json,per_instance_trials,RC202,RC,RC2,0.5,2.0,1.0,0.8,True,n_coarsened,4.0
hyperparameter_for_RC.json,per_instance_trials,RC202,RC,RC2,0.5,2.0,1.0,0.8,True,num_vehicles,2.0
hyperparameter_for_RC.json,per_instance_trials,RC202,RC,RC2,0.5,2.0,1.0,0.8,True,time_window_violations,0.0
hyperparameter_for_RC.json,per_instance_trials,RC202,RC,RC2,0.5,2.0,1.0,0.8,True,total_distance,256.8351474170346
hyperparameter_for_RC.json,per_instance_trials,RC202,RC,RC2,0.6,2.0,0.9,1.0,True,computation_time,6.77
hyperparameter_for_RC.json,per_instance_trials,RC202,RC,RC2,0.6,2.0,0.9,1.0,True,n_coarsened,5.0
hyperparameter_for_RC.json,per_instance_trials,RC202,RC,RC2,0.6,2.0,0.9,1.0,True,num_vehicles,2.0
hyperparameter_for_RC.json,per_instance_trials,RC202,RC,RC2,0.6,2.0,0.9,1.0,True,time_window_violations,0.0
hyperparameter_for_RC.json,per_instance_trials,RC202,RC,RC2,0.6,2.0,0.9,1.0,True,total_distance,296.7530427937637
hyperparameter_for_RC.json,per_instance_trials,RC202,RC,RC2,0.6,3.0,0.7,0.2,True,computation_time,6.99
hyperparameter_for_RC.json,per_instance_trials,RC202,RC,RC2,0.6,3.0,0.7,0.2,True,n_coarsened,5.0
hyperparameter_for_RC.json,per_instance_trials,RC202,RC,RC2,0.6,3.0,0.7,0.2,True,num_vehicles,2.0
hyperparameter_for_RC.json,per_instance_trials,RC202,RC,RC2,0.6,3.0,0.7,0.2,True,time_window_violations,0.0
hyperparameter_for_RC.json,per_instance_trials,RC202,RC,RC2,0.6,3.0,0.7,0.2,True,total_distance,257.5888216495453
hyperparameter_for_RC.json,per_instance_trials,RC202,RC,RC2,0.8,1.5,0.7,0.4,True,computation_time,9.89
hyperparameter_for_RC.json,per_instance_trials,RC202,RC,RC2,0.8,1.5,0.7,0.4,True,n_coarsened,6.0
hyperparameter_for_RC.json,per_instance_trials,RC202,RC,RC2,0.8,1.5,0.7,0.4,True,num_vehicles,2.0
hyperparameter_for_RC.json,per_instance_trials,RC202,RC,RC2,0.8,1.5,0.7,0.4,True,time_window_violations,0.0
hyperparameter_for_RC.json,per_instance_trials,RC202,RC,RC2,0.8,1.5,0.7,0.4,True,total_distance,254.83802282994316
hyperparameter_for_RC.json,per_instance_trials,RC202,RC,RC2,0.7,2.0,0.7,1.0,True,computation_time,9.46
hyperparameter_for_RC.json,per_instance_trials,RC202,RC,RC2,0.7,2.0,0.7,1.0,True,n_coarsened,6.0
hyperparameter_for_RC.json,per_instance_trials,RC202,RC,RC2,0.7,2.0,0.7,1.0,True,num_vehicles,2.0
hyperparameter_for_RC.json,per_instance_trials,RC202,RC,RC2,0.7,2.0,0.7,1.0,True,time_window_violations,0.0
hyperparameter_for_RC.json,per_instance_trials,RC202,RC,RC2,0.7,2.0,0.7,1.0,True,total_distance,325.8742941447192
hyperparameter_for_RC.json,per_instance_trials,RC202,RC,RC2,0.5,2.0,1.0,0.6,True,computation_time,4.28
hyperparameter_for_RC.json,per_instance_trials,RC202,RC,RC2,0.5,2.0,1.0,0.6,True,n_coarsened,4.0
hyperparameter_for_RC.json,per_instance_trials,RC202,RC,RC2,0.5,2.0,1.0,0.6,True,num_vehicles,2.0
hyperparameter_for_RC.json,per_instance_trials,RC202,RC,RC2,0.5,2.0,1.0,0.6,True,time_window_violations,0.0
hyperparameter_for_RC.json,per_instance_trials,RC202,RC,RC2,0.5,2.0,1.0,0.6,True,total_distance,261.8830125399
hyperparameter_for_RC.json,per_instance_trials,RC202,RC,RC2,0.8,1.5,0.3,0.4,True,computation_time,9.47
hyperparameter_for_RC.json,per_instance_trials,RC202,RC,RC2,0.8,1.5,0.3,0.4,True,n_coarsened,6.0
hyperparameter_for_RC.json,per_instance_trials,RC202,RC,RC2,0.8,1.5,0.3,0.4,True,num_vehicles,2.0
hyperparameter_for_RC.json,per_instance_trials,RC202,RC,RC2,0.8,1.5,0.3,0.4,True,time_window_violations,0.0
hyperparameter_for_RC.json,per_instance_trials,RC202,RC,RC2,0.8,1.5,0.3,0.4,True,total_distance,284.8147147508748
hyperparameter_for_RC.json,per_instance_trials,RC202,RC,RC2,0.6,2.0,0.3,0.8,True,computation_time,6.67
hyperparameter_for_RC.json,per_instance_trials,RC202,RC,RC2,0.6,2.0,0.3,0.8,True,n_coarsened,5.0
hyperparameter_for_RC.json,per_instance_trials,RC202,RC,RC2,0.6,2.0,0.3,0.8,True,num_vehicles,2.0
hyperparameter_for_RC.json,per_instance_trials,RC202,RC,RC2,0.6,2.0,0.3,0.8,True,time_window_violations,0.0
hyperparameter_for_RC.json,per_instance_trials,RC202,RC,RC2,0.6,2.0,0.3,0.8,True,total_distance,256.03152542717123
hyperparameter_for_RC.json,per_instance_trials,RC202,RC,RC2,0.7,5.0,0.5,0.2,True,computation_time,4.21
hyperparameter_for_RC.json,per_instance_trials,RC202,RC,RC2,0.7,5.0,0.5,0.2,True,n_coarsened,4.0
hyperparameter_for_RC.json,per_instance_trials,RC202,RC,RC2,0.7,5.0,0.5,0.2,True,num_vehicles,2.0
hyperparameter_for_RC.json,per_instance_trials,RC202,RC,RC2,0.7,5.0,0.5,0.2,True,time_window_violations,0.0
hyperparameter_for_RC.json,per_instance_trials,RC202,RC,RC2,0.7,5.0,0.5,0.2,True,total_distance,224.74036773670773
hyperparameter_for_RC.json,per_instance_trials,RC202,RC,RC2,0.8,1.5,0.9,0.6,True,computation_time,9.42
hyperparameter_for_RC.json,per_instance_trials,RC202,RC,RC2,0.8,1.5,0.9,0.6,True,n_coarsened,6.0
hyperparameter_for_RC.json,per_instance_trials,RC202,RC,RC2,0.8,1.5,0.9,0.6,True,num_vehicles,2.0
hyperparameter_for_RC.json,per_instance_trials,RC202,RC,RC2,0.8,1.5,0.9,0.6,True,time_window_violations,0.0
hyperparameter_for_RC.json,per_instance_trials,RC202,RC,RC2,0.8,1.5,0.9,0.6,True,total_distance,216.3597823381807
hyperparameter_for_RC.json,per_instance_trials,RC202,RC,RC2,0.4,2.0,0.5,0.6,True,computation_time,4.29
hyperparameter_for_RC.json,per_instance_trials,RC202,RC,RC2,0.4,2.0,0.5,0.6,True,n_coarsened,4.0
hyperparameter_for_RC.json,per_instance_trials,RC202,RC,RC2,0.4,2.0,0.5,0.6,True,num_vehicles,2.0
hyperparameter_for_RC.json,per_instance_trials,RC202,RC,RC2,0.4,2.0,0.5,0.6,True,time_window_violations,0.0
hyperparameter_for_RC.json,per_instance_trials,RC202,RC,RC2,0.4,2.0,0.5,0.6,True,total_distance,183.37061613225012
hyperparameter_for_RC.json,per_instance_trials,RC202,RC,RC2,0.3,1.0,0.7,0.4,True,computation_time,4.28
hyperparameter_for_RC.json,per_instance_trials,RC202,RC,RC2,0.3,1.0,0.7,0.4,True,n_coarsened,4.0
hyperparameter_for_RC.json,per_instance_trials,RC202,RC,RC2,0.3,1.0,0.7,0.4,True,num_vehicles,2.0
hyperparameter_for_RC.json,per_instance_trials,RC202,RC,RC2,0.3,1.0,0.7,0.4,True,time_window_violations,0.0
hyperparameter_for_RC.json,per_instance_trials,RC202,RC,RC2,0.3,1.0,0.7,0.4,True,total_distance,216.21907004508773
hyperparameter_for_RC.json,per_instance_trials,RC202,RC,RC2,0.8,3.0,0.9,0.4,True,computation_time,15.49
hyperparameter_for_RC.json,per_instance_trials,RC202,RC,RC2,0.8,3.0,0.9,0.4,True,n_coarsened,7.0
hyperparameter_for_RC.json,per_instance_trials,RC202,RC,RC2,0.8,3.0,0.9,0.4,True,num_vehicles,2.0
hyperparameter_for_RC.json,per_instance_trials,RC202,RC,RC2,0.8,3.0,0.9,0.4,True,time_window_violations,0.0
hyperparameter_for_RC.json,per_instance_trials,RC202,RC,RC2,0.8,3.0,0.9,0.4,True,total_distance,350.86698546450975
hyperparameter_for_RC.json,per_instance_trials,RC202,RC,RC2,0.6,2.0,1.0,0.8,True,computation_time,6.72
hyperparameter_for_RC.json,per_instance_trials,RC202,RC,RC2,0.6,2.0,1.0,0.8,True,n_coarsened,5.0
hyperparameter_for_RC.json,per_instance_trials,RC202,RC,RC2,0.6,2.0,1.0,0.8,True,num_vehicles,2.0
hyperparameter_for_RC.json,per_instance_trials,RC202,RC,RC2,0.6,2.0,1.0,0.8,True,time_window_violations,0.0
hyperparameter_for_RC.json,per_instance_trials,RC202,RC,RC2,0.6,2.0,1.0,0.8,True,total_distance,262.9310396350845
hyperparameter_for_RC.json,per_instance_trials,RC202,RC,RC2,0.4,0.5,1.0,1.0,True,computation_time,4.27
hyperparameter_for_RC.json,per_instance_trials,RC202,RC,RC2,0.4,0.5,1.0,1.0,True,n_coarsened,4.0
hyperparameter_for_RC.json,per_instance_trials,RC202,RC,RC2,0.4,0.5,1.0,1.0,True,num_vehicles,2.0
hyperparameter_for_RC.json,per_instance_trials,RC202,RC,RC2,0.4,0.5,1.0,1.0,True,time_window_violations,0.0
hyperparameter_for_RC.json,per_instance_trials,RC202,RC,RC2,0.4,0.5,1.0,1.0,True,total_distance,264.8314355093748
hyperparameter_for_RC.json,per_instance_trials,RC202,RC,RC2,0.5,1.5,0.9,1.0,True,computation_time,4.28
hyperparameter_for_RC.json,per_instance_trials,RC202,RC,RC2,0.5,1.5,0.9,1.0,True,n_coarsened,4.0
hyperparameter_for_RC.json,per_instance_trials,RC202,RC,RC2,0.5,1.5,0.9,1.0,True,num_vehicles,2.0
hyperparameter_for_RC.json,per_instance_trials,RC202,RC,RC2,0.5,1.5,0.9,1.0,True,time_window_violations,0.0
hyperparameter_for_RC.json,per_instance_trials,RC202,RC,RC2,0.5,1.5,0.9,1.0,True,total_distance,261.8830125399
hyperparameter_for_RC.json,per_instance_trials,RC202,RC,RC2,0.5,2.0,0.9,0.4,True,computation_time,4.27
hyperparameter_for_RC.json,per_instance_trials,RC202,RC,RC2,0.5,2.0,0.9,0.4,True,n_coarsened,4.0
hyperparameter_for_RC.json,per_instance_trials,RC202,RC,RC2,0.5,2.0,0.9,0.4,True,num_vehicles,2.0
hyperparameter_for_RC.json,per_instance_trials,RC202,RC,RC2,0.5,2.0,0.9,0.4,True,time_window_violations,0.0
hyperparameter_for_RC.json,per_instance_trials,RC202,RC,RC2,0.5,2.0,0.9,0.4,True,total_distance,216.21907004508776
hyperparameter_for_RC.json,per_instance_trials,RC202,RC,RC2,0.6,0.5,0.7,0.4,True,computation_time,6.71
hyperparameter_for_RC.json,per_instance_trials,RC202,RC,RC2,0.6,0.5,0.7,0.4,True,n_coarsened,5.0
hyperparameter_for_RC.json,per_instance_trials,RC202,RC,RC2,0.6,0.5,0.7,0.4,True,num_vehicles,2.0
hyperparameter_for_RC.json,per_instance_trials,RC202,RC,RC2,0.6,0.5,0.7,0.4,True,time_window_violations,0.0
hyperparameter_for_RC.json,per_instance_trials,RC202,RC,RC2,0.6,0.5,0.7,0.4,True,total_distance,256.257695794768
hyperparameter_for_RC.json,per_instance_trials,RC202,RC,RC2,0.7,2.0,0.5,0.2,True,computation_time,9.4
hyperparameter_for_RC.json,per_instance_trials,RC202,RC,RC2,0.7,2.0,0.5,0.2,True,n_coarsened,6.0
hyperparameter_for_RC.json,per_instance_trials,RC202,RC,RC2,0.7,2.0,0.5,0.2,True,num_vehicles,3.0
hyperparameter_for_RC.json,per_instance_trials,RC202,RC,RC2,0.7,2.0,0.5,0.2,True,time_window_violations,0.0
hyperparameter_for_RC.json,per_instance_trials,RC202,RC,RC2,0.7,2.0,0.5,0.2,True,total_distance,269.2440181254326
hyperparameter_for_RC.json,per_instance_trials,RC203,RC,RC2,0.3,2.0,0.9,0.6,True,computation_time,4.29
hyperparameter_for_RC.json,per_instance_trials,RC203,RC,RC2,0.3,2.0,0.9,0.6,True,n_coarsened,4.0
hyperparameter_for_RC.json,per_instance_trials,RC203,RC,RC2,0.3,2.0,0.9,0.6,True,num_vehicles,2.0
hyperparameter_for_RC.json,per_instance_trials,RC203,RC,RC2,0.3,2.0,0.9,0.6,True,time_window_violations,0.0
hyperparameter_for_RC.json,per_instance_trials,RC203,RC,RC2,0.3,2.0,0.9,0.6,True,total_distance,223.98669350419704
hyperparameter_for_RC.json,per_instance_trials,RC203,RC,RC2,0.8,5.0,0.3,0.6,True,computation_time,15.46
hyperparameter_for_RC.json,per_instance_trials,RC203,RC,RC2,0.8,5.0,0.3,0.6,True,n_coarsened,7.0
hyperparameter_for_RC.json,per_instance_trials,RC203,RC,RC2,0.8,5.0,0.3,0.6,True,num_vehicles,2.0
hyperparameter_for_RC.json,per_instance_trials,RC203,RC,RC2,0.8,5.0,0.3,0.6,True,time_window_violations,0.0
hyperparameter_for_RC.json,per_instance_trials,RC203,RC,RC2,0.8,5.0,0.3,0.6,True,total_distance,258.588157164893
hyperparameter_for_RC.json,per_instance_trials,RC203,RC,RC2,0.5,5.0,0.9,0.8,True,computation_time,4.23
hyperparameter_for_RC.json,per_instance_trials,RC203,RC,RC2,0.5,5.0,0.9,0.8,True,n_coarsened,4.0
hyperparameter_for_RC.json,per_instance_trials,RC203,RC,RC2,0.5,5.0,0.9,0.8,True,num_vehicles,2.0
hyperparameter_for_RC.json,per_instance_trials,RC203,RC,RC2,0.5,5.0,0.9,0.8,True,time_window_violations,0.0
hyperparameter_for_RC.json,per_instance_trials,RC203,RC,RC2,0.5,5.0,0.9,0.8,True,total_distance,224.74036773670773
hyperparameter_for_RC.json,per_instance_trials,RC203,RC,RC2,0.6,0.5,1.0,1.0,True,computation_time,6.72
hyperparameter_for_RC.json,per_instance_trials,RC203,RC,RC2,0.6,0.5,1.0,1.0,True,n_coarsened,5.0
hyperparameter_for_RC.json,per_instance_trials,RC203,RC,RC2,0.6,0.5,1.0,1.0,True,num_vehicles,2.0
hyperparameter_for_RC.json,per_instance_trials,RC203,RC,RC2,0.6,0.5,1.0,1.0,True,time_window_violations,0.0
hyperparameter_for_RC.json,per_instance_trials,RC203,RC,RC2,0.6,0.5,1.0,1.0,True,total_distance,256.1627722409924
hyperparameter_for_RC.json,per_instance_trials,RC203,RC,RC2,0.6,5.0,0.7,1.0,True,computation_time,4.2
hyperparameter_for_RC.json,per_instance_trials,RC203,RC,RC2,0.6,5.0,0.7,1.0,True,n_coarsened,4.0
hyperparameter_for_RC.json,per_instance_trials,RC203,RC,RC2,0.6,5.0,0.7,1.0,True,num_vehicles,2.0
hyperparameter_for_RC.json,per_instance_trials,RC203,RC,RC2,0.6,5.0,0.7,1.0,True,time_window_violations,0.0
hyperparameter_for_RC.json,per_instance_trials,RC203,RC,RC2,0.6,5.0,0.7,1.0,True,total_distance,223.27688162867503
hyperparameter_for_RC.json,per_instance_trials,RC203,RC,RC2,0.8,3.0,1.0,0.8,True,computation_time,15.46
hyperparameter_for_RC.json,per_instance_trials,RC203,RC,RC2,0.8,3.0,1.0,0.8,True,n_coarsened,7.0
hyperparameter_for_RC.json,per_instance_trials,RC203,RC,RC2,0.8,3.0,1.0,0.8,True,num_vehicles,3.0
hyperparameter_for_RC.json,per_instance_trials,RC203,RC,RC2,0.8,3.0,1.0,0.8,True,time_window_violations,0.0
hyperparameter_for_RC.json,per_instance_trials,RC203,RC,RC2,0.8,3.0,1.0,0.8,True,total_distance,294.76514190370307
hyperparameter_for_RC.json,per_instance_trials,RC203,RC,RC2,0.4,3.0,0.3,0.4,True,computation_time,3.43
hyperparameter_for_RC.json,per_instance_trials,RC203,RC,RC2,0.4,3.0,0.3,0.4,True,n_coarsened,3.0
hyperparameter_for_RC.json,per_instance_trials,RC203,RC,RC2,0.4,3.0,0.3,0.4,True,num_vehicles,2.0
hyperparameter_for_RC.json,per_instance_trials,RC203,RC,RC2,0.4,3.0,0.3,0.4,True,time_window_violations,0.0
hyperparameter_for_RC.json,per_instance_trials,RC203,RC,RC2,0.4,3.0,0.3,0.4,True,total_distance,224.74036773670773
hyperparameter_for_RC.json,per_instance_trials,RC203,RC,RC2,0.6,3.0,0.3,0.2,True,computation_time,6.69
hyperparameter_for_RC.json,per_instance_trials,RC203,RC,RC2,0.6,3.0,0.3,0.2,True,n_coarsened,5.0
hyperparameter_for_RC.json,per_instance_trials,RC203,RC,RC2,0.6,3.0,0.3,0.2,True,num_vehicles,1.0
hyperparameter_for_RC.json,per_instance_trials,RC203,RC,RC2,0.6,3.0,0.3,0.2,True,time_window_violations,0.0
hyperparameter_for_RC.json,per_instance_trials,RC203,RC,RC2,0.6,3.0,0.3,0.2,True,total_distance,271.0339803139191
hyperparameter_for_RC.json,per_instance_trials,RC203,RC,RC2,0.5,0.5,0.7,0.4,True,computation_time,4.27
hyperparameter_for_RC.json,per_instance_trials,RC203,RC,RC2,0.5,0.5,0.7,0.4,True,n_coarsened,4.0
hyperparameter_for_RC.json,per_instance_trials,RC203,RC,RC2,0.5,0.5,0.7,0.4,True,num_vehicles,2.0
hyperparameter_for_RC.json,per_instance_trials,RC203,RC,RC2,0.5,0.5,0.7,0.4,True,time_window_violations,0.0
hyperparameter_for_RC.json,per_instance_trials,RC203,RC,RC2,0.5,0.5,0.7,0.4,True,total_distance,216.21907004508776
hyperparameter_for_RC.json,per_instance_trials,RC203,RC,RC2,0.6,1.0,0.9,0.2,True,computation_time,6.68
hyperparameter_for_RC.json,per_instance_trials,RC203,RC,RC2,0.6,1.0,0.9,0.2,True,n_coarsened,5.0
hyperparameter_for_RC.json,per_instance_trials,RC203,RC,RC2,0.6,1.0,0.9,0.2,True,num_vehicles,2.0
hyperparameter_for_RC.json,per_instance_trials,RC203,RC,RC2,0.6,1.0,0.9,0.2,True,time_window_violations,0.0
hyperparameter_for_RC.json,per_instance_trials,RC203,RC,RC2,0.6,1.0,0.9,0.2,True,total_distance,265.48743417273926
hyperparameter_for_RC.json,per_instance_trials,RC203,RC,RC2,0.4,0.5,1.0,0.6,True,computation_time,4.27
hyperparameter_for_RC.json,per_instance_trials,RC203,RC,RC2,0.4,0.5,1.0,0.6,True,n_coarsened,4.0
hyperparameter_for_RC.json,per_instance_trials,RC203,RC,RC2,0.4,0.5,1.0,0.6,True,num_vehicles,2.0
hyperparameter_for_RC.json,per_instance_trials,RC203,RC,RC2,0.4,0.5,1.0,0.6,True,time_window_violations,0.0
hyperparameter_for_RC.json,per_instance_trials,RC203,RC,RC2,0.4,0.5,1.0,0.6,True,total_distance,261.8830125399
hyperparameter_for_RC.json,per_instance_trials,RC203,RC,RC2,0.4,5.0,1.0,1.0,True,computation_time,3.43
hyperparameter_for_RC.json,per_instance_trials,RC203,RC,RC2,0.4,5.0,1.0,1.0,True,n_coarsened,3.0
hyperparameter_for_RC.json,per_instance_trials,RC203,RC,RC2,0.4,5.0,1.0,1.0,True,num_vehicles,2.0
hyperparameter_for_RC.json,per_instance_trials,RC203,RC,RC2,0.4,5.0,1.0,1.0,True,time_window_violations,0.0
hyperparameter_for_RC.json,per_instance_trials,RC203,RC,RC2,0.4,5.0,1.0,1.0,True,total_distance,262.6366867724107
hyperparameter_for_RC.json,per_instance_trials,RC203,RC,RC2,0.3,1.0,0.3,0.8,True,computation_time,4.27
hyperparameter_for_RC.json,per_instance_trials,RC203,RC,RC2,0.3,1.0,0.3,0.8,True,n_coarsened,4.0
hyperparameter_for_RC.json,per_instance_trials,RC203,RC,RC2,0.3,1.0,0.3,0.8,True,num_vehicles,2.0
hyperparameter_for_RC.json,per_instance_trials,RC203,RC,RC2,0.3,1.0,0.3,0.8,True,time_window_violations,0.0
hyperparameter_for_RC.json,per_instance_trials,RC203,RC,RC2,0.3,1.0,0.3,0.8,True,total_distance,261.8830125399
hyperparameter_for_RC.json,per_instance_trials,RC203,RC,RC2,0.5,1.5,1.0,1.0,True,computation_time,4.31
hyperparameter_for_RC.json,per_instance_trials,RC203,RC,RC2,0.5,1.5,1.0,1.0,True,n_coarsened,4.0
hyperparameter_for_RC.json,per_instance_trials,RC203,RC,RC2,0.5,1.5,1.0,1.0,True,num_vehicles,2.0
hyperparameter_for_RC.json,per_instance_trials,RC203,RC,RC2,0.5,1.5,1.0,1.0,True,time_window_violations,0.0
hyperparameter_for_RC.json,per_instance_trials,RC203,RC,RC2,0.5,1.5,1.0,1.0,True,total_distance,264.8314355093748
hyperparameter_for_RC.json,per_instance_trials,RC203,RC,RC2,0.6,2.0,0.5,0.8,True,computation_time,6.69
hyperparameter_for_RC.json,per_instance_trials,RC203,RC,RC2,0.6,2.0,0.5,0.8,True,n_coarsened,5.0
hyperparameter_for_RC.json,per_instance_trials,RC203,RC,RC2,0.6,2.0,0.5,0.8,True,num_vehicles,2.0
hyperparameter_for_RC.json,per_instance_trials,RC203,RC,RC2,0.6,2.0,0.5,0.8,True,time_window_violations,0.0
hyperparameter_for_RC.json,per_instance_trials,RC203,RC,RC2,0.6,2.0,0.5,0.8,True,total_distance,292.325620529658
hyperparameter_for_RC.json,per_instance_trials,RC203,RC,RC2,0.6,2.0,0.7,0.4,True,computation_time,6.68
hyperparameter_for_RC.json,per_instance_trials,RC203,RC,RC2,0.6,2.0,0.7,0.4,True,n_coarsened,5.0
hyperparameter_for_RC.json,per_instance_trials,RC203,RC,RC2,0.6,2.0,0.7,0.4,True,num_vehicles,2.0
hyperparameter_for_RC.json,per_instance_trials,RC203,RC,RC2,0.6,2.0,0.7,0.4,True,time_window_violations,0.0
hyperparameter_for_RC.json,per_instance_trials,RC203,RC,RC2,0.6,2.0,0.7,0.4,True,total_distance,260.45780505550584
hyperparameter_for_RC.json,per_instance_trials,RC203,RC,RC2,0.6,1.5,0.7,0.8,True,computation_time,6.68
hyperparameter_for_RC.json,per_instance_trials,RC203,RC,RC2,0.6,1.5,0.7,0.8,True,n_coarsened,5.0
hyperparameter_for_RC.json,per_instance_trials,RC203,RC,RC2,0.6,1.5,0.7,0.8,True,num_vehicles,1.0
hyperparameter_for_RC.json,per_instance_trials,RC203,RC,RC2,0.6,1.5,0.7,0.8,True,time_window_violations,0.0
hyperparameter_for_RC.json,per_instance_trials,RC203,RC,RC2,0.6,1.5,0.7,0.8,True,total_distance,230.82907559158542
hyperparameter_for_RC.json,per_instance_trials,RC203,RC,RC2,0.7,2.0,0.7,0.8,True,computation_time,9.46
hyperparameter_for_RC.json,per_instance_trials,RC203,RC,RC2,0.7,2.0,0.7,0.8,True,n_coarsened,6.0
hyperparameter_for_RC.json,per_instance_trials,RC203,RC,RC2,0.7,2.0,0.7,0.8,True,num_vehicles,3.0
hyperparameter_for_RC.json,per_instance_trials,RC203,RC,RC2,0.7,2.0,0.7,0.8,True,time_window_violations,0.0
hyperparameter_for_RC.json,per_instance_trials,RC203,RC,RC2,0.7,2.0,0.7,0.8,True,total_distance,250.59360841006426
hyperparameter_for_RC.json,per_instance_trials,RC203,RC,RC2,0.5,1.5,0.3,0.2,True,computation_time,4.27
hyperparameter_for_RC.json,per_instance_trials,RC203,RC,RC2,0.5,1.5,0.3,0.2,True,n_coarsened,4.0
hyperparameter_for_RC.json,per_instance_trials,RC203,RC,RC2,0.5,1.5,0.3,0.2,True,num_vehicles,2.0
hyperparameter_for_RC.json,per_instance_trials,RC203,RC,RC2,0.5,1.5,0.3,0.2,True,time_window_violations,0.0
hyperparameter_for_RC.json,per_instance_trials,RC203,RC,RC2,0.5,1.5,0.3,0.2,True,total_distance,261.8830125399
hyperparameter_for_RC.json,per_instance_trials,RC203,RC,RC2,0.4,1.0,1.0,1.0,True,computation_time,4.27
hyperparameter_for_RC.json,per_instance_trials,RC203,RC,RC2,0.4,1.0,1.0,1.0,True,n_coarsened,4.0
hyperparameter_for_RC.json,per_instance_trials,RC203,RC,RC2,0.4,1.0,1.0,1.0,True,num_vehicles,2.0
hyperparameter_for_RC.json,per_instance_trials,RC203,RC,RC2,0.4,1.0,1.0,1.0,True,time_window_violations,0.0
hyperparameter_for_RC.json,per_instance_trials,RC203,RC,RC2,0.4,1.0,1.0,1.0,True,total_distance,183.37061613225012
hyperparameter_for_RC.json,per_instance_trials,RC203,RC,RC2,0.8,2.0,1.0,0.4,True,computation_time,9.51
hyperparameter_for_RC.json,per_instance_trials,RC203,RC,RC2,0.8,2.0,1.0,0.4,True,n_coarsened,6.0
hyperparameter_for_RC.json,per_instance_trials,RC203,RC,RC2,0.8,2.0,1.0,0.4,True,num_vehicles,2.0
hyperparameter_for_RC.json,per_instance_trials,RC203,RC,RC2,0.8,2.0,1.0,0.4,True,time_window_violations,0.0
hyperparameter_for_RC.json,per_instance_trials,RC203,RC,RC2,0.8,2.0,1.0,0.4,True,total_distance,211.35848078785085
hyperparameter_for_RC.json,per_instance_trials,RC203,RC,RC2,0.5,2.0,1.0,0.8,True,computation_time,4.28
hyperparameter_for_RC.json,per_instance_trials,RC203,RC,RC2,0.5,2.0,1.0,0.8,True,n_coarsened,4.0
hyperparameter_for_RC.json,per_instance_trials,RC203,RC,RC2,0.5,2.0,1.0,0.8,True,num_vehicles,2.0
hyperparameter_for_RC.json,per_instance_trials,RC203,RC,RC2,0.5,2.0,1.0,0.8,True,time_window_violations,0.0
hyperparameter_for_RC.json,per_instance_trials,RC203,RC,RC2,0.5,2.0,1.0,0.8,True,total_distance,261.8830125399
hyperparameter_for_RC.json,per_instance_trials,RC203,RC,RC2,0.6,2.0,0.9,1.0,True,computation_time,6.67
hyperparameter_for_RC.json,per_instance_trials,RC203,RC,RC2,0.6,2.0,0.9,1.0,True,n_coarsened,5.0
hyperparameter_for_RC.json,per_instance_trials,RC203,RC,RC2,0.6,2.0,0.9,1.0,True,num_vehicles,2.0
hyperparameter_for_RC.json,per_instance_trials,RC203,RC,RC2,0.6,2.0,0.9,1.0,True,time_window_violations,0.0
hyperparameter_for_RC.json,per_instance_trials,RC203,RC,RC2,0.6,2.0,0.9,1.0,True,total_distance,303.1710332032121
hyperparameter_for_RC.json,per_instance_trials,RC203,RC,RC2,0.6,3.0,0.7,0.2,True,computation_time,6.7
hyperparameter_for_RC.json,per_instance_trials,RC203,RC,RC2,0.6,3.0,0.7,0.2,True,n_coarsened,5.0
hyperparameter_for_RC.json,per_instance_trials,RC203,RC,RC2,0.6,3.0,0.7,0.2,True,num_vehicles,1.0
hyperparameter_for_RC.json,per_instance_trials,RC203,RC,RC2,0.6,3.0,0.7,0.2,True,time_window_violations,0.0
hyperparameter_for_RC.json,per_instance_trials,RC203,RC,RC2,0.6,3.0,0.7,0.2,True,total_distance,219.0855314650501
hyperparameter_for_RC.json,per_instance_trials,RC203,RC,RC2,0.8,1.5,0.7,0.4,True,computation_time,9.4
hyperparameter_for_RC.json,per_instance_trials,RC203,RC,RC2,0.8,1.5,0.7,0.4,True,n_coarsened,6.0
hyperparameter_for_RC.json,per_instance_trials,RC203,RC,RC2,0.8,1.5,0.7,0.4,True,num_vehicles,2.0
hyperparameter_for_RC.json,per_instance_trials,RC203,RC,RC2,0.8,1.5,0.7,0.4,True,time_window_violations,0.0
hyperparameter_for_RC.json,per_instance_trials,RC203,RC,RC2,0.8,1.5,0.7,0.4,True,total_distance,295.4867635043629
hyperparameter_for_RC.json,per_instance_trials,RC203,RC,RC2,0.7,2.0,0.7,1.0,True,computation_time,9.4
hyperparameter_for_RC.json,per_instance_trials,RC203,RC,RC2,0.7,2.0,0.7,1.0,True,n_coarsened,6.0
hyperparameter_for_RC.json,per_instance_trials,RC203,RC,RC2,0.7,2.0,0.7,1.0,True,num_vehicles,3.0
hyperparameter_for_RC.json,per_instance_trials,RC203,RC,RC2,0.7,2.0,0.7,1.0,True,time_window_violations,0.0
hyperparameter_for_RC.json,per_instance_trials,RC203,RC,RC2,0.7,2.0,0.7,1.0,True,total_distance,311.1317975943218
hyperparameter_for_RC.json,per_instance_trials,RC203,RC,RC2,0.5,2.0,1.0,0.6,True,computation_time,4.27
hyperparameter_for_RC.json,per_instance_trials,RC203,RC,RC2,0.5,2.0,1.0,0.6,True,n_coarsened,4.0
hyperparameter_for_RC.json,per_instance_trials,RC203,RC,RC2,0.5,2.0,1.0,0.6,True,num_vehicles,2.0
hyperparameter_for_RC.json,per_instance_trials,RC203,RC,RC2,0.5,2.0,1.0,0.6,True,time_window_violations,0.0
hyperparameter_for_RC.json,per_instance_trials,RC203,RC,RC2,0.5,2.0,1.0,0.6,True,total_distance,216.21907004508776
hyperparameter_for_RC.json,per_instance_trials,RC203,RC,RC2,0.8,1.5,0.3,0.4,True,computation_time,9.41
hyperparameter_for_RC.json,per_instance_trials,RC203,RC,RC2,0.8,1.5,0.3,0.4,True,n_coarsened,6.0
hyperparameter_for_RC.json,per_instance_trials,RC203,RC,RC2,0.8,1.5,0.3,0.4,True,num_vehicles,2.0
hyperparameter_for_RC.json,per_instance_trials,RC203,RC,RC2,0.8,1.5,0.3,0.4,True,time_window_violations,0.0
hyperparameter_for_RC.json,per_instance_trials,RC203,RC,RC2,0.8,1.5,0.3,0.4,True,total_distance,242.93484390267867
hyperparameter_for_RC.json,per_instance_trials,RC203,RC,RC2,0.6,2.0,0.3,0.8,True,computation_time,6.68
hyperparameter_for_RC.json,per_instance_trials,RC203,RC,RC2,0.6,2.0,0.3,0.8,True,n_coarsened,5.0
hyperparameter_for_RC.json,per_instance_trials,RC203,RC,RC2,0.6,2.0,0.3,0.8,True,num_vehicles,2.0
hyperparameter_for_RC.json,per_instance_trials,RC203,RC,RC2,0.6,2.0,0.3,0.8,True,time_window_violations,0.0
hyperparameter_for_RC.json,per_instance_trials,RC203,RC,RC2,0.6,2.0,0.3,0.8,True,total_distance,295.4867635043629
hyperparameter_for_RC.json,per_instance_trials,RC203,RC,RC2,0.7,5.0,0.5,0.2,True,computation_time,4.2
hyperparameter_for_RC.json,per_instance_trials,RC203,RC,RC2,0.7,5.0,0.5,0.2,True,n_coarsened,4.0
hyperparameter_for_RC.json,per_instance_trials,RC203,RC,RC2,0.7,5.0,0.5,0.2,True,num_vehicles,2.0
hyperparameter_for_RC.json,per_instance_trials,RC203,RC,RC2,0.7,5.0,0.5,0.2,True,time_window_violations,0.0
hyperparameter_for_RC.json,per_instance_trials,RC203,RC,RC2,0.7,5.0,0.5,0.2,True,total_distance,269.80830300276523
hyperparameter_for_RC.json,per_instance_trials,RC203,RC,RC2,0.8,1.5,0.9,0.6,True,computation_time,9.45
hyperparameter_for_RC.json,per_instance_trials,RC203,RC,RC2,0.8,1.5,0.9,0.6,True,n_coarsened,6.0
hyperparameter_for_RC.json,per_instance_trials,RC203,RC,RC2,0.8,1.5,0.9,0.6,True,num_vehicles,3.0
hyperparameter_for_RC.json,per_instance_trials,RC203,RC,RC2,0.8,1.5,0.9,0.6,True,time_window_violations,0.0
hyperparameter_for_RC.json,per_instance_trials,RC203,RC,RC2,0.8,1.5,0.9,0.6,True,total_distance,310.7145346402889
hyperparameter_for_RC.json,per_instance_trials,RC203,RC,RC2,0.4,2.0,0.5,0.6,True,computation_time,4.28
hyperparameter_for_RC.json,per_instance_trials,RC203,RC,RC2,0.4,2.0,0.5,0.6,True,n_coarsened,4.0
hyperparameter_for_RC.json,per_instance_trials,RC203,RC,RC2,0.4,2.0,0.5,0.6,True,num_vehicles,2.0
hyperparameter_for_RC.json,per_instance_trials,RC203,RC,RC2,0.4,2.0,0.5,0.6,True,time_window_violations,0.0
hyperparameter_for_RC.json,per_instance_trials,RC203,RC,RC2,0.4,2.0,0.5,0.6,True,total_distance,183.37061613225012
hyperparameter_for_RC.json,per_instance_trials,RC203,RC,RC2,0.3,1.0,0.7,0.4,True,computation_time,4.27
hyperparameter_for_RC.json,per_instance_trials,RC203,RC,RC2,0.3,1.0,0.7,0.4,True,n_coarsened,4.0
hyperparameter_for_RC.json,per_instance_trials,RC203,RC,RC2,0.3,1.0,0.7,0.4,True,num_vehicles,2.0
hyperparameter_for_RC.json,per_instance_trials,RC203,RC,RC2,0.3,1.0,0.7,0.4,True,time_window_violations,0.0
hyperparameter_for_RC.json,per_instance_trials,RC203,RC,RC2,0.3,1.0,0.7,0.4,True,total_distance,256.8351474170346
hyperparameter_for_RC.json,per_instance_trials,RC203,RC,RC2,0.8,3.0,0.9,0.4,True,computation_time,15.46
hyperparameter_for_RC.json,per_instance_trials,RC203,RC,RC2,0.8,3.0,0.9,0.4,True,n_coarsened,7.0
hyperparameter_for_RC.json,per_instance_trials,RC203,RC,RC2,0.8,3.0,0.9,0.4,True,num_vehicles,1.0
hyperparameter_for_RC.json,per_instance_trials,RC203,RC,RC2,0.8,3.0,0.9,0.4,True,time_window_violations,0.0
hyperparameter_for_RC.json,per_instance_trials,RC203,RC,RC2,0.8,3.0,0.9,0.4,True,total_distance,285.7346551680538
hyperparameter_for_RC.json,per_instance_trials,RC203,RC,RC2,0.6,2.0,1.0,0.8,True,computation_time,6.68
hyperparameter_for_RC.json,per_instance_trials,RC203,RC,RC2,0.6,2.0,1.0,0.8,True,n_coarsened,5.0
hyperparameter_for_RC.json,per_instance_trials,RC203,RC,RC2,0.6,2.0,1.0,0.8,True,num_vehicles,2.0
hyperparameter_for_RC.json,per_instance_trials,RC203,RC,RC2,0.6,2.0,1.0,0.8,True,time_window_violations,0.0
hyperparameter_for_RC.json,per_instance_trials,RC203,RC,RC2,0.6,2.0,1.0,0.8,True,total_distance,222.81760867044278
hyperparameter_for_RC.json,per_instance_trials,RC203,RC,RC2,0.4,0.5,1.0,1.0,True,computation_time,4.27
hyperparameter_for_RC.json,per_instance_trials,RC203,RC,RC2,0.4,0.5,1.0,1.0,True,n_coarsened,4.0
hyperparameter_for_RC.json,per_instance_trials,RC203,RC,RC2,0.4,0.5,1.0,1.0,True,num_vehicles,2.0
hyperparameter_for_RC.json,per_instance_trials,RC203,RC,RC2,0.4,0.5,1.0,1.0,True,time_window_violations,0.0
hyperparameter_for_RC.json,per_instance_trials,RC203,RC,RC2,0.4,0.5,1.0,1.0,True,total_distance,256.8351474170346
hyperparameter_for_RC.json,per_instance_trials,RC203,RC,RC2,0.5,1.5,0.9,1.0,True,computation_time,4.27
hyperparameter_for_RC.json,per_instance_trials,RC203,RC,RC2,0.5,1.5,0.9,1.0,True,n_coarsened,4.0
hyperparameter_for_RC.json,per_instance_trials,RC203,RC,RC2,0.5,1.5,0.9,1.0,True,num_vehicles,2.0
hyperparameter_for_RC.json,per_instance_trials,RC203,RC,RC2,0.5,1.5,0.9,1.0,True,time_window_violations,0.0
hyperparameter_for_RC.json,per_instance_trials,RC203,RC,RC2,0.5,1.5,0.9,1.0,True,total_distance,216.21907004508776
hyperparameter_for_RC.json,per_instance_trials,RC203,RC,RC2,0.5,2.0,0.9,0.4,True,computation_time,4.27
hyperparameter_for_RC.json,per_instance_trials,RC203,RC,RC2,0.5,2.0,0.9,0.4,True,n_coarsened,4.0
hyperparameter_for_RC.json,per_instance_trials,RC203,RC,RC2,0.5,2.0,0.9,0.4,True,num_vehicles,2.0
hyperparameter_for_RC.json,per_instance_trials,RC203,RC,RC2,0.5,2.0,0.9,0.4,True,time_window_violations,0.0
hyperparameter_for_RC.json,per_instance_trials,RC203,RC,RC2,0.5,2.0,0.9,0.4,True,total_distance,261.8830125399
hyperparameter_for_RC.json,per_instance_trials,RC203,RC,RC2,0.6,0.5,0.7,0.4,True,computation_time,6.68
hyperparameter_for_RC.json,per_instance_trials,RC203,RC,RC2,0.6,0.5,0.7,0.4,True,n_coarsened,5.0
hyperparameter_for_RC.json,per_instance_trials,RC203,RC,RC2,0.6,0.5,0.7,0.4,True,num_vehicles,2.0
hyperparameter_for_RC.json,per_instance_trials,RC203,RC,RC2,0.6,0.5,0.7,0.4,True,time_window_violations,0.0
hyperparameter_for_RC.json,per_instance_trials,RC203,RC,RC2,0.6,0.5,0.7,0.4,True,total_distance,298.3358880855769
hyperparameter_for_RC.json,per_instance_trials,RC203,RC,RC2,0.7,2.0,0.5,0.2,True,computation_time,9.42
hyperparameter_for_RC.json,per_instance_trials,RC203,RC,RC2,0.7,2.0,0.5,0.2,True,n_coarsened,6.0
hyperparameter_for_RC.json,per_instance_trials,RC203,RC,RC2,0.7,2.0,0.5,0.2,True,num_vehicles,2.0
hyperparameter_for_RC.json,per_instance_trials,RC203,RC,RC2,0.7,2.0,0.5,0.2,True,time_window_violations,0.0
hyperparameter_for_RC.json,per_instance_trials,RC203,RC,RC2,0.7,2.0,0.5,0.2,True,total_distance,254.83802282994316
hyperparameter_for_RC.json,per_instance_trials,RC204,RC,RC2,0.3,2.0,0.9,0.6,True,computation_time,2.3
hyperparameter_for_RC.json,per_instance_trials,RC204,RC,RC2,0.3,2.0,0.9,0.6,True,n_coarsened,2.0
hyperparameter_for_RC.json,per_instance_trials,RC204,RC,RC2,0.3,2.0,0.9,0.6,True,num_vehicles,2.0
hyperparameter_for_RC.json,per_instance_trials,RC204,RC,RC2,0.3,2.0,0.9,0.6,True,time_window_violations,0.0
hyperparameter_for_RC.json,per_instance_trials,RC204,RC,RC2,0.3,2.0,0.9,0.6,True,total_distance,216.24023846977448
hyperparameter_for_RC.json,per_instance_trials,RC204,RC,RC2,0.8,5.0,0.3,0.6,True,computation_time,9.45
hyperparameter_for_RC.json,per_instance_trials,RC204,RC,RC2,0.8,5.0,0.3,0.6,True,n_coarsened,6.0
hyperparameter_for_RC.json,per_instance_trials,RC204,RC,RC2,0.8,5.0,0.3,0.6,True,num_vehicles,2.0
hyperparameter_for_RC.json,per_instance_trials,RC204,RC,RC2,0.8,5.0,0.3,0.6,True,time_window_violations,0.0
hyperparameter_for_RC.json,per_instance_trials,RC204,RC,RC2,0.8,5.0,0.3,0.6,True,total_distance,216.89526506546346
hyperparameter_for_RC.json,per_instance_trials,RC204,RC,RC2,0.5,5.0,0.9,0.8,True,computation_time,4.19
hyperparameter_for_RC.json,per_instance_trials,RC204,RC,RC2,0.5,5.0,0.9,0.8,True,n_coarsened,4.0
hyperparameter_for_RC.json,per_instance_trials,RC204,RC,RC2,0.5,5.0,0.9,0.8,True,num_vehicles,2.0
hyperparameter_for_RC.json,per_instance_trials,RC204,RC,RC2,0.5,5.0,0.9,0.8,True,time_window_violations,0.0
hyperparameter_for_RC.json,per_instance_trials,RC204,RC,RC2,0.5,5.0,0.9,0.8,True,total_distance,222.8425637368171
hyperparameter_for_RC.json,per_instance_trials,RC204,RC,RC2,0.6,0.5,1.0,1.0,True,computation_time,9.57
hyperparameter_for_RC.json,per_instance_trials,RC204,RC,RC2,0.6,0.5,1.0,1.0,True,n_coarsened,6.0
hyperparameter_for_RC.json,per_instance_trials,RC204,RC,RC2,0.6,0.5,1.0,1.0,True,num_vehicles,2.0
hyperparameter_for_RC.json,per_instance_trials,RC204,RC,RC2,0.6,0.5,1.0,1.0,True,time_window_violations,0.0
hyperparameter_for_RC.json,per_instance_trials,RC204,RC,RC2,0.6,0.5,1.0,1.0,True,total_distance,208.1574519945526
hyperparameter_for_RC.json,per_instance_trials,RC204,RC,RC2,0.6,5.0,0.7,1.0,True,computation_time,4.14
hyperparameter_for_RC.json,per_instance_trials,RC204,RC,RC2,0.6,5.0,0.7,1.0,True,n_coarsened,4.0
hyperparameter_for_RC.json,per_instance_trials,RC204,RC,RC2,0.6,5.0,0.7,1.0,True,num_vehicles,2.0
hyperparameter_for_RC.json,per_instance_trials,RC204,RC,RC2,0.6,5.0,0.7,1.0,True,time_window_violations,0.0
hyperparameter_for_RC.json,per_instance_trials,RC204,RC,RC2,0.6,5.0,0.7,1.0,True,total_distance,233.2298490960796
hyperparameter_for_RC.json,per_instance_trials,RC204,RC,RC2,0.8,3.0,1.0,0.8,True,computation_time,9.4
hyperparameter_for_RC.json,per_instance_trials,RC204,RC,RC2,0.8,3.0,1.0,0.8,True,n_coarsened,6.0
hyperparameter_for_RC.json,per_instance_trials,RC204,RC,RC2,0.8,3.0,1.0,0.8,True,num_vehicles,2.0
hyperparameter_for_RC.json,per_instance_trials,RC204,RC,RC2,0.8,3.0,1.0,0.8,True,time_window_violations,0.0
hyperparameter_for_RC.json,per_instance_trials,RC204,RC,RC2,0.8,3.0,1.0,0.8,True,total_distance,261.82356351268663
hyperparameter_for_RC.json,per_instance_trials,RC204,RC,RC2,0.4,3.0,0.3,0.4,True,computation_time,3.38
hyperparameter_for_RC.json,per_instance_trials,RC204,RC,RC2,0.4,3.0,0.3,0.4,True,n_coarsened,3.0
hyperparameter_for_RC.json,per_instance_trials,RC204,RC,RC2,0.4,3.0,0.3,0.4,True,num_vehicles,2.0
hyperparameter_for_RC.json,per_instance_trials,RC204,RC,RC2,0.4,3.0,0.3,0.4,True,time_window_violations,0.0
hyperparameter_for_RC.json,per_instance_trials,RC204,RC,RC2,0.4,3.0,0.3,0.4,True,total_distance,226.75806687639437
hyperparameter_for_RC.json,per_instance_trials,RC204,RC,RC2,0.6,3.0,0.3,0.2,True,computation_time,4.14
hyperparameter_for_RC.json,per_instance_trials,RC204,RC,RC2,0.6,3.0,0.3,0.2,True,n_coarsened,4.0
hyperparameter_for_RC.json,per_instance_trials,RC204,RC,RC2,0.6,3.0,0.3,0.2,True,num_vehicles,2.0
hyperparameter_for_RC.json,per_instance_trials,RC204,RC,RC2,0.6,3.0,0.3,0.2,True,time_window_violations,0.0
hyperparameter_for_RC.json,per_instance_trials,RC204,RC,RC2,0.6,3.0,0.3,0.2,True,total_distance,264.7333430803819
hyperparameter_for_RC.json,per_instance_trials,RC204,RC,RC2,0.5,0.5,0.7,0.4,True,computation_time,9.55
hyperparameter_for_RC.json,per_instance_trials,RC204,RC,RC2,0.5,0.5,0.7,0.4,True,n_coarsened,6.0
hyperparameter_for_RC.json,per_instance_trials,RC204,RC,RC2,0.5,0.5,0.7,0.4,True,num_vehicles,3.0
hyperparameter_for_RC.json,per_instance_trials,RC204,RC,RC2,0.5,0.5,0.7,0.4,True,time_window_violations,0.0
hyperparameter_for_RC.json,per_instance_trials,RC204,RC,RC2,0.5,0.5,0.7,0.4,True,total_distance,313.70355211824955
hyperparameter_for_RC.json,per_instance_trials,RC204,RC,RC2,0.6,1.0,0.9,0.2,True,computation_time,6.61
hyperparameter_for_RC.json,per_instance_trials,RC204,RC,RC2,0.6,1.0,0.9,0.2,True,n_coarsened,5.0
hyperparameter_for_RC.json,per_instance_trials,RC204,RC,RC2,0.6,1.0,0.9,0.2,True,num_vehicles,2.0
hyperparameter_for_RC.json,per_instance_trials,RC204,RC,RC2,0.6,1.0,0.9,0.2,True,time_window_violations,0.0
hyperparameter_for_RC.json,per_instance_trials,RC204,RC,RC2,0.6,1.0,0.9,0.2,True,total_distance,176.78869634213828
hyperparameter_for_RC.json,per_instance_trials,RC204,RC,RC2,0.4,0.5,1.0,0.6,True,computation_time,9.56
hyperparameter_for_RC.json,per_instance_trials,RC204,RC,RC2,0.4,0.5,1.0,0.6,True,n_coarsened,6.0
hyperparameter_for_RC.json,per_instance_trials,RC204,RC,RC2,0.4,0.5,1.0,0.6,True,num_vehicles,3.0
hyperparameter_for_RC.json,per_instance_trials,RC204,RC,RC2,0.4,0.5,1.0,0.6,True,time_window_violations,0.0
hyperparameter_for_RC.json,per_instance_trials,RC204,RC,RC2,0.4,0.5,1.0,0.6,True,total_distance,323.6634963457553
hyperparameter_for_RC.json,per_instance_trials,RC204,RC,RC2,0.4,5.0,1.0,1.0,True,computation_time,3.38
hyperparameter_for_RC.json,per_instance_trials,RC204,RC,RC2,0.4,5.0,1.0,1.0,True,n_coarsened,3.0
hyperparameter_for_RC.json,per_instance_trials,RC204,RC,RC2,0.4,5.0,1.0,1.0,True,num_vehicles,2.0
hyperparameter_for_RC.json,per_instance_trials,RC204,RC,RC2,0.4,5.0,1.0,1.0,True,time_window_violations,0.0
hyperparameter_for_RC.json,per_instance_trials,RC204,RC,RC2,0.4,5.0,1.0,1.0,True,total_distance,226.75806687639437
hyperparameter_for_RC.json,per_instance_trials,RC204,RC,RC2,0.3,1.0,0.3,0.8,True,computation_time,2.3
hyperparameter_for_RC.json,per_instance_trials,RC204,RC,RC2,0.3,1.0,0.3,0.8,True,n_coarsened,2.0
hyperparameter_for_RC.json,per_instance_trials,RC204,RC,RC2,0.3,1.0,0.3,0.8,True,num_vehicles,2.0
hyperparameter_for_RC.json,per_instance_trials,RC204,RC,RC2,0.3,1.0,0.3,0.8,True,time_window_violations,0.0
hyperparameter_for_RC.json,per_instance_trials,RC204,RC,RC2,0.3,1.0,0.3,0.8,True,total_distance,216.24023846977445
hyperparameter_for_RC.json,per_instance_trials,RC204,RC,RC2,0.5,1.5,1.0,1.0,True,computation_time,4.14
hyperparameter_for_RC.json,per_instance_trials,RC204,RC,RC2,0.5,1.5,1.0,1.0,True,n_coarsened,4.0
hyperparameter_for_RC.json,per_instance_trials,RC204,RC,RC2,0.5,1.5,1.0,1.0,True,num_vehicles,2.0
hyperparameter_for_RC.json,per_instance_trials,RC204,RC,RC2,0.5,1.5,1.0,1.0,True,time_window_violations,0.0
hyperparameter_for_RC.json,per_instance_trials,RC204,RC,RC2,0.5,1.5,1.0,1.0,True,total_distance,259.10008774023925
hyperparameter_for_RC.json,per_instance_trials,RC204,RC,RC2,0.6,2.0,0.5,0.8,True,computation_time,6.58
hyperparameter_for_RC.json,per_instance_trials,RC204,RC,RC2,0.6,2.0,0.5,0.8,True,n_coarsened,5.0
hyperparameter_for_RC.json,per_instance_trials,RC204,RC,RC2,0.6,2.0,0.5,0.8,True,num_vehicles,2.0
hyperparameter_for_RC.json,per_instance_trials,RC204,RC,RC2,0.6,2.0,0.5,0.8,True,time_window_violations,0.0
hyperparameter_for_RC.json,per_instance_trials,RC204,RC,RC2,0.6,2.0,0.5,0.8,True,total_distance,176.78869634213828
hyperparameter_for_RC.json,per_instance_trials,RC204,RC,RC2,0.6,2.0,0.7,0.4,True,computation_time,6.57
hyperparameter_for_RC.json,per_instance_trials,RC204,RC,RC2,0.6,2.0,0.7,0.4,True,n_coarsened,5.0
hyperparameter_for_RC.json,per_instance_trials,RC204,RC,RC2,0.6,2.0,0.7,0.4,True,num_vehicles,2.0
hyperparameter_for_RC.json,per_instance_trials,RC204,RC,RC2,0.6,2.0,0.7,0.4,True,time_window_violations,0.0
hyperparameter_for_RC.json,per_instance_trials,RC204,RC,RC2,0.6,2.0,0.7,0.4,True,total_distance,184.29406774158443
hyperparameter_for_RC.json,per_instance_trials,RC204,RC,RC2,0.6,1.5,0.7,0.8,True,computation_time,6.58
hyperparameter_for_RC.json,per_instance_trials,RC204,RC,RC2,0.6,1.5,0.7,0.8,True,n_coarsened,5.0
hyperparameter_for_RC.json,per_instance_trials,RC204,RC,RC2,0.6,1.5,0.7,0.8,True,num_vehicles,2.0
hyperparameter_for_RC.json,per_instance_trials,RC204,RC,RC2,0.6,1.5,0.7,0.8,True,time_window_violations,0.0
hyperparameter_for_RC.json,per_instance_trials,RC204,RC,RC2,0.6,1.5,0.7,0.8,True,total_distance,250.70919021122035
hyperparameter_for_RC.json,per_instance_trials,RC204,RC,RC2,0.7,2.0,0.7,0.8,True,computation_time,6.57
hyperparameter_for_RC.json,per_instance_trials,RC204,RC,RC2,0.7,2.0,0.7,0.8,True,n_coarsened,5.0
hyperparameter_for_RC.json,per_instance_trials,RC204,RC,RC2,0.7,2.0,0.7,0.8,True,num_vehicles,2.0
hyperparameter_for_RC.json,per_instance_trials,RC204,RC,RC2,0.7,2.0,0.7,0.8,True,time_window_violations,0.0
hyperparameter_for_RC.json,per_instance_trials,RC204,RC,RC2,0.7,2.0,0.7,0.8,True,total_distance,201.9280259434411
hyperparameter_for_RC.json,per_instance_trials,RC204,RC,RC2,0.5,1.5,0.3,0.2,True,computation_time,4.14
hyperparameter_for_RC.json,per_instance_trials,RC204,RC,RC2,0.5,1.5,0.3,0.2,True,n_coarsened,4.0
hyperparameter_for_RC.json,per_instance_trials,RC204,RC,RC2,0.5,1.5,0.3,0.2,True,num_vehicles,2.0
hyperparameter_for_RC.json,per_instance_trials,RC204,RC,RC2,0.5,1.5,0.3,0.2,True,time_window_violations,0.0
hyperparameter_for_RC.json,per_instance_trials,RC204,RC,RC2,0.5,1.5,0.3,0.2,True,total_distance,220.1557416093517
hyperparameter_for_RC.json,per_instance_trials,RC204,RC,RC2,0.4,1.0,1.0,1.0,True,computation_time,3.38
hyperparameter_for_RC.json,per_instance_trials,RC204,RC,RC2,0.4,1.0,1.0,1.0,True,n_coarsened,3.0
hyperparameter_for_RC.json,per_instance_trials,RC204,RC,RC2,0.4,1.0,1.0,1.0,True,num_vehicles,2.0
hyperparameter_for_RC.json,per_instance_trials,RC204,RC,RC2,0.4,1.0,1.0,1.0,True,time_window_violations,0.0
hyperparameter_for_RC.json,per_instance_trials,RC204,RC,RC2,0.4,1.0,1.0,1.0,True,total_distance,220.1557416093517
hyperparameter_for_RC.json,per_instance_trials,RC204,RC,RC2,0.8,2.0,1.0,0.4,True,computation_time,15.75
hyperparameter_for_RC.json,per_instance_trials,RC204,RC,RC2,0.8,2.0,1.0,0.4,True,n_coarsened,7.0
hyperparameter_for_RC.json,per_instance_trials,RC204,RC,RC2,0.8,2.0,1.0,0.4,True,num_vehicles,2.0
hyperparameter_for_RC.json,per_instance_trials,RC204,RC,RC2,0.8,2.0,1.0,0.4,True,time_window_violations,0.0
hyperparameter_for_RC.json,per_instance_trials,RC204,RC,RC2,0.8,2.0,1.0,0.4,True,total_distance,270.8264064243337
hyperparameter_for_RC.json,per_instance_trials,RC204,RC,RC2,0.5,2.0,1.0,0.8,True,computation_time,4.13
hyperparameter_for_RC.json,per_instance_trials,RC204,RC,RC2,0.5,2.0,1.0,0.8,True,n_coarsened,4.0
hyperparameter_for_RC.json,per_instance_trials,RC204,RC,RC2,0.5,2.0,1.0,0.8,True,num_vehicles,2.0
hyperparameter_for_RC.json,per_instance_trials,RC204,RC,RC2,0.5,2.0,1.0,0.8,True,time_window_violations,0.0
hyperparameter_for_RC.json,per_instance_trials,RC204,RC,RC2,0.5,2.0,1.0,0.8,True,total_distance,180.09610245494673
hyperparameter_for_RC.json,per_instance_trials,RC204,RC,RC2,0.6,2.0,0.9,1.0,True,computation_time,6.58
hyperparameter_for_RC.json,per_instance_trials,RC204,RC,RC2,0.6,2.0,0.9,1.0,True,n_coarsened,5.0
hyperparameter_for_RC.json,per_instance_trials,RC204,RC,RC2,0.6,2.0,0.9,1.0,True,num_vehicles,1.0
hyperparameter_for_RC.json,per_instance_trials,RC204,RC,RC2,0.6,2.0,0.9,1.0,True,time_window_violations,0.0
hyperparameter_for_RC.json,per_instance_trials,RC204,RC,RC2,0.6,2.0,0.9,1.0,True,total_distance,145.31242365167387
hyperparameter_for_RC.json,per_instance_trials,RC204,RC,RC2,0.6,3.0,0.7,0.2,True,computation_time,4.13
hyperparameter_for_RC.json,per_instance_trials,RC204,RC,RC2,0.6,3.0,0.7,0.2,True,n_coarsened,4.0
hyperparameter_for_RC.json,per_instance_trials,RC204,RC,RC2,0.6,3.0,0.7,0.2,True,num_vehicles,2.0
hyperparameter_for_RC.json,per_instance_trials,RC204,RC,RC2,0.6,3.0,0.7,0.2,True,time_window_violations,0.0
hyperparameter_for_RC.json,per_instance_trials,RC204,RC,RC2,0.6,3.0,0.7,0.2,True,total_distance,233.2298490960796
hyperparameter_for_RC.json,per_instance_trials,RC204,RC,RC2,0.8,1.5,0.7,0.4,True,computation_time,15.7
hyperparameter_for_RC.json,per_instance_trials,RC204,RC,RC2,0.8,1.5,0.7,0.4,True,n_coarsened,7.0
hyperparameter_for_RC.json,per_instance_trials,RC204,RC,RC2,0.8,1.5,0.7,0.4,True,num_vehicles,3.0
hyperparameter_for_RC.json,per_instance_trials,RC204,RC,RC2,0.8,1.5,0.7,0.4,True,time_window_violations,0.0
hyperparameter_for_RC.json,per_instance_trials,RC204,RC,RC2,0.8,1.5,0.7,0.4,True,total_distance,292.09228206456265
hyperparameter_for_RC.json,per_instance_trials,RC204,RC,RC2,0.7,2.0,0.7,1.0,True,computation_time,6.58
hyperparameter_for_RC.json,per_instance_trials,RC204,RC,RC2,0.7,2.0,0.7,1.0,True,n_coarsened,5.0
hyperparameter_for_RC.json,per_instance_trials,RC204,RC,RC2,0.7,2.0,0.7,1.0,True,num_vehicles,1.0
hyperparameter_for_RC.json,per_instance_trials,RC204,RC,RC2,0.7,2.0,0.7,1.0,True,time_window_violations,0.0
hyperparameter_for_RC.json,per_instance_trials,RC204,RC,RC2,0.7,2.0,0.7,1.0,True,total_distance,188.26294763574202
hyperparameter_for_RC.json,per_instance_trials,RC204,RC,RC2,0.5,2.0,1.0,0.6,True,computation_time,4.17
hyperparameter_for_RC.json,per_instance_trials,RC204,RC,RC2,0.5,2.0,1.0,0.6,True,n_coarsened,4.0
hyperparameter_for_RC.json,per_instance_trials,RC204,RC,RC2,0.5,2.0,1.0,0.6,True,num_vehicles,2.0
hyperparameter_for_RC.json,per_instance_trials,RC204,RC,RC2,0.5,2.0,1.0,0.6,True,time_window_violations,0.0
hyperparameter_for_RC.json,per_instance_trials,RC204,RC,RC2,0.5,2.0,1.0,0.6,True,total_distance,205.79253028944777
hyperparameter_for_RC.json,per_instance_trials,RC204,RC,RC2,0.8,1.5,0.3,0.4,True,computation_time,15.71
hyperparameter_for_RC.json,per_instance_trials,RC204,RC,RC2,0.8,1.5,0.3,0.4,True,n_coarsened,7.0
hyperparameter_for_RC.json,per_instance_trials,RC204,RC,RC2,0.8,1.5,0.3,0.4,True,num_vehicles,2.0
hyperparameter_for_RC.json,per_instance_trials,RC204,RC,RC2,0.8,1.5,0.3,0.4,True,time_window_violations,0.0
hyperparameter_for_RC.json,per_instance_trials,RC204,RC,RC2,0.8,1.5,0.3,0.4,True,total_distance,266.4729801057737
hyperparameter_for_RC.json,per_instance_trials,RC204,RC,RC2,0.6,2.0,0.3,0.8,True,computation_time,6.58
hyperparameter_for_RC.json,per_instance_trials,RC204,RC,RC2,0.6,2.0,0.3,0.8,True,n_coarsened,5.0
hyperparameter_for_RC.json,per_instance_trials,RC204,RC,RC2,0.6,2.0,0.3,0.8,True,num_vehicles,2.0
hyperparameter_for_RC.json,per_instance_trials,RC204,RC,RC2,0.6,2.0,0.3,0.8,True,time_window_violations,0.0
hyperparameter_for_RC.json,per_instance_trials,RC204,RC,RC2,0.6,2.0,0.3,0.8,True,total_distance,253.87647479231012
hyperparameter_for_RC.json,per_instance_trials,RC204,RC,RC2,0.7,5.0,0.5,0.2,True,computation_time,9.41
hyperparameter_for_RC.json,per_instance_trials,RC204,RC,RC2,0.7,5.0,0.5,0.2,True,n_coarsened,6.0
hyperparameter_for_RC.json,per_instance_trials,RC204,RC,RC2,0.7,5.0,0.5,0.2,True,num_vehicles,2.0
hyperparameter_for_RC.json,per_instance_trials,RC204,RC,RC2,0.7,5.0,0.5,0.2,True,time_window_violations,0.0
hyperparameter_for_RC.json,per_instance_trials,RC204,RC,RC2,0.7,5.0,0.5,0.2,True,total_distance,245.87671122072382
hyperparameter_for_RC.json,per_instance_trials,RC204,RC,RC2,0.8,1.5,0.9,0.6,True,computation_time,15.73
hyperparameter_for_RC.json,per_instance_trials,RC204,RC,RC2,0.8,1.5,0.9,0.6,True,n_coarsened,7.0
hyperparameter_for_RC.json,per_instance_trials,RC204,RC,RC2,0.8,1.5,0.9,0.6,True,num_vehicles,1.0
hyperparameter_for_RC.json,per_instance_trials,RC204,RC,RC2,0.8,1.5,0.9,0.6,True,time_window_violations,0.0
hyperparameter_for_RC.json,per_instance_trials,RC204,RC,RC2,0.8,1.5,0.9,0.6,True,total_distance,196.65612606419427
hyperparameter_for_RC.json,per_instance_trials,RC204,RC,RC2,0.4,2.0,0.5,0.6,True,computation_time,3.38
hyperparameter_for_RC.json,per_instance_trials,RC204,RC,RC2,0.4,2.0,0.5,0.6,True,n_coarsened,3.0
hyperparameter_for_RC.json,per_instance_trials,RC204,RC,RC2,0.4,2.0,0.5,0.6,True,num_vehicles,2.0
hyperparameter_for_RC.json,per_instance_trials,RC204,RC,RC2,0.4,2.0,0.5,0.6,True,time_window_violations,0.0
hyperparameter_for_RC.json,per_instance_trials,RC204,RC,RC2,0.4,2.0,0.5,0.6,True,total_distance,216.24023846977445
hyperparameter_for_RC.json,per_instance_trials,RC204,RC,RC2,0.3,1.0,0.7,0.4,True,computation_time,2.3
hyperparameter_for_RC.json,per_instance_trials,RC204,RC,RC2,0.3,1.0,0.7,0.4,True,n_coarsened,2.0
hyperparameter_for_RC.json,per_instance_trials,RC204,RC,RC2,0.3,1.0,0.7,0.4,True,num_vehicles,2.0
hyperparameter_for_RC.json,per_instance_trials,RC204,RC,RC2,0.3,1.0,0.7,0.4,True,time_window_violations,0.0
hyperparameter_for_RC.json,per_instance_trials,RC204,RC,RC2,0.3,1.0,0.7,0.4,True,total_distance,216.24023846977445
hyperparameter_for_RC.json,per_instance_trials,RC204,RC,RC2,0.8,3.0,0.9,0.4,True,computation_time,9.44
hyperparameter_for_RC.json,per_instance_trials,RC204,RC,RC2,0.8,3.0,0.9,0.4,True,n_coarsened,6.0
hyperparameter_for_RC.json,per_instance_trials,RC204,RC,RC2,0.8,3.0,0.9,0.4,True,num_vehicles,2.0
hyperparameter_for_RC.json,per_instance_trials,RC204,RC,RC2,0.8,3.0,0.9,0.4,True,time_window_violations,0.0
hyperparameter_for_RC.json,per_instance_trials,RC204,RC,RC2,0.8,3.0,0.9,0.4,True,total_distance,263.8681409540096
hyperparameter_for_RC.json,per_instance_trials,RC204,RC,RC2,0.6,2.0,1.0,0.8,True,computation_time,6.58
hyperparameter_for_RC.json,per_instance_trials,RC204,RC,RC2,0.6,2.0,1.0,0.8,True,n_coarsened,5.0
hyperparameter_for_RC.json,per_instance_trials,RC204,RC,RC2,0.6,2.0,1.0,0.8,True,num_vehicles,2.0
hyperparameter_for_RC.json,per_instance_trials,RC204,RC,RC2,0.6,2.0,1.0,0.8,True,time_window_violations,0.0
hyperparameter_for_RC.json,per_instance_trials,RC204,RC,RC2,0.6,2.0,1.0,0.8,True,total_distance,243.76501347676918
hyperparameter_for_RC.json,per_instance_trials,RC204,RC,RC2,0.4,0.5,1.0,1.0,True,computation_time,9.57
hyperparameter_for_RC.json,per_instance_trials,RC204,RC,RC2,0.4,0.5,1.0,1.0,True,n_coarsened,6.0
hyperparameter_for_RC.json,per_instance_trials,RC204,RC,RC2,0.4,0.5,1.0,1.0,True,num_vehicles,2.0
hyperparameter_for_RC.json,per_instance_trials,RC204,RC,RC2,0.4,0.5,1.0,1.0,True,time_window_violations,0.0
hyperparameter_for_RC.json,per_instance_trials,RC204,RC,RC2,0.4,0.5,1.0,1.0,True,total_distance,253.42890674723122
hyperparameter_for_RC.json,per_instance_trials,RC204,RC,RC2,0.5,1.5,0.9,1.0,True,computation_time,4.13
hyperparameter_for_RC.json,per_instance_trials,RC204,RC,RC2,0.5,1.5,0.9,1.0,True,n_coarsened,4.0
hyperparameter_for_RC.json,per_instance_trials,RC204,RC,RC2,0.5,1.5,0.9,1.0,True,num_vehicles,2.0
hyperparameter_for_RC.json,per_instance_trials,RC204,RC,RC2,0.5,1.5,0.9,1.0,True,time_window_violations,0.0
hyperparameter_for_RC.json,per_instance_trials,RC204,RC,RC2,0.5,1.5,0.9,1.0,True,total_distance,218.98665677559748
hyperparameter_for_RC.json,per_instance_trials,RC204,RC,RC2,0.5,2.0,0.9,0.4,True,computation_time,4.14
hyperparameter_for_RC.json,per_instance_trials,RC204,RC,RC2,0.5,2.0,0.9,0.4,True,n_coarsened,4.0
hyperparameter_for_RC.json,per_instance_trials,RC204,RC,RC2,0.5,2.0,0.9,0.4,True,num_vehicles,2.0
hyperparameter_for_RC.json,per_instance_trials,RC204,RC,RC2,0.5,2.0,0.9,0.4,True,time_window_violations,0.0
hyperparameter_for_RC.json,per_instance_trials,RC204,RC,RC2,0.5,2.0,0.9,0.4,True,total_distance,220.1557416093517
hyperparameter_for_RC.json,per_instance_trials,RC204,RC,RC2,0.6,0.5,0.7,0.4,True,computation_time,9.55
hyperparameter_for_RC.json,per_instance_trials,RC204,RC,RC2,0.6,0.5,0.7,0.4,True,n_coarsened,6.0
hyperparameter_for_RC.json,per_instance_trials,RC204,RC,RC2,0.6,0.5,0.7,0.4,True,num_vehicles,2.0
hyperparameter_for_RC.json,per_instance_trials,RC204,RC,RC2,0.6,0.5,0.7,0.4,True,time_window_violations,0.0
hyperparameter_for_RC.json,per_instance_trials,RC204,RC,RC2,0.6,0.5,0.7,0.4,True,total_distance,256.53750279472956
hyperparameter_for_RC.json,per_instance_trials,RC204,RC,RC2,0.7,2.0,0.5,0.2,True,computation_time,6.58
hyperparameter_for_RC.json,per_instance_trials,RC204,RC,RC2,0.7,2.0,0.5,0.2,True,n_coarsened,5.0
hyperparameter_for_RC.json,per_instance_trials,RC204,RC,RC2,0.7,2.0,0.5,0.2,True,num_vehicles,2.0
hyperparameter_for_RC.json,per_instance_trials,RC204,RC,RC2,0.7,2.0,0.5,0.2,True,time_window_violations,0.0
hyperparameter_for_RC.json,per_instance_trials,RC204,RC,RC2,0.7,2.0,0.5,0.2,True,total_distance,205.79253028944777
hyperparameter_for_RC.json,per_instance_trials,RC205,RC,RC2,0.3,2.0,0.9,0.6,True,computation_time,3.42
hyperparameter_for_RC.json,per_instance_trials,RC205,RC,RC2,0.3,2.0,0.9,0.6,True,n_coarsened,3.0
hyperparameter_for_RC.json,per_instance_trials,RC205,RC,RC2,0.3,2.0,0.9,0.6,True,num_vehicles,2.0
hyperparameter_for_RC.json,per_instance_trials,RC205,RC,RC2,0.3,2.0,0.9,0.6,True,time_window_violations,0.0
hyperparameter_for_RC.json,per_instance_trials,RC205,RC,RC2,0.3,2.0,0.9,0.6,True,total_distance,262.4590449445926
hyperparameter_for_RC.json,per_instance_trials,RC205,RC,RC2,0.8,5.0,0.3,0.6,True,computation_time,15.81
hyperparameter_for_RC.json,per_instance_trials,RC205,RC,RC2,0.8,5.0,0.3,0.6,True,n_coarsened,7.0
hyperparameter_for_RC.json,per_instance_trials,RC205,RC,RC2,0.8,5.0,0.3,0.6,True,num_vehicles,3.0
hyperparameter_for_RC.json,per_instance_trials,RC205,RC,RC2,0.8,5.0,0.3,0.6,True,time_window_violations,0.0
hyperparameter_for_RC.json,per_instance_trials,RC205,RC,RC2,0.8,5.0,0.3,0.6,True,total_distance,322.3147941004942
hyperparameter_for_RC.json,per_instance_trials,RC205,RC,RC2,0.5,5.0,0.9,0.8,True,computation_time,3.42
hyperparameter_for_RC.json,per_instance_trials,RC205,RC,RC2,0.5,5.0,0.9,0.8,True,n_coarsened,3.0
hyperparameter_for_RC.json,per_instance_trials,RC205,RC,RC2,0.5,5.0,0.9,0.8,True,num_vehicles,2.0
hyperparameter_for_RC.json,per_instance_trials,RC205,RC,RC2,0.5,5.0,0.9,0.8,True,time_window_violations,0.0
hyperparameter_for_RC.json,per_instance_trials,RC205,RC,RC2,0.5,5.0,0.9,0.8,True,total_distance,222.00962463794824
hyperparameter_for_RC.json,per_instance_trials,RC205,RC,RC2,0.6,0.5,1.0,1.0,True,computation_time,6.73
hyperparameter_for_RC.json,per_instance_trials,RC205,RC,RC2,0.6,0.5,1.0,1.0,True,n_coarsened,5.0
hyperparameter_for_RC.json,per_instance_trials,RC205,RC,RC2,0.6,0.5,1.0,1.0,True,num_vehicles,2.0
hyperparameter_for_RC.json,per_instance_trials,RC205,RC,RC2,0.6,0.5,1.0,1.0,True,time_window_violations,0.0
hyperparameter_for_RC.json,per_instance_trials,RC205,RC,RC2,0.6,0.5,1.0,1.0,True,total_distance,303.9928339935382
hyperparameter_for_RC.json,per_instance_trials,RC205,RC,RC2,0.6,5.0,0.7,1.0,True,computation_time,6.66
hyperparameter_for_RC.json,per_instance_trials,RC205,RC,RC2,0.6,5.0,0.7,1.0,True,n_coarsened,5.0
hyperparameter_for_RC.json,per_instance_trials,RC205,RC,RC2,0.6,5.0,0.7,1.0,True,num_vehicles,2.0
hyperparameter_for_RC.json,per_instance_trials,RC205,RC,RC2,0.6,5.0,0.7,1.0,True,time_window_violations,0.0
hyperparameter_for_RC.json,per_instance_trials,RC205,RC,RC2,0.6,5.0,0.7,1.0,True,total_distance,301.47938281050773
hyperparameter_for_RC.json,per_instance_trials,RC205,RC,RC2,0.8,3.0,1.0,0.8,True,computation_time,15.79
hyperparameter_for_RC.json,per_instance_trials,RC205,RC,RC2,0.8,3.0,1.0,0.8,True,n_coarsened,7.0
hyperparameter_for_RC.json,per_instance_trials,RC205,RC,RC2,0.8,3.0,1.0,0.8,True,num_vehicles,2.0
hyperparameter_for_RC.json,per_instance_trials,RC205,RC,RC2,0.8,3.0,1.0,0.8,True,time_window_violations,0.0
hyperparameter_for_RC.json,per_instance_trials,RC205,RC,RC2,0.8,3.0,1.0,0.8,True,total_distance,301.14370941232426
hyperparameter_for_RC.json,per_instance_trials,RC205,RC,RC2,0.4,3.0,0.3,0.4,True,computation_time,3.43
hyperparameter_for_RC.json,per_instance_trials,RC205,RC,RC2,0.4,3.0,0.3,0.4,True,n_coarsened,3.0
hyperparameter_for_RC.json,per_instance_trials,RC205,RC,RC2,0.4,3.0,0.3,0.4,True,num_vehicles,2.0
hyperparameter_for_RC.json,per_instance_trials,RC205,RC,RC2,0.4,3.0,0.3,0.4,True,time_window_violations,0.0
hyperparameter_for_RC.json,per_instance_trials,RC205,RC,RC2,0.4,3.0,0.3,0.4,True,total_distance,222.00962463794824
hyperparameter_for_RC.json,per_instance_trials,RC205,RC,RC2,0.6,3.0,0.3,0.2,True,computation_time,6.67
hyperparameter_for_RC.json,per_instance_trials,RC205,RC,RC2,0.6,3.0,0.3,0.2,True,n_coarsened,5.0
hyperparameter_for_RC.json,per_instance_trials,RC205,RC,RC2,0.6,3.0,0.3,0.2,True,num_vehicles,2.0
hyperparameter_for_RC.json,per_instance_trials,RC205,RC,RC2,0.6,3.0,0.3,0.2,True,time_window_violations,0.0
hyperparameter_for_RC.json,per_instance_trials,RC205,RC,RC2,0.6,3.0,0.3,0.2,True,total_distance,295.6425569012406
hyperparameter_for_RC.json,per_instance_trials,RC205,RC,RC2,0.5,0.5,0.7,0.4,True,computation_time,6.72
hyperparameter_for_RC.json,per_instance_trials,RC205,RC,RC2,0.5,0.5,0.7,0.4,True,n_coarsened,5.0
hyperparameter_for_RC.json,per_instance_trials,RC205,RC,RC2,0.5,0.5,0.7,0.4,True,num_vehicles,2.0
hyperparameter_for_RC.json,per_instance_trials,RC205,RC,RC2,0.5,0.5,0.7,0.4,True,time_window_violations,0.0
hyperparameter_for_RC.json,per_instance_trials,RC205,RC,RC2,0.5,0.5,0.7,0.4,True,total_distance,267.467820539669
hyperparameter_for_RC.json,per_instance_trials,RC205,RC,RC2,0.6,1.0,0.9,0.2,True,computation_time,6.72
hyperparameter_for_RC.json,per_instance_trials,RC205,RC,RC2,0.6,1.0,0.9,0.2,True,n_coarsened,5.0
hyperparameter_for_RC.json,per_instance_trials,RC205,RC,RC2,0.6,1.0,0.9,0.2,True,num_vehicles,2.0
hyperparameter_for_RC.json,per_instance_trials,RC205,RC,RC2,0.6,1.0,0.9,0.2,True,time_window_violations,0.0
hyperparameter_for_RC.json,per_instance_trials,RC205,RC,RC2,0.6,1.0,0.9,0.2,True,total_distance,263.82151677853176
hyperparameter_for_RC.json,per_instance_trials,RC205,RC,RC2,0.4,0.5,1.0,0.6,True,computation_time,6.72
hyperparameter_for_RC.json,per_instance_trials,RC205,RC,RC2,0.4,0.5,1.0,0.6,True,n_coarsened,5.0
hyperparameter_for_RC.json,per_instance_trials,RC205,RC,RC2,0.4,0.5,1.0,0.6,True,num_vehicles,2.0
hyperparameter_for_RC.json,per_instance_trials,RC205,RC,RC2,0.4,0.5,1.0,0.6,True,time_window_violations,0.0
hyperparameter_for_RC.json,per_instance_trials,RC205,RC,RC2,0.4,0.5,1.0,0.6,True,total_distance,262.4590449445926
hyperparameter_for_RC.json,per_instance_trials,RC205,RC,RC2,0.4,5.0,1.0,1.0,True,computation_time,3.46
hyperparameter_for_RC.json,per_instance_trials,RC205,RC,RC2,0.4,5.0,1.0,1.0,True,n_coarsened,3.0
hyperparameter_for_RC.json,per_instance_trials,RC205,RC,RC2,0.4,5.0,1.0,1.0,True,num_vehicles,2.0
hyperparameter_for_RC.json,per_instance_trials,RC205,RC,RC2,0.4,5.0,1.0,1.0,True,time_window_violations,0.0
hyperparameter_for_RC.json,per_instance_trials,RC205,RC,RC2,0.4,5.0,1.0,1.0,True,total_distance,222.00962463794824
hyperparameter_for_RC.json,per_instance_trials,RC205,RC,RC2,0.3,1.0,0.3,0.8,True,computation_time,4.23
hyperparameter_for_RC.json,per_instance_trials,RC205,RC,RC2,0.3,1.0,0.3,0.8,True,n_coarsened,4.0
hyperparameter_for_RC.json,per_instance_trials,RC205,RC,RC2,0.3,1.0,0.3,0.8,True,num_vehicles,2.0
hyperparameter_for_RC.json,per_instance_trials,RC205,RC,RC2,0.3,1.0,0.3,0.8,True,time_window_violations,0.0
hyperparameter_for_RC.json,per_instance_trials,RC205,RC,RC2,0.3,1.0,0.3,0.8,True,total_distance,262.4590449445926
hyperparameter_for_RC.json,per_instance_trials,RC205,RC,RC2,0.5,1.5,1.0,1.0,True,computation_time,4.23
hyperparameter_for_RC.json,per_instance_trials,RC205,RC,RC2,0.5,1.5,1.0,1.0,True,n_coarsened,4.0
hyperparameter_for_RC.json,per_instance_trials,RC205,RC,RC2,0.5,1.5,1.0,1.0,True,num_vehicles,2.0
hyperparameter_for_RC.json,per_instance_trials,RC205,RC,RC2,0.5,1.5,1.0,1.0,True,time_window_violations,0.0
hyperparameter_for_RC.json,per_instance_trials,RC205,RC,RC2,0.5,1.5,1.0,1.0,True,total_distance,185.10314034214662
hyperparameter_for_RC.json,per_instance_trials,RC205,RC,RC2,0.6,2.0,0.5,0.8,True,computation_time,6.72
hyperparameter_for_RC.json,per_instance_trials,RC205,RC,RC2,0.6,2.0,0.5,0.8,True,n_coarsened,5.0
hyperparameter_for_RC.json,per_instance_trials,RC205,RC,RC2,0.6,2.0,0.5,0.8,True,num_vehicles,2.0
hyperparameter_for_RC.json,per_instance_trials,RC205,RC,RC2,0.6,2.0,0.5,0.8,True,time_window_violations,0.0
hyperparameter_for_RC.json,per_instance_trials,RC205,RC,RC2,0.6,2.0,0.5,0.8,True,total_distance,299.76011258633844
hyperparameter_for_RC.json,per_instance_trials,RC205,RC,RC2,0.6,2.0,0.7,0.4,True,computation_time,6.75
hyperparameter_for_RC.json,per_instance_trials,RC205,RC,RC2,0.6,2.0,0.7,0.4,True,n_coarsened,5.0
hyperparameter_for_RC.json,per_instance_trials,RC205,RC,RC2,0.6,2.0,0.7,0.4,True,num_vehicles,2.0
hyperparameter_for_RC.json,per_instance_trials,RC205,RC,RC2,0.6,2.0,0.7,0.4,True,time_window_violations,0.0
hyperparameter_for_RC.json,per_instance_trials,RC205,RC,RC2,0.6,2.0,0.7,0.4,True,total_distance,231.3170307507567
hyperparameter_for_RC.json,per_instance_trials,RC205,RC,RC2,0.6,1.5,0.7,0.8,True,computation_time,6.65
hyperparameter_for_RC.json,per_instance_trials,RC205,RC,RC2,0.6,1.5,0.7,0.8,True,n_coarsened,5.0
hyperparameter_for_RC.json,per_instance_trials,RC205,RC,RC2,0.6,1.5,0.7,0.8,True,num_vehicles,2.0
hyperparameter_for_RC.json,per_instance_trials,RC205,RC,RC2,0.6,1.5,0.7,0.8,True,time_window_violations,0.0
hyperparameter_for_RC.json,per_instance_trials,RC205,RC,RC2,0.6,1.5,0.7,0.8,True,total_distance,185.10314034214665
hyperparameter_for_RC.json,per_instance_trials,RC205,RC,RC2,0.7,2.0,0.7,0.8,True,computation_time,9.44
hyperparameter_for_RC.json,per_instance_trials,RC205,RC,RC2,0.7,2.0,0.7,0.8,True,n_coarsened,6.0
hyperparameter_for_RC.json,per_instance_trials,RC205,RC,RC2,0.7,2.0,0.7,0.8,True,num_vehicles,2.0
hyperparameter_for_RC.json,per_instance_trials,RC205,RC,RC2,0.7,2.0,0.7,0.8,True,time_window_violations,0.0
hyperparameter_for_RC.json,per_instance_trials,RC205,RC,RC2,0.7,2.0,0.7,0.8,True,total_distance,264.5568437593932
hyperparameter_for_RC.json,per_instance_trials,RC205,RC,RC2,0.5,1.5,0.3,0.2,True,computation_time,4.24
hyperparameter_for_RC.json,per_instance_trials,RC205,RC,RC2,0.5,1.5,0.3,0.2,True,n_coarsened,4.0
hyperparameter_for_RC.json,per_instance_trials,RC205,RC,RC2,0.5,1.5,0.3,0.2,True,num_vehicles,2.0
hyperparameter_for_RC.json,per_instance_trials,RC205,RC,RC2,0.5,1.5,0.3,0.2,True,time_window_violations,0.0
hyperparameter_for_RC.json,per_instance_trials,RC205,RC,RC2,0.5,1.5,0.3,0.2,True,total_distance,185.10314034214665
hyperparameter_for_RC.json,per_instance_trials,RC205,RC,RC2,0.4,1.0,1.0,1.0,True,computation_time,4.23
hyperparameter_for_RC.json,per_instance_trials,RC205,RC,RC2,0.4,1.0,1.0,1.0,True,n_coarsened,4.0
hyperparameter_for_RC.json,per_instance_trials,RC205,RC,RC2,0.4,1.0,1.0,1.0,True,num_vehicles,2.0
hyperparameter_for_RC.json,per_instance_trials,RC205,RC,RC2,0.4,1.0,1.0,1.0,True,time_window_violations,0.0
hyperparameter_for_RC.json,per_instance_trials,RC205,RC,RC2,0.4,1.0,1.0,1.0,True,total_distance,194.4105464549551
hyperparameter_for_RC.json,per_instance_trials,RC205,RC,RC2,0.8,2.0,1.0,0.4,True,computation_time,15.77
hyperparameter_for_RC.json,per_instance_trials,RC205,RC,RC2,0.8,2.0,1.0,0.4,True,n_coarsened,7.0
hyperparameter_for_RC.json,per_instance_trials,RC205,RC,RC2,0.8,2.0,1.0,0.4,True,num_vehicles,2.0
hyperparameter_for_RC.json,per_instance_trials,RC205,RC,RC2,0.8,2.0,1.0,0.4,True,time_window_violations,0.0
hyperparameter_for_RC.json,per_instance_trials,RC205,RC,RC2,0.8,2.0,1.0,0.4,True,total_distance,308.2861137480528
hyperparameter_for_RC.json,per_instance_trials,RC205,RC,RC2,0.5,2.0,1.0,0.8,True,computation_time,4.23
hyperparameter_for_RC.json,per_instance_trials,RC205,RC,RC2,0.5,2.0,1.0,0.8,True,n_coarsened,4.0
hyperparameter_for_RC.json,per_instance_trials,RC205,RC,RC2,0.5,2.0,1.0,0.8,True,num_vehicles,2.0
hyperparameter_for_RC.json,per_instance_trials,RC205,RC,RC2,0.5,2.0,1.0,0.8,True,time_window_violations,0.0
hyperparameter_for_RC.json,per_instance_trials,RC205,RC,RC2,0.5,2.0,1.0,0.8,True,total_distance,262.4590449445926
hyperparameter_for_RC.json,per_instance_trials,RC205,RC,RC2,0.6,2.0,0.9,1.0,True,computation_time,6.72
hyperparameter_for_RC.json,per_instance_trials,RC205,RC,RC2,0.6,2.0,0.9,1.0,True,n_coarsened,5.0
hyperparameter_for_RC.json,per_instance_trials,RC205,RC,RC2,0.6,2.0,0.9,1.0,True,num_vehicles,2.0
hyperparameter_for_RC.json,per_instance_trials,RC205,RC,RC2,0.6,2.0,0.9,1.0,True,time_window_violations,0.0
hyperparameter_for_RC.json,per_instance_trials,RC205,RC,RC2,0.6,2.0,0.9,1.0,True,total_distance,233.09521092268673
hyperparameter_for_RC.json,per_instance_trials,RC205,RC,RC2,0.6,3.0,0.7,0.2,True,computation_time,6.7
hyperparameter_for_RC.json,per_instance_trials,RC205,RC,RC2,0.6,3.0,0.7,0.2,True,n_coarsened,5.0
hyperparameter_for_RC.json,per_instance_trials,RC205,RC,RC2,0.6,3.0,0.7,0.2,True,num_vehicles,1.0
hyperparameter_for_RC.json,per_instance_trials,RC205,RC,RC2,0.6,3.0,0.7,0.2,True,time_window_violations,0.0
hyperparameter_for_RC.json,per_instance_trials,RC205,RC,RC2,0.6,3.0,0.7,0.2,True,total_distance,240.14925393818064
hyperparameter_for_RC.json,per_instance_trials,RC205,RC,RC2,0.8,1.5,0.7,0.4,True,computation_time,6.66
hyperparameter_for_RC.json,per_instance_trials,RC205,RC,RC2,0.8,1.5,0.7,0.4,True,n_coarsened,5.0
hyperparameter_for_RC.json,per_instance_trials,RC205,RC,RC2,0.8,1.5,0.7,0.4,True,num_vehicles,2.0
hyperparameter_for_RC.json,per_instance_trials,RC205,RC,RC2,0.8,1.5,0.7,0.4,True,time_window_violations,0.0
hyperparameter_for_RC.json,per_instance_trials,RC205,RC,RC2,0.8,1.5,0.7,0.4,True,total_distance,300.3722620242303
hyperparameter_for_RC.json,per_instance_trials,RC205,RC,RC2,0.7,2.0,0.7,1.0,True,computation_time,9.44
hyperparameter_for_RC.json,per_instance_trials,RC205,RC,RC2,0.7,2.0,0.7,1.0,True,n_coarsened,6.0
hyperparameter_for_RC.json,per_instance_trials,RC205,RC,RC2,0.7,2.0,0.7,1.0,True,num_vehicles,3.0
hyperparameter_for_RC.json,per_instance_trials,RC205,RC,RC2,0.7,2.0,0.7,1.0,True,time_window_violations,0.0
hyperparameter_for_RC.json,per_instance_trials,RC205,RC,RC2,0.7,2.0,0.7,1.0,True,total_distance,324.2693581703771
hyperparameter_for_RC.json,per_instance_trials,RC205,RC,RC2,0.5,2.0,1.0,0.6,True,computation_time,4.23
hyperparameter_for_RC.json,per_instance_trials,RC205,RC,RC2,0.5,2.0,1.0,0.6,True,n_coarsened,4.0
hyperparameter_for_RC.json,per_instance_trials,RC205,RC,RC2,0.5,2.0,1.0,0.6,True,num_vehicles,2.0
hyperparameter_for_RC.json,per_instance_trials,RC205,RC,RC2,0.5,2.0,1.0,0.6,True,time_window_violations,0.0
hyperparameter_for_RC.json,per_instance_trials,RC205,RC,RC2,0.5,2.0,1.0,0.6,True,total_distance,265.3081695258066
hyperparameter_for_RC.json,per_instance_trials,RC205,RC,RC2,0.8,1.5,0.3,0.4,True,computation_time,6.66
hyperparameter_for_RC.json,per_instance_trials,RC205,RC,RC2,0.8,1.5,0.3,0.4,True,n_coarsened,5.0
hyperparameter_for_RC.json,per_instance_trials,RC205,RC,RC2,0.8,1.5,0.3,0.4,True,num_vehicles,2.0
hyperparameter_for_RC.json,per_instance_trials,RC205,RC,RC2,0.8,1.5,0.3,0.4,True,time_window_violations,0.0
hyperparameter_for_RC.json,per_instance_trials,RC205,RC,RC2,0.8,1.5,0.3,0.4,True,total_distance,248.20353641507953
hyperparameter_for_RC.json,per_instance_trials,RC205,RC,RC2,0.6,2.0,0.3,0.8,False,computation_time,6.72
hyperparameter_for_RC.json,per_instance_trials,RC205,RC,RC2,0.6,2.0,0.3,0.8,False,n_coarsened,5.0
hyperparameter_for_RC.json,per_instance_trials,RC205,RC,RC2,0.6,2.0,0.3,0.8,False,num_vehicles,1.0
hyperparameter_for_RC.json,per_instance_trials,RC205,RC,RC2,0.6,2.0,0.3,0.8,False,time_window_violations,1.0
hyperparameter_for_RC.json,per_instance_trials,RC205,RC,RC2,0.6,2.0,0.3,0.8,False,total_distance,206.5068450955651
hyperparameter_for_RC.json,per_instance_trials,RC205,RC,RC2,0.7,5.0,0.5,0.2,True,computation_time,6.67
hyperparameter_for_RC.json,per_instance_trials,RC205,RC,RC2,0.7,5.0,0.5,0.2,True,n_coarsened,5.0
hyperparameter_for_RC.json,per_instance_trials,RC205,RC,RC2,0.7,5.0,0.5,0.2,True,num_vehicles,2.0
hyperparameter_for_RC.json,per_instance_trials,RC205,RC,RC2,0.7,5.0,0.5,0.2,True,time_window_violations,0.0
hyperparameter_for_RC.json,per_instance_trials,RC205,RC,RC2,0.7,5.0,0.5,0.2,True,total_distance,233.43088432087018
hyperparameter_for_RC.json,per_instance_trials,RC205,RC,RC2,0.8,1.5,0.9,0.6,True,computation_time,6.67
hyperparameter_for_RC.json,per_instance_trials,RC205,RC,RC2,0.8,1.5,0.9,0.6,True,n_coarsened,5.0
hyperparameter_for_RC.json,per_instance_trials,RC205,RC,RC2,0.8,1.5,0.9,0.6,True,num_vehicles,2.0
hyperparameter_for_RC.json,per_instance_trials,RC205,RC,RC2,0.8,1.5,0.9,0.6,True,time_window_violations,0.0
hyperparameter_for_RC.json,per_instance_trials,RC205,RC,RC2,0.8,1.5,0.9,0.6,True,total_distance,268.0799699775608
hyperparameter_for_RC.json,per_instance_trials,RC205,RC,RC2,0.4,2.0,0.5,0.6,True,computation_time,3.43
hyperparameter_for_RC.json,per_instance_trials,RC205,RC,RC2,0.4,2.0,0.5,0.6,True,n_coarsened,3.0
hyperparameter_for_RC.json,per_instance_trials,RC205,RC,RC2,0.4,2.0,0.5,0.6,True,num_vehicles,2.0
hyperparameter_for_RC.json,per_instance_trials,RC205,RC,RC2,0.4,2.0,0.5,0.6,True,time_window_violations,0.0
hyperparameter_for_RC.json,per_instance_trials,RC205,RC,RC2,0.4,2.0,0.5,0.6,True,total_distance,231.3170307507567
hyperparameter_for_RC.json,per_instance_trials,RC205,RC,RC2,0.3,1.0,0.7,0.4,True,computation_time,4.23
hyperparameter_for_RC.json,per_instance_trials,RC205,RC,RC2,0.3,1.0,0.7,0.4,True,n_coarsened,4.0
hyperparameter_for_RC.json,per_instance_trials,RC205,RC,RC2,0.3,1.0,0.7,0.4,True,num_vehicles,2.0
hyperparameter_for_RC.json,per_instance_trials,RC205,RC,RC2,0.3,1.0,0.7,0.4,True,time_window_violations,0.0
hyperparameter_for_RC.json,per_instance_trials,RC205,RC,RC2,0.3,1.0,0.7,0.4,True,total_distance,262.4590449445926
hyperparameter_for_RC.json,per_instance_trials,RC205,RC,RC2,0.8,3.0,0.9,0.4,True,computation_time,15.83
hyperparameter_for_RC.json,per_instance_trials,RC205,RC,RC2,0.8,3.0,0.9,0.4,True,n_coarsened,7.0
hyperparameter_for_RC.json,per_instance_trials,RC205,RC,RC2,0.8,3.0,0.9,0.4,True,num_vehicles,2.0
hyperparameter_for_RC.json,per_instance_trials,RC205,RC,RC2,0.8,3.0,0.9,0.4,True,time_window_violations,0.0
hyperparameter_for_RC.json,per_instance_trials,RC205,RC,RC2,0.8,3.0,0.9,0.4,True,total_distance,304.6430342370609
hyperparameter_for_RC.json,per_instance_trials,RC205,RC,RC2,0.6,2.0,1.0,0.8,True,computation_time,6.72
hyperparameter_for_RC.json,per_instance_trials,RC205,RC,RC2,0.6,2.0,1.0,0.8,True,n_coarsened,5.0
hyperparameter_for_RC.json,per_instance_trials,RC205,RC,RC2,0.6,2.0,1.0,0.8,True,num_vehicles,2.0
hyperparameter_for_RC.json,per_instance_trials,RC205,RC,RC2,0.6,2.0,1.0,0.8,True,time_window_violations,0.0
hyperparameter_for_RC.json,per_instance_trials,RC205,RC,RC2,0.6,2.0,1.0,0.8,True,total_distance,175.89658472641293
hyperparameter_for_RC.json,per_instance_trials,RC205,RC,RC2,0.4,0.5,1.0,1.0,True,computation_time,6.72
hyperparameter_for_RC.json,per_instance_trials,RC205,RC,RC2,0.4,0.5,1.0,1.0,True,n_coarsened,5.0
hyperparameter_for_RC.json,per_instance_trials,RC205,RC,RC2,0.4,0.5,1.0,1.0,True,num_vehicles,2.0
hyperparameter_for_RC.json,per_instance_trials,RC205,RC,RC2,0.4,0.5,1.0,1.0,True,time_window_violations,0.0
hyperparameter_for_RC.json,per_instance_trials,RC205,RC,RC2,0.4,0.5,1.0,1.0,True,total_distance,304.37430483547064
hyperparameter_for_RC.json,per_instance_trials,RC205,RC,RC2,0.5,1.5,0.9,1.0,True,computation_time,4.24
hyperparameter_for_RC.json,per_instance_trials,RC205,RC,RC2,0.5,1.5,0.9,1.0,True,n_coarsened,4.0
hyperparameter_for_RC.json,per_instance_trials,RC205,RC,RC2,0.5,1.5,0.9,1.0,True,num_vehicles,2.0
hyperparameter_for_RC.json,per_instance_trials,RC205,RC,RC2,0.5,1.5,0.9,1.0,True,time_window_violations,0.0
hyperparameter_for_RC.json,per_instance_trials,RC205,RC,RC2,0.5,1.5,0.9,1.0,True,total_distance,222.00962463794824
hyperparameter_for_RC.json,per_instance_trials,RC205,RC,RC2,0.5,2.0,0.9,0.4,True,computation_time,4.23
hyperparameter_for_RC.json,per_instance_trials,RC205,RC,RC2,0.5,2.0,0.9,0.4,True,n_coarsened,4.0
hyperparameter_for_RC.json,per_instance_trials,RC205,RC,RC2,0.5,2.0,0.9,0.4,True,num_vehicles,2.0
hyperparameter_for_RC.json,per_instance_trials,RC205,RC,RC2,0.5,2.0,0.9,0.4,True,time_window_violations,0.0
hyperparameter_for_RC.json,per_instance_trials,RC205,RC,RC2,0.5,2.0,0.9,0.4,True,total_distance,265.3081695258066
hyperparameter_for_RC.json,per_instance_trials,RC205,RC,RC2,0.6,0.5,0.7,0.4,True,computation_time,6.72
hyperparameter_for_RC.json,per_instance_trials,RC205,RC,RC2,0.6,0.5,0.7,0.4,True,n_coarsened,5.0
hyperparameter_for_RC.json,per_instance_trials,RC205,RC,RC2,0.6,0.5,0.7,0.4,True,num_vehicles,2.0
hyperparameter_for_RC.json,per_instance_trials,RC205,RC,RC2,0.6,0.5,0.7,0.4,True,time_window_violations,0.0
hyperparameter_for_RC.json,per_instance_trials,RC205,RC,RC2,0.6,0.5,0.7,0.4,True,total_distance,175.89658472641293
hyperparameter_for_RC.json,per_instance_trials,RC205,RC,RC2,0.7,2.0,0.5,0.2,True,computation_time,9.44
hyperparameter_for_RC.json,per_instance_trials,RC205,RC,RC2,0.7,2.0,0.5,0.2,True,n_coarsened,6.0
hyperparameter_for_RC.json,per_instance_trials,RC205,RC,RC2,0.7,2.0,0.5,0.2,True,num_vehicles,3.0
hyperparameter_for_RC.json,per_instance_trials,RC205,RC,RC2,0.7,2.0,0.5,0.2,True,time_window_violations,0.0
hyperparameter_for_RC.json,per_instance_trials,RC205,RC,RC2,0.7,2.0,0.5,0.2,True,total_distance,314.0707321475901
hyperparameter_for_RC.json,per_instance_trials,RC206,RC,RC2,0.3,2.0,0.9,0.6,True,computation_time,3.33
hyperparameter_for_RC.json,per_instance_trials,RC206,RC,RC2,0.3,2.0,0.9,0.6,True,n_coarsened,3.0
hyperparameter_for_RC.json,per_instance_trials,RC206,RC,RC2,0.3,2.0,0.9,0.6,True,num_vehicles,2.0
hyperparameter_for_RC.json,per_instance_trials,RC206,RC,RC2,0.3,2.0,0.9,0.6,True,time_window_violations,0.0
hyperparameter_for_RC.json,per_instance_trials,RC206,RC,RC2,0.3,2.0,0.9,0.6,True,total_distance,233.72389983070872
hyperparameter_for_RC.json,per_instance_trials,RC206,RC,RC2,0.8,5.0,0.3,0.6,True,computation_time,15.69
hyperparameter_for_RC.json,per_instance_trials,RC206,RC,RC2,0.8,5.0,0.3,0.6,True,n_coarsened,7.0
hyperparameter_for_RC.json,per_instance_trials,RC206,RC,RC2,0.8,5.0,0.3,0.6,True,num_vehicles,2.0
hyperparameter_for_RC.json,per_instance_trials,RC206,RC,RC2,0.8,5.0,0.3,0.6,True,time_window_violations,0.0
hyperparameter_for_RC.json,per_instance_trials,RC206,RC,RC2,0.8,5.0,0.3,0.6,True,total_distance,310.48577612276586
hyperparameter_for_RC.json,per_instance_trials,RC206,RC,RC2,0.5,5.0,0.9,0.8,True,computation_time,4.11
hyperparameter_for_RC.json,per_instance_trials,RC206,RC,RC2,0.5,5.0,0.9,0.8,True,n_coarsened,4.0
hyperparameter_for_RC.json,per_instance_trials,RC206,RC,RC2,0.5,5.0,0.9,0.8,True,num_vehicles,2.0
hyperparameter_for_RC.json,per_instance_trials,RC206,RC,RC2,0.5,5.0,0.9,0.8,True,time_window_violations,0.0
hyperparameter_for_RC.json,per_instance_trials,RC206,RC,RC2,0.5,5.0,0.9,0.8,True,total_distance,233.72389983070872
hyperparameter_for_RC.json,per_instance_trials,RC206,RC,RC2,0.6,0.5,1.0,1.0,True,computation_time,18.1
hyperparameter_for_RC.json,per_instance_trials,RC206,RC,RC2,0.6,0.5,1.0,1.0,True,n_coarsened,8.0
hyperparameter_for_RC.json,per_instance_trials,RC206,RC,RC2,0.6,0.5,1.0,1.0,True,num_vehicles,3.0
hyperparameter_for_RC.json,per_instance_trials,RC206,RC,RC2,0.6,0.5,1.0,1.0,True,time_window_violations,0.0
hyperparameter_for_RC.json,per_instance_trials,RC206,RC,RC2,0.6,0.5,1.0,1.0,True,total_distance,325.1343630136904
hyperparameter_for_RC.json,per_instance_trials,RC206,RC,RC2,0.6,5.0,0.7,1.0,True,computation_time,4.12
hyperparameter_for_RC.json,per_instance_trials,RC206,RC,RC2,0.6,5.0,0.7,1.0,True,n_coarsened,4.0
hyperparameter_for_RC.json,per_instance_trials,RC206,RC,RC2,0.6,5.0,0.7,1.0,True,num_vehicles,1.0
hyperparameter_for_RC.json,per_instance_trials,RC206,RC,RC2,0.6,5.0,0.7,1.0,True,time_window_violations,0.0
hyperparameter_for_RC.json,per_instance_trials,RC206,RC,RC2,0.6,5.0,0.7,1.0,True,total_distance,209.31631000949614
hyperparameter_for_RC.json,per_instance_trials,RC206,RC,RC2,0.8,3.0,1.0,0.8,True,computation_time,15.79
hyperparameter_for_RC.json,per_instance_trials,RC206,RC,RC2,0.8,3.0,1.0,0.8,True,n_coarsened,7.0
hyperparameter_for_RC.json,per_instance_trials,RC206,RC,RC2,0.8,3.0,1.0,0.8,True,num_vehicles,2.0
hyperparameter_for_RC.json,per_instance_trials,RC206,RC,RC2,0.8,3.0,1.0,0.8,True,time_window_violations,0.0
hyperparameter_for_RC.json,per_instance_trials,RC206,RC,RC2,0.8,3.0,1.0,0.8,True,total_distance,259.3872534775741
hyperparameter_for_RC.json,per_instance_trials,RC206,RC,RC2,0.4,3.0,0.3,0.4,True,computation_time,3.33
hyperparameter_for_RC.json,per_instance_trials,RC206,RC,RC2,0.4,3.0,0.3,0.4,True,n_coarsened,3.0
hyperparameter_for_RC.json,per_instance_trials,RC206,RC,RC2,0.4,3.0,0.3,0.4,True,num_vehicles,2.0
hyperparameter_for_RC.json,per_instance_trials,RC206,RC,RC2,0.4,3.0,0.3,0.4,True,time_window_violations,0.0
hyperparameter_for_RC.json,per_instance_trials,RC206,RC,RC2,0.4,3.0,0.3,0.4,True,total_distance,191.23298176125223
hyperparameter_for_RC.json,per_instance_trials,RC206,RC,RC2,0.6,3.0,0.3,0.2,True,computation_time,4.12
hyperparameter_for_RC.json,per_instance_trials,RC206,RC,RC2,0.6,3.0,0.3,0.2,True,n_coarsened,4.0
hyperparameter_for_RC.json,per_instance_trials,RC206,RC,RC2,0.6,3.0,0.3,0.2,True,num_vehicles,2.0
hyperparameter_for_RC.json,per_instance_trials,RC206,RC,RC2,0.6,3.0,0.3,0.2,True,time_window_violations,0.0
hyperparameter_for_RC.json,per_instance_trials,RC206,RC,RC2,0.6,3.0,0.3,0.2,True,total_distance,227.80852719372498
hyperparameter_for_RC.json,per_instance_trials,RC206,RC,RC2,0.5,0.5,0.7,0.4,True,computation_time,18.1
hyperparameter_for_RC.json,per_instance_trials,RC206,RC,RC2,0.5,0.5,0.7,0.4,True,n_coarsened,8.0
hyperparameter_for_RC.json,per_instance_trials,RC206,RC,RC2,0.5,0.5,0.7,0.4,True,num_vehicles,3.0
hyperparameter_for_RC.json,per_instance_trials,RC206,RC,RC2,0.5,0.5,0.7,0.4,True,time_window_violations,0.0
hyperparameter_for_RC.json,per_instance_trials,RC206,RC,RC2,0.5,0.5,0.7,0.4,True,total_distance,327.97814327908316
hyperparameter_for_RC.json,per_instance_trials,RC206,RC,RC2,0.6,1.0,0.9,0.2,True,computation_time,6.77
hyperparameter_for_RC.json,per_instance_trials,RC206,RC,RC2,0.6,1.0,0.9,0.2,True,n_coarsened,5.0
hyperparameter_for_RC.json,per_instance_trials,RC206,RC,RC2,0.6,1.0,0.9,0.2,True,num_vehicles,2.0
hyperparameter_for_RC.json,per_instance_trials,RC206,RC,RC2,0.6,1.0,0.9,0.2,True,time_window_violations,0.0
hyperparameter_for_RC.json,per_instance_trials,RC206,RC,RC2,0.6,1.0,0.9,0.2,True,total_distance,230.67650594232742
hyperparameter_for_RC.json,per_instance_trials,RC206,RC,RC2,0.4,0.5,1.0,0.6,True,computation_time,18.12
hyperparameter_for_RC.json,per_instance_trials,RC206,RC,RC2,0.4,0.5,1.0,0.6,True,n_coarsened,8.0
hyperparameter_for_RC.json,per_instance_trials,RC206,RC,RC2,0.4,0.5,1.0,0.6,True,num_vehicles,2.0
hyperparameter_for_RC.json,per_instance_trials,RC206,RC,RC2,0.4,0.5,1.0,0.6,True,time_window_violations,0.0
hyperparameter_for_RC.json,per_instance_trials,RC206,RC,RC2,0.4,0.5,1.0,0.6,True,total_distance,333.8517733200414
hyperparameter_for_RC.json,per_instance_trials,RC206,RC,RC2,0.4,5.0,1.0,1.0,True,computation_time,3.33
hyperparameter_for_RC.json,per_instance_trials,RC206,RC,RC2,0.4,5.0,1.0,1.0,True,n_coarsened,3.0
hyperparameter_for_RC.json,per_instance_trials,RC206,RC,RC2,0.4,5.0,1.0,1.0,True,num_vehicles,2.0
hyperparameter_for_RC.json,per_instance_trials,RC206,RC,RC2,0.4,5.0,1.0,1.0,True,time_window_violations,0.0
hyperparameter_for_RC.json,per_instance_trials,RC206,RC,RC2,0.4,5.0,1.0,1.0,True,total_distance,233.72389983070872
hyperparameter_for_RC.json,per_instance_trials,RC206,RC,RC2,0.3,1.0,0.3,0.8,True,computation_time,4.23
hyperparameter_for_RC.json,per_instance_trials,RC206,RC,RC2,0.3,1.0,0.3,0.8,True,n_coarsened,4.0
hyperparameter_for_RC.json,per_instance_trials,RC206,RC,RC2,0.3,1.0,0.3,0.8,True,num_vehicles,2.0
hyperparameter_for_RC.json,per_instance_trials,RC206,RC,RC2,0.3,1.0,0.3,0.8,True,time_window_violations,0.0
hyperparameter_for_RC.json,per_instance_trials,RC206,RC,RC2,0.3,1.0,0.3,0.8,True,total_distance,273.27728890400937
hyperparameter_for_RC.json,per_instance_trials,RC206,RC,RC2,0.5,1.5,1.0,1.0,True,computation_time,4.23
hyperparameter_for_RC.json,per_instance_trials,RC206,RC,RC2,0.5,1.5,1.0,1.0,True,n_coarsened,4.0
hyperparameter_for_RC.json,per_instance_trials,RC206,RC,RC2,0.5,1.5,1.0,1.0,True,num_vehicles,2.0
hyperparameter_for_RC.json,per_instance_trials,RC206,RC,RC2,0.5,1.5,1.0,1.0,True,time_window_violations,0.0
hyperparameter_for_RC.json,per_instance_trials,RC206,RC,RC2,0.5,1.5,1.0,1.0,True,total_distance,230.67650594232742
hyperparameter_for_RC.json,per_instance_trials,RC206,RC,RC2,0.6,2.0,0.5,0.8,True,computation_time,6.78
hyperparameter_for_RC.json,per_instance_trials,RC206,RC,RC2,0.6,2.0,0.5,0.8,True,n_coarsened,5.0
hyperparameter_for_RC.json,per_instance_trials,RC206,RC,RC2,0.6,2.0,0.5,0.8,True,num_vehicles,2.0
hyperparameter_for_RC.json,per_instance_trials,RC206,RC,RC2,0.6,2.0,0.5,0.8,True,time_window_violations,0.0
hyperparameter_for_RC.json,per_instance_trials,RC206,RC,RC2,0.6,2.0,0.5,0.8,True,total_distance,191.23298176125223
hyperparameter_for_RC.json,per_instance_trials,RC206,RC,RC2,0.6,2.0,0.7,0.4,True,computation_time,6.78
hyperparameter_for_RC.json,per_instance_trials,RC206,RC,RC2,0.6,2.0,0.7,0.4,True,n_coarsened,5.0
hyperparameter_for_RC.json,per_instance_trials,RC206,RC,RC2,0.6,2.0,0.7,0.4,True,num_vehicles,2.0
hyperparameter_for_RC.json,per_instance_trials,RC206,RC,RC2,0.6,2.0,0.7,0.4,True,time_window_violations,0.0
hyperparameter_for_RC.json,per_instance_trials,RC206,RC,RC2,0.6,2.0,0.7,0.4,True,total_distance,270.1170828160574
hyperparameter_for_RC.json,per_instance_trials,RC206,RC,RC2,0.6,1.5,0.7,0.8,True,computation_time,6.78
hyperparameter_for_RC.json,per_instance_trials,RC206,RC,RC2,0.6,1.5,0.7,0.8,True,n_coarsened,5.0
hyperparameter_for_RC.json,per_instance_trials,RC206,RC,RC2,0.6,1.5,0.7,0.8,True,num_vehicles,2.0
hyperparameter_for_RC.json,per_instance_trials,RC206,RC,RC2,0.6,1.5,0.7,0.8,True,time_window_violations,0.0
hyperparameter_for_RC.json,per_instance_trials,RC206,RC,RC2,0.6,1.5,0.7,0.8,True,total_distance,216.974367096713
hyperparameter_for_RC.json,per_instance_trials,RC206,RC,RC2,0.7,2.0,0.7,0.8,True,computation_time,9.57
hyperparameter_for_RC.json,per_instance_trials,RC206,RC,RC2,0.7,2.0,0.7,0.8,True,n_coarsened,6.0
hyperparameter_for_RC.json,per_instance_trials,RC206,RC,RC2,0.7,2.0,0.7,0.8,True,num_vehicles,2.0
hyperparameter_for_RC.json,per_instance_trials,RC206,RC,RC2,0.7,2.0,0.7,0.8,True,time_window_violations,0.0
hyperparameter_for_RC.json,per_instance_trials,RC206,RC,RC2,0.7,2.0,0.7,0.8,True,total_distance,307.4187658121763
hyperparameter_for_RC.json,per_instance_trials,RC206,RC,RC2,0.5,1.5,0.3,0.2,True,computation_time,4.23
hyperparameter_for_RC.json,per_instance_trials,RC206,RC,RC2,0.5,1.5,0.3,0.2,True,n_coarsened,4.0
hyperparameter_for_RC.json,per_instance_trials,RC206,RC,RC2,0.5,1.5,0.3,0.2,True,num_vehicles,2.0
hyperparameter_for_RC.json,per_instance_trials,RC206,RC,RC2,0.5,1.5,0.3,0.2,True,time_window_violations,0.0
hyperparameter_for_RC.json,per_instance_trials,RC206,RC,RC2,0.5,1.5,0.3,0.2,True,total_distance,233.72389983070872
hyperparameter_for_RC.json,per_instance_trials,RC206,RC,RC2,0.4,1.0,1.0,1.0,True,computation_time,3.33
hyperparameter_for_RC.json,per_instance_trials,RC206,RC,RC2,0.4,1.0,1.0,1.0,True,n_coarsened,3.0
hyperparameter_for_RC.json,per_instance_trials,RC206,RC,RC2,0.4,1.0,1.0,1.0,True,num_vehicles,2.0
hyperparameter_for_RC.json,per_instance_trials,RC206,RC,RC2,0.4,1.0,1.0,1.0,True,time_window_violations,0.0
hyperparameter_for_RC.json,per_instance_trials,RC206,RC,RC2,0.4,1.0,1.0,1.0,True,total_distance,236.63165236083915
hyperparameter_for_RC.json,per_instance_trials,RC206,RC,RC2,0.8,2.0,1.0,0.4,True,computation_time,9.54
hyperparameter_for_RC.json,per_instance_trials,RC206,RC,RC2,0.8,2.0,1.0,0.4,True,n_coarsened,6.0
hyperparameter_for_RC.json,per_instance_trials,RC206,RC,RC2,0.8,2.0,1.0,0.4,True,num_vehicles,3.0
hyperparameter_for_RC.json,per_instance_trials,RC206,RC,RC2,0.8,2.0,1.0,0.4,True,time_window_violations,0.0
hyperparameter_for_RC.json,per_instance_trials,RC206,RC,RC2,0.8,2.0,1.0,0.4,True,total_distance,299.0962222297959
hyperparameter_for_RC.json,per_instance_trials,RC206,RC,RC2,0.5,2.0,1.0,0.8,True,computation_time,3.34
hyperparameter_for_RC.json,per_instance_trials,RC206,RC,RC2,0.5,2.0,1.0,0.8,True,n_coarsened,3.0
hyperparameter_for_RC.json,per_instance_trials,RC206,RC,RC2,0.5,2.0,1.0,0.8,True,num_vehicles,2.0
hyperparameter_for_RC.json,per_instance_trials,RC206,RC,RC2,0.5,2.0,1.0,0.8,True,time_window_violations,0.0
hyperparameter_for_RC.json,per_instance_trials,RC206,RC,RC2,0.5,2.0,1.0,0.8,True,total_distance,233.72389983070872
hyperparameter_for_RC.json,per_instance_trials,RC206,RC,RC2,0.6,2.0,0.9,1.0,True,computation_time,6.77
hyperparameter_for_RC.json,per_instance_trials,RC206,RC,RC2,0.6,2.0,0.9,1.0,True,n_coarsened,5.0
hyperparameter_for_RC.json,per_instance_trials,RC206,RC,RC2,0.6,2.0,0.9,1.0,True,num_vehicles,2.0
hyperparameter_for_RC.json,per_instance_trials,RC206,RC,RC2,0.6,2.0,0.9,1.0,True,time_window_violations,0.0
hyperparameter_for_RC.json,per_instance_trials,RC206,RC,RC2,0.6,2.0,0.9,1.0,True,total_distance,304.5628565327706
hyperparameter_for_RC.json,per_instance_trials,RC206,RC,RC2,0.6,3.0,0.7,0.2,True,computation_time,4.12
hyperparameter_for_RC.json,per_instance_trials,RC206,RC,RC2,0.6,3.0,0.7,0.2,True,n_coarsened,4.0
hyperparameter_for_RC.json,per_instance_trials,RC206,RC,RC2,0.6,3.0,0.7,0.2,True,num_vehicles,2.0
hyperparameter_for_RC.json,per_instance_trials,RC206,RC,RC2,0.6,3.0,0.7,0.2,True,time_window_violations,0.0
hyperparameter_for_RC.json,per_instance_trials,RC206,RC,RC2,0.6,3.0,0.7,0.2,True,total_distance,227.80852719372498
hyperparameter_for_RC.json,per_instance_trials,RC206,RC,RC2,0.8,1.5,0.7,0.4,True,computation_time,9.52
hyperparameter_for_RC.json,per_instance_trials,RC206,RC,RC2,0.8,1.5,0.7,0.4,True,n_coarsened,6.0
hyperparameter_for_RC.json,per_instance_trials,RC206,RC,RC2,0.8,1.5,0.7,0.4,True,num_vehicles,2.0
hyperparameter_for_RC.json,per_instance_trials,RC206,RC,RC2,0.8,1.5,0.7,0.4,True,time_window_violations,0.0
hyperparameter_for_RC.json,per_instance_trials,RC206,RC,RC2,0.8,1.5,0.7,0.4,True,total_distance,212.16906255335192
hyperparameter_for_RC.json,per_instance_trials,RC206,RC,RC2,0.7,2.0,0.7,1.0,True,computation_time,9.52
hyperparameter_for_RC.json,per_instance_trials,RC206,RC,RC2,0.7,2.0,0.7,1.0,True,n_coarsened,6.0
hyperparameter_for_RC.json,per_instance_trials,RC206,RC,RC2,0.7,2.0,0.7,1.0,True,num_vehicles,2.0
hyperparameter_for_RC.json,per_instance_trials,RC206,RC,RC2,0.7,2.0,0.7,1.0,True,time_window_violations,0.0
hyperparameter_for_RC.json,per_instance_trials,RC206,RC,RC2,0.7,2.0,0.7,1.0,True,total_distance,282.0812449246536
hyperparameter_for_RC.json,per_instance_trials,RC206,RC,RC2,0.5,2.0,1.0,0.6,True,computation_time,3.33
hyperparameter_for_RC.json,per_instance_trials,RC206,RC,RC2,0.5,2.0,1.0,0.6,True,n_coarsened,3.0
hyperparameter_for_RC.json,per_instance_trials,RC206,RC,RC2,0.5,2.0,1.0,0.6,True,num_vehicles,1.0
hyperparameter_for_RC.json,per_instance_trials,RC206,RC,RC2,0.5,2.0,1.0,0.6,True,time_window_violations,0.0
hyperparameter_for_RC.json,per_instance_trials,RC206,RC,RC2,0.5,2.0,1.0,0.6,True,total_distance,209.31631000949614
hyperparameter_for_RC.json,per_instance_trials,RC206,RC,RC2,0.8,1.5,0.3,0.4,True,computation_time,9.5
hyperparameter_for_RC.json,per_instance_trials,RC206,RC,RC2,0.8,1.5,0.3,0.4,True,n_coarsened,6.0
hyperparameter_for_RC.json,per_instance_trials,RC206,RC,RC2,0.8,1.5,0.3,0.4,True,num_vehicles,3.0
hyperparameter_for_RC.json,per_instance_trials,RC206,RC,RC2,0.8,1.5,0.3,0.4,True,time_window_violations,0.0
hyperparameter_for_RC.json,per_instance_trials,RC206,RC,RC2,0.8,1.5,0.3,0.4,True,total_distance,334.2123815134253
hyperparameter_for_RC.json,per_instance_trials,RC206,RC,RC2,0.6,2.0,0.3,0.8,True,computation_time,6.82
hyperparameter_for_RC.json,per_instance_trials,RC206,RC,RC2,0.6,2.0,0.3,0.8,True,n_coarsened,5.0
hyperparameter_for_RC.json,per_instance_trials,RC206,RC,RC2,0.6,2.0,0.3,0.8,True,num_vehicles,2.0
hyperparameter_for_RC.json,per_instance_trials,RC206,RC,RC2,0.6,2.0,0.3,0.8,True,time_window_violations,0.0
hyperparameter_for_RC.json,per_instance_trials,RC206,RC,RC2,0.6,2.0,0.3,0.8,True,total_distance,270.23540332530206
hyperparameter_for_RC.json,per_instance_trials,RC206,RC,RC2,0.7,5.0,0.5,0.2,True,computation_time,9.55
hyperparameter_for_RC.json,per_instance_trials,RC206,RC,RC2,0.7,5.0,0.5,0.2,True,n_coarsened,6.0
hyperparameter_for_RC.json,per_instance_trials,RC206,RC,RC2,0.7,5.0,0.5,0.2,True,num_vehicles,3.0
hyperparameter_for_RC.json,per_instance_trials,RC206,RC,RC2,0.7,5.0,0.5,0.2,True,time_window_violations,0.0
hyperparameter_for_RC.json,per_instance_trials,RC206,RC,RC2,0.7,5.0,0.5,0.2,True,total_distance,334.7251278260385
hyperparameter_for_RC.json,per_instance_trials,RC206,RC,RC2,0.8,1.5,0.9,0.6,True,computation_time,9.51
hyperparameter_for_RC.json,per_instance_trials,RC206,RC,RC2,0.8,1.5,0.9,0.6,True,n_coarsened,6.0
hyperparameter_for_RC.json,per_instance_trials,RC206,RC,RC2,0.8,1.5,0.9,0.6,True,num_vehicles,2.0
hyperparameter_for_RC.json,per_instance_trials,RC206,RC,RC2,0.8,1.5,0.9,0.6,True,time_window_violations,0.0
hyperparameter_for_RC.json,per_instance_trials,RC206,RC,RC2,0.8,1.5,0.9,0.6,True,total_distance,339.9999211500761
hyperparameter_for_RC.json,per_instance_trials,RC206,RC,RC2,0.4,2.0,0.5,0.6,True,computation_time,3.33
hyperparameter_for_RC.json,per_instance_trials,RC206,RC,RC2,0.4,2.0,0.5,0.6,True,n_coarsened,3.0
hyperparameter_for_RC.json,per_instance_trials,RC206,RC,RC2,0.4,2.0,0.5,0.6,True,num_vehicles,2.0
hyperparameter_for_RC.json,per_instance_trials,RC206,RC,RC2,0.4,2.0,0.5,0.6,True,time_window_violations,0.0
hyperparameter_for_RC.json,per_instance_trials,RC206,RC,RC2,0.4,2.0,0.5,0.6,True,total_distance,233.72389983070872
hyperparameter_for_RC.json,per_instance_trials,RC206,RC,RC2,0.3,1.0,0.7,0.4,True,computation_time,3.32
hyperparameter_for_RC.json,per_instance_trials,RC206,RC,RC2,0.3,1.0,0.7,0.4,True,n_coarsened,3.0
hyperparameter_for_RC.json,per_instance_trials,RC206,RC,RC2,0.3,1.0,0.7,0.4,True,num_vehicles,2.0
hyperparameter_for_RC.json,per_instance_trials,RC206,RC,RC2,0.3,1.0,0.7,0.4,True,time_window_violations,0.0
hyperparameter_for_RC.json,per_instance_trials,RC206,RC,RC2,0.3,1.0,0.7,0.4,True,total_distance,236.63165236083915
hyperparameter_for_RC.json,per_instance_trials,RC206,RC,RC2,0.8,3.0,0.9,0.4,True,computation_time,15.79
hyperparameter_for_RC.json,per_instance_trials,RC206,RC,RC2,0.8,3.0,0.9,0.4,True,n_coarsened,7.0
hyperparameter_for_RC.json,per_instance_trials,RC206,RC,RC2,0.8,3.0,0.9,0.4,True,num_vehicles,2.0
hyperparameter_for_RC.json,per_instance_trials,RC206,RC,RC2,0.8,3.0,0.9,0.4,True,time_window_violations,0.0
hyperparameter_for_RC.json,per_instance_trials,RC206,RC,RC2,0.8,3.0,0.9,0.4,True,total_distance,352.17540283249093
hyperparameter_for_RC.json,per_instance_trials,RC206,RC,RC2,0.6,2.0,1.0,0.8,True,computation_time,6.78
hyperparameter_for_RC.json,per_instance_trials,RC206,RC,RC2,0.6,2.0,1.0,0.8,True,n_coarsened,5.0
hyperparameter_for_RC.json,per_instance_trials,RC206,RC,RC2,0.6,2.0,1.0,0.8,True,num_vehicles,2.0
hyperparameter_for_RC.json,per_instance_trials,RC206,RC,RC2,0.6,2.0,1.0,0.8,True,time_window_violations,0.0
hyperparameter_for_RC.json,per_instance_trials,RC206,RC,RC2,0.6,2.0,1.0,0.8,True,total_distance,269.3617857644321
hyperparameter_for_RC.json,per_instance_trials,RC206,RC,RC2,0.4,0.5,1.0,1.0,True,computation_time,17.99
hyperparameter_for_RC.json,per_instance_trials,RC206,RC,RC2,0.4,0.5,1.0,1.0,True,n_coarsened,8.0
hyperparameter_for_RC.json,per_instance_trials,RC206,RC,RC2,0.4,0.5,1.0,1.0,True,num_vehicles,3.0
hyperparameter_for_RC.json,per_instance_trials,RC206,RC,RC2,0.4,0.5,1.0,1.0,True,time_window_violations,0.0
hyperparameter_for_RC.json,per_instance_trials,RC206,RC,RC2,0.4,0.5,1.0,1.0,True,total_distance,325.5086262190642
hyperparameter_for_RC.json,per_instance_trials,RC206,RC,RC2,0.5,1.5,0.9,1.0,True,computation_time,4.24
hyperparameter_for_RC.json,per_instance_trials,RC206,RC,RC2,0.5,1.5,0.9,1.0,True,n_coarsened,4.0
hyperparameter_for_RC.json,per_instance_trials,RC206,RC,RC2,0.5,1.5,0.9,1.0,True,num_vehicles,2.0
hyperparameter_for_RC.json,per_instance_trials,RC206,RC,RC2,0.5,1.5,0.9,1.0,True,time_window_violations,0.0
hyperparameter_for_RC.json,per_instance_trials,RC206,RC,RC2,0.5,1.5,0.9,1.0,True,total_distance,269.3617857644321
hyperparameter_for_RC.json,per_instance_trials,RC206,RC,RC2,0.5,2.0,0.9,0.4,True,computation_time,3.33
hyperparameter_for_RC.json,per_instance_trials,RC206,RC,RC2,0.5,2.0,0.9,0.4,True,n_coarsened,3.0
hyperparameter_for_RC.json,per_instance_trials,RC206,RC,RC2,0.5,2.0,0.9,0.4,True,num_vehicles,2.0
hyperparameter_for_RC.json,per_instance_trials,RC206,RC,RC2,0.5,2.0,0.9,0.4,True,time_window_violations,0.0
hyperparameter_for_RC.json,per_instance_trials,RC206,RC,RC2,0.5,2.0,0.9,0.4,True,total_distance,191.23298176125226
hyperparameter_for_RC.json,per_instance_trials,RC206,RC,RC2,0.6,0.5,0.7,0.4,True,computation_time,18.09
hyperparameter_for_RC.json,per_instance_trials,RC206,RC,RC2,0.6,0.5,0.7,0.4,True,n_coarsened,8.0
hyperparameter_for_RC.json,per_instance_trials,RC206,RC,RC2,0.6,0.5,0.7,0.4,True,num_vehicles,3.0
hyperparameter_for_RC.json,per_instance_trials,RC206,RC,RC2,0.6,0.5,0.7,0.4,True,time_window_violations,0.0
hyperparameter_for_RC.json,per_instance_trials,RC206,RC,RC2,0.6,0.5,0.7,0.4,True,total_distance,374.1664040212603
hyperparameter_for_RC.json,per_instance_trials,RC206,RC,RC2,0.7,2.0,0.5,0.2,True,computation_time,9.52
hyperparameter_for_RC.json,per_instance_trials,RC206,RC,RC2,0.7,2.0,0.5,0.2,True,n_coarsened,6.0
hyperparameter_for_RC.json,per_instance_trials,RC206,RC,RC2,0.7,2.0,0.5,0.2,True,num_vehicles,3.0
hyperparameter_for_RC.json,per_instance_trials,RC206,RC,RC2,0.7,2.0,0.5,0.2,True,time_window_violations,0.0
hyperparameter_for_RC.json,per_instance_trials,RC206,RC,RC2,0.7,2.0,0.5,0.2,True,total_distance,274.09076947251236
hyperparameter_for_RC.json,per_instance_trials,RC207,RC,RC2,0.3,2.0,0.9,0.6,True,computation_time,2.32
hyperparameter_for_RC.json,per_instance_trials,RC207,RC,RC2,0.3,2.0,0.9,0.6,True,n_coarsened,2.0
hyperparameter_for_RC.json,per_instance_trials,RC207,RC,RC2,0.3,2.0,0.9,0.6,True,num_vehicles,2.0
hyperparameter_for_RC.json,per_instance_trials,RC207,RC,RC2,0.3,2.0,0.9,0.6,True,time_window_violations,0.0
hyperparameter_for_RC.json,per_instance_trials,RC207,RC,RC2,0.3,2.0,0.9,0.6,True,total_distance,229.17187613680517
hyperparameter_for_RC.json,per_instance_trials,RC207,RC,RC2,0.8,5.0,0.3,0.6,True,computation_time,9.42
hyperparameter_for_RC.json,per_instance_trials,RC207,RC,RC2,0.8,5.0,0.3,0.6,True,n_coarsened,6.0
hyperparameter_for_RC.json,per_instance_trials,RC207,RC,RC2,0.8,5.0,0.3,0.6,True,num_vehicles,3.0
hyperparameter_for_RC.json,per_instance_trials,RC207,RC,RC2,0.8,5.0,0.3,0.6,True,time_window_violations,0.0
hyperparameter_for_RC.json,per_instance_trials,RC207,RC,RC2,0.8,5.0,0.3,0.6,True,total_distance,287.0769526981135
hyperparameter_for_RC.json,per_instance_trials,RC207,RC,RC2,0.5,5.0,0.9,0.8,True,computation_time,3.33
hyperparameter_for_RC.json,per_instance_trials,RC207,RC,RC2,0.5,5.0,0.9,0.8,True,n_coarsened,3.0
hyperparameter_for_RC.json,per_instance_trials,RC207,RC,RC2,0.5,5.0,0.9,0.8,True,num_vehicles,2.0
hyperparameter_for_RC.json,per_instance_trials,RC207,RC,RC2,0.5,5.0,0.9,0.8,True,time_window_violations,0.0
hyperparameter_for_RC.json,per_instance_trials,RC207,RC,RC2,0.5,5.0,0.9,0.8,True,total_distance,269.8872710915243
hyperparameter_for_RC.json,per_instance_trials,RC207,RC,RC2,0.6,0.5,1.0,1.0,True,computation_time,9.64
hyperparameter_for_RC.json,per_instance_trials,RC207,RC,RC2,0.6,0.5,1.0,1.0,True,n_coarsened,6.0
hyperparameter_for_RC.json,per_instance_trials,RC207,RC,RC2,0.6,0.5,1.0,1.0,True,num_vehicles,2.0
hyperparameter_for_RC.json,per_instance_trials,RC207,RC,RC2,0.6,0.5,1.0,1.0,True,time_window_violations,0.0
hyperparameter_for_RC.json,per_instance_trials,RC207,RC,RC2,0.6,0.5,1.0,1.0,True,total_distance,301.33172859471557
hyperparameter_for_RC.json,per_instance_trials,RC207,RC,RC2,0.6,5.0,0.7,1.0,True,computation_time,3.38
hyperparameter_for_RC.json,per_instance_trials,RC207,RC,RC2,0.6,5.0,0.7,1.0,True,n_coarsened,3.0
hyperparameter_for_RC.json,per_instance_trials,RC207,RC,RC2,0.6,5.0,0.7,1.0,True,num_vehicles,2.0
hyperparameter_for_RC.json,per_instance_trials,RC207,RC,RC2,0.6,5.0,0.7,1.0,True,time_window_violations,0.0
hyperparameter_for_RC.json,per_instance_trials,RC207,RC,RC2,0.6,5.0,0.7,1.0,True,total_distance,269.8872710915243
hyperparameter_for_RC.json,per_instance_trials,RC207,RC,RC2,0.8,3.0,1.0,0.8,True,computation_time,9.52
hyperparameter_for_RC.json,per_instance_trials,RC207,RC,RC2,0.8,3.0,1.0,0.8,True,n_coarsened,6.0
hyperparameter_for_RC.json,per_instance_trials,RC207,RC,RC2,0.8,3.0,1.0,0.8,True,num_vehicles,3.0
hyperparameter_for_RC.json,per_instance_trials,RC207,RC,RC2,0.8,3.0,1.0,0.8,True,time_window_violations,0.0
hyperparameter_for_RC.json,per_instance_trials,RC207,RC,RC2,0.8,3.0,1.0,0.8,True,total_distance,245.32280592436507
hyperparameter_for_RC.json,per_instance_trials,RC207,RC,RC2,0.4,3.0,0.3,0.4,True,computation_time,3.42
hyperparameter_for_RC.json,per_instance_trials,RC207,RC,RC2,0.4,3.0,0.3,0.4,True,n_coarsened,3.0
hyperparameter_for_RC.json,per_instance_trials,RC207,RC,RC2,0.4,3.0,0.3,0.4,True,num_vehicles,2.0
hyperparameter_for_RC.json,per_instance_trials,RC207,RC,RC2,0.4,3.0,0.3,0.4,True,time_window_violations,0.0
hyperparameter_for_RC.json,per_instance_trials,RC207,RC,RC2,0.4,3.0,0.3,0.4,True,total_distance,229.17187613680517
hyperparameter_for_RC.json,per_instance_trials,RC207,RC,RC2,0.6,3.0,0.3,0.2,True,computation_time,4.26
hyperparameter_for_RC.json,per_instance_trials,RC207,RC,RC2,0.6,3.0,0.3,0.2,True,n_coarsened,4.0
hyperparameter_for_RC.json,per_instance_trials,RC207,RC,RC2,0.6,3.0,0.3,0.2,True,num_vehicles,2.0
hyperparameter_for_RC.json,per_instance_trials,RC207,RC,RC2,0.6,3.0,0.3,0.2,True,time_window_violations,0.0
hyperparameter_for_RC.json,per_instance_trials,RC207,RC,RC2,0.6,3.0,0.3,0.2,True,total_distance,228.26309644626488
hyperparameter_for_RC.json,per_instance_trials,RC207,RC,RC2,0.5,0.5,0.7,0.4,True,computation_time,9.63
hyperparameter_for_RC.json,per_instance_trials,RC207,RC,RC2,0.5,0.5,0.7,0.4,True,n_coarsened,6.0
hyperparameter_for_RC.json,per_instance_trials,RC207,RC,RC2,0.5,0.5,0.7,0.4,True,num_vehicles,3.0
hyperparameter_for_RC.json,per_instance_trials,RC207,RC,RC2,0.5,0.5,0.7,0.4,True,time_window_violations,0.0
hyperparameter_for_RC.json,per_instance_trials,RC207,RC,RC2,0.5,0.5,0.7,0.4,True,total_distance,242.80679727584385
hyperparameter_for_RC.json,per_instance_trials,RC207,RC,RC2,0.6,1.0,0.9,0.2,True,computation_time,9.63
hyperparameter_for_RC.json,per_instance_trials,RC207,RC,RC2,0.6,1.0,0.9,0.2,True,n_coarsened,6.0
hyperparameter_for_RC.json,per_instance_trials,RC207,RC,RC2,0.6,1.0,0.9,0.2,True,num_vehicles,3.0
hyperparameter_for_RC.json,per_instance_trials,RC207,RC,RC2,0.6,1.0,0.9,0.2,True,time_window_violations,0.0
hyperparameter_for_RC.json,per_instance_trials,RC207,RC,RC2,0.6,1.0,0.9,0.2,True,total_distance,325.827826305241
hyperparameter_for_RC.json,per_instance_trials,RC207,RC,RC2,0.4,0.5,1.0,0.6,True,computation_time,9.64
hyperparameter_for_RC.json,per_instance_trials,RC207,RC,RC2,0.4,0.5,1.0,0.6,True,n_coarsened,6.0
hyperparameter_for_RC.json,per_instance_trials,RC207,RC,RC2,0.4,0.5,1.0,0.6,True,num_vehicles,2.0
hyperparameter_for_RC.json,per_instance_trials,RC207,RC,RC2,0.4,0.5,1.0,0.6,True,time_window_violations,0.0
hyperparameter_for_RC.json,per_instance_trials,RC207,RC,RC2,0.4,0.5,1.0,0.6,True,total_distance,215.98953800032473
hyperparameter_for_RC.json,per_instance_trials,RC207,RC,RC2,0.4,5.0,1.0,1.0,True,computation_time,3.33
hyperparameter_for_RC.json,per_instance_trials,RC207,RC,RC2,0.4,5.0,1.0,1.0,True,n_coarsened,3.0
hyperparameter_for_RC.json,per_instance_trials,RC207,RC,RC2,0.4,5.0,1.0,1.0,True,num_vehicles,2.0
hyperparameter_for_RC.json,per_instance_trials,RC207,RC,RC2,0.4,5.0,1.0,1.0,True,time_window_violations,0.0
hyperparameter_for_RC.json,per_instance_trials,RC207,RC,RC2,0.4,5.0,1.0,1.0,True,total_distance,269.8872710915243
hyperparameter_for_RC.json,per_instance_trials,RC207,RC,RC2,0.3,1.0,0.3,0.8,True,computation_time,9.71
hyperparameter_for_RC.json,per_instance_trials,RC207,RC,RC2,0.3,1.0,0.3,0.8,True,n_coarsened,6.0
hyperparameter_for_RC.json,per_instance_trials,RC207,RC,RC2,0.3,1.0,0.3,0.8,True,num_vehicles,2.0
hyperparameter_for_RC.json,per_instance_trials,RC207,RC,RC2,0.3,1.0,0.3,0.8,True,time_window_violations,0.0
hyperparameter_for_RC.json,per_instance_trials,RC207,RC,RC2,0.3,1.0,0.3,0.8,True,total_distance,271.64518174650414
hyperparameter_for_RC.json,per_instance_trials,RC207,RC,RC2,0.5,1.5,1.0,1.0,True,computation_time,4.31
hyperparameter_for_RC.json,per_instance_trials,RC207,RC,RC2,0.5,1.5,1.0,1.0,True,n_coarsened,4.0
hyperparameter_for_RC.json,per_instance_trials,RC207,RC,RC2,0.5,1.5,1.0,1.0,True,num_vehicles,2.0
hyperparameter_for_RC.json,per_instance_trials,RC207,RC,RC2,0.5,1.5,1.0,1.0,True,time_window_violations,0.0
hyperparameter_for_RC.json,per_instance_trials,RC207,RC,RC2,0.5,1.5,1.0,1.0,True,total_distance,220.2211600474905
hyperparameter_for_RC.json,per_instance_trials,RC207,RC,RC2,0.6,2.0,0.5,0.8,True,computation_time,6.84
hyperparameter_for_RC.json,per_instance_trials,RC207,RC,RC2,0.6,2.0,0.5,0.8,True,n_coarsened,5.0
hyperparameter_for_RC.json,per_instance_trials,RC207,RC,RC2,0.6,2.0,0.5,0.8,True,num_vehicles,2.0
hyperparameter_for_RC.json,per_instance_trials,RC207,RC,RC2,0.6,2.0,0.5,0.8,True,time_window_violations,0.0
hyperparameter_for_RC.json,per_instance_trials,RC207,RC,RC2,0.6,2.0,0.5,0.8,True,total_distance,264.90873298943507
hyperparameter_for_RC.json,per_instance_trials,RC207,RC,RC2,0.6,2.0,0.7,0.4,True,computation_time,6.89
hyperparameter_for_RC.json,per_instance_trials,RC207,RC,RC2,0.6,2.0,0.7,0.4,True,n_coarsened,5.0
hyperparameter_for_RC.json,per_instance_trials,RC207,RC,RC2,0.6,2.0,0.7,0.4,True,num_vehicles,2.0
hyperparameter_for_RC.json,per_instance_trials,RC207,RC,RC2,0.6,2.0,0.7,0.4,True,time_window_violations,0.0
hyperparameter_for_RC.json,per_instance_trials,RC207,RC,RC2,0.6,2.0,0.7,0.4,True,total_distance,220.5393200473662
hyperparameter_for_RC.json,per_instance_trials,RC207,RC,RC2,0.6,1.5,0.7,0.8,True,computation_time,6.79
hyperparameter_for_RC.json,per_instance_trials,RC207,RC,RC2,0.6,1.5,0.7,0.8,True,n_coarsened,5.0
hyperparameter_for_RC.json,per_instance_trials,RC207,RC,RC2,0.6,1.5,0.7,0.8,True,num_vehicles,2.0
hyperparameter_for_RC.json,per_instance_trials,RC207,RC,RC2,0.6,1.5,0.7,0.8,True,time_window_violations,0.0
hyperparameter_for_RC.json,per_instance_trials,RC207,RC,RC2,0.6,1.5,0.7,0.8,True,total_distance,268.46080444111703
hyperparameter_for_RC.json,per_instance_trials,RC207,RC,RC2,0.7,2.0,0.7,0.8,True,computation_time,9.74
hyperparameter_for_RC.json,per_instance_trials,RC207,RC,RC2,0.7,2.0,0.7,0.8,True,n_coarsened,6.0
hyperparameter_for_RC.json,per_instance_trials,RC207,RC,RC2,0.7,2.0,0.7,0.8,True,num_vehicles,3.0
hyperparameter_for_RC.json,per_instance_trials,RC207,RC,RC2,0.7,2.0,0.7,0.8,True,time_window_violations,0.0
hyperparameter_for_RC.json,per_instance_trials,RC207,RC,RC2,0.7,2.0,0.7,0.8,True,total_distance,324.4442294792552
hyperparameter_for_RC.json,per_instance_trials,RC207,RC,RC2,0.5,1.5,0.3,0.2,True,computation_time,5.09
hyperparameter_for_RC.json,per_instance_trials,RC207,RC,RC2,0.5,1.5,0.3,0.2,True,n_coarsened,4.0
hyperparameter_for_RC.json,per_instance_trials,RC207,RC,RC2,0.5,1.5,0.3,0.2,True,num_vehicles,2.0
hyperparameter_for_RC.json,per_instance_trials,RC207,RC,RC2,0.5,1.5,0.3,0.2,True,time_window_violations,0.0
hyperparameter_for_RC.json,per_instance_trials,RC207,RC,RC2,0.5,1.5,0.3,0.2,True,total_distance,220.2211600474905
hyperparameter_for_RC.json,per_instance_trials,RC207,RC,RC2,0.4,1.0,1.0,1.0,True,computation_time,9.84
hyperparameter_for_RC.json,per_instance_trials,RC207,RC,RC2,0.4,1.0,1.0,1.0,True,n_coarsened,6.0
hyperparameter_for_RC.json,per_instance_trials,RC207,RC,RC2,0.4,1.0,1.0,1.0,True,num_vehicles,3.0
hyperparameter_for_RC.json,per_instance_trials,RC207,RC,RC2,0.4,1.0,1.0,1.0,True,time_window_violations,0.0
hyperparameter_for_RC.json,per_instance_trials,RC207,RC,RC2,0.4,1.0,1.0,1.0,True,total_distance,330.76120799781654
hyperparameter_for_RC.json,per_instance_trials,RC207,RC,RC2,0.8,2.0,1.0,0.4,True,computation_time,15.63
hyperparameter_for_RC.json,per_instance_trials,RC207,RC,RC2,0.8,2.0,1.0,0.4,True,n_coarsened,7.0
hyperparameter_for_RC.json,per_instance_trials,RC207,RC,RC2,0.8,2.0,1.0,0.4,True,num_vehicles,2.0
hyperparameter_for_RC.json,per_instance_trials,RC207,RC,RC2,0.8,2.0,1.0,0.4,True,time_window_violations,0.0
hyperparameter_for_RC.json,per_instance_trials,RC207,RC,RC2,0.8,2.0,1.0,0.4,True,total_distance,272.0242787752902
hyperparameter_for_RC.json,per_instance_trials,RC207,RC,RC2,0.5,2.0,1.0,0.8,True,computation_time,3.43
hyperparameter_for_RC.json,per_instance_trials,RC207,RC,RC2,0.5,2.0,1.0,0.8,True,n_coarsened,3.0
hyperparameter_for_RC.json,per_instance_trials,RC207,RC,RC2,0.5,2.0,1.0,0.8,True,num_vehicles,2.0
hyperparameter_for_RC.json,per_instance_trials,RC207,RC,RC2,0.5,2.0,1.0,0.8,True,time_window_violations,0.0
hyperparameter_for_RC.json,per_instance_trials,RC207,RC,RC2,0.5,2.0,1.0,0.8,True,total_distance,182.64300101166322
hyperparameter_for_RC.json,per_instance_trials,RC207,RC,RC2,0.6,2.0,0.9,1.0,True,computation_time,6.84
hyperparameter_for_RC.json,per_instance_trials,RC207,RC,RC2,0.6,2.0,0.9,1.0,True,n_coarsened,5.0
hyperparameter_for_RC.json,per_instance_trials,RC207,RC,RC2,0.6,2.0,0.9,1.0,True,num_vehicles,2.0
hyperparameter_for_RC.json,per_instance_trials,RC207,RC,RC2,0.6,2.0,0.9,1.0,True,time_window_violations,0.0
hyperparameter_for_RC.json,per_instance_trials,RC207,RC,RC2,0.6,2.0,0.9,1.0,True,total_distance,226.22345316733038
hyperparameter_for_RC.json,per_instance_trials,RC207,RC,RC2,0.6,3.0,0.7,0.2,True,computation_time,4.17
hyperparameter_for_RC.json,per_instance_trials,RC207,RC,RC2,0.6,3.0,0.7,0.2,True,n_coarsened,4.0
hyperparameter_for_RC.json,per_instance_trials,RC207,RC,RC2,0.6,3.0,0.7,0.2,True,num_vehicles,2.0
hyperparameter_for_RC.json,per_instance_trials,RC207,RC,RC2,0.6,3.0,0.7,0.2,True,time_window_violations,0.0
hyperparameter_for_RC.json,per_instance_trials,RC207,RC,RC2,0.6,3.0,0.7,0.2,True,total_distance,229.17187613680517
hyperparameter_for_RC.json,per_instance_trials,RC207,RC,RC2,0.8,1.5,0.7,0.4,True,computation_time,15.81
hyperparameter_for_RC.json,per_instance_trials,RC207,RC,RC2,0.8,1.5,0.7,0.4,True,n_coarsened,7.0
hyperparameter_for_RC.json,per_instance_trials,RC207,RC,RC2,0.8,1.5,0.7,0.4,True,num_vehicles,2.0
hyperparameter_for_RC.json,per_instance_trials,RC207,RC,RC2,0.8,1.5,0.7,0.4,True,time_window_violations,0.0
hyperparameter_for_RC.json,per_instance_trials,RC207,RC,RC2,0.8,1.5,0.7,0.4,True,total_distance,273.35688430592097
hyperparameter_for_RC.json,per_instance_trials,RC207,RC,RC2,0.7,2.0,0.7,1.0,True,computation_time,9.62
hyperparameter_for_RC.json,per_instance_trials,RC207,RC,RC2,0.7,2.0,0.7,1.0,True,n_coarsened,6.0
hyperparameter_for_RC.json,per_instance_trials,RC207,RC,RC2,0.7,2.0,0.7,1.0,True,num_vehicles,2.0
hyperparameter_for_RC.json,per_instance_trials,RC207,RC,RC2,0.7,2.0,0.7,1.0,True,time_window_violations,0.0
hyperparameter_for_RC.json,per_instance_trials,RC207,RC,RC2,0.7,2.0,0.7,1.0,True,total_distance,225.2697892602772
hyperparameter_for_RC.json,per_instance_trials,RC207,RC,RC2,0.5,2.0,1.0,0.6,True,computation_time,3.47
hyperparameter_for_RC.json,per_instance_trials,RC207,RC,RC2,0.5,2.0,1.0,0.6,True,n_coarsened,3.0
hyperparameter_for_RC.json,per_instance_trials,RC207,RC,RC2,0.5,2.0,1.0,0.6,True,num_vehicles,2.0
hyperparameter_for_RC.json,per_instance_trials,RC207,RC,RC2,0.5,2.0,1.0,0.6,True,time_window_violations,0.0
hyperparameter_for_RC.json,per_instance_trials,RC207,RC,RC2,0.5,2.0,1.0,0.6,True,total_distance,228.26309644626488
hyperparameter_for_RC.json,per_instance_trials,RC207,RC,RC2,0.8,1.5,0.3,0.4,True,computation_time,15.63
hyperparameter_for_RC.json,per_instance_trials,RC207,RC,RC2,0.8,1.5,0.3,0.4,True,n_coarsened,7.0
hyperparameter_for_RC.json,per_instance_trials,RC207,RC,RC2,0.8,1.5,0.3,0.4,True,num_vehicles,2.0
hyperparameter_for_RC.json,per_instance_trials,RC207,RC,RC2,0.8,1.5,0.3,0.4,True,time_window_violations,0.0
hyperparameter_for_RC.json,per_instance_trials,RC207,RC,RC2,0.8,1.5,0.3,0.4,True,total_distance,260.58893109764836
hyperparameter_for_RC.json,per_instance_trials,RC207,RC,RC2,0.6,2.0,0.3,0.8,True,computation_time,6.82
hyperparameter_for_RC.json,per_instance_trials,RC207,RC,RC2,0.6,2.0,0.3,0.8,True,n_coarsened,5.0
hyperparameter_for_RC.json,per_instance_trials,RC207,RC,RC2,0.6,2.0,0.3,0.8,True,num_vehicles,2.0
hyperparameter_for_RC.json,per_instance_trials,RC207,RC,RC2,0.6,2.0,0.3,0.8,True,time_window_violations,0.0
hyperparameter_for_RC.json,per_instance_trials,RC207,RC,RC2,0.6,2.0,0.3,0.8,True,total_distance,231.19216982540152
hyperparameter_for_RC.json,per_instance_trials,RC207,RC,RC2,0.7,5.0,0.5,0.2,True,computation_time,6.67
hyperparameter_for_RC.json,per_instance_trials,RC207,RC,RC2,0.7,5.0,0.5,0.2,True,n_coarsened,5.0
hyperparameter_for_RC.json,per_instance_trials,RC207,RC,RC2,0.7,5.0,0.5,0.2,True,num_vehicles,2.0
hyperparameter_for_RC.json,per_instance_trials,RC207,RC,RC2,0.7,5.0,0.5,0.2,True,time_window_violations,0.0
hyperparameter_for_RC.json,per_instance_trials,RC207,RC,RC2,0.7,5.0,0.5,0.2,True,total_distance,263.48105301513465
hyperparameter_for_RC.json,per_instance_trials,RC207,RC,RC2,0.8,1.5,0.9,0.6,True,computation_time,15.72
hyperparameter_for_RC.json,per_instance_trials,RC207,RC,RC2,0.8,1.5,0.9,0.6,True,n_coarsened,7.0
hyperparameter_for_RC.json,per_instance_trials,RC207,RC,RC2,0.8,1.5,0.9,0.6,True,num_vehicles,2.0
hyperparameter_for_RC.json,per_instance_trials,RC207,RC,RC2,0.8,1.5,0.9,0.6,True,time_window_violations,0.0
hyperparameter_for_RC.json,per_instance_trials,RC207,RC,RC2,0.8,1.5,0.9,0.6,True,total_distance,237.53073779511413
hyperparameter_for_RC.json,per_instance_trials,RC207,RC,RC2,0.4,2.0,0.5,0.6,True,computation_time,4.34
hyperparameter_for_RC.json,per_instance_trials,RC207,RC,RC2,0.4,2.0,0.5,0.6,True,n_coarsened,4.0
hyperparameter_for_RC.json,per_instance_trials,RC207,RC,RC2,0.4,2.0,0.5,0.6,True,num_vehicles,2.0
hyperparameter_for_RC.json,per_instance_trials,RC207,RC,RC2,0.4,2.0,0.5,0.6,True,time_window_violations,0.0
hyperparameter_for_RC.json,per_instance_trials,RC207,RC,RC2,0.4,2.0,0.5,0.6,True,total_distance,182.64300101166322
hyperparameter_for_RC.json,per_instance_trials,RC207,RC,RC2,0.3,1.0,0.7,0.4,True,computation_time,9.65
hyperparameter_for_RC.json,per_instance_trials,RC207,RC,RC2,0.3,1.0,0.7,0.4,True,n_coarsened,6.0
hyperparameter_for_RC.json,per_instance_trials,RC207,RC,RC2,0.3,1.0,0.7,0.4,True,num_vehicles,3.0
hyperparameter_for_RC.json,per_instance_trials,RC207,RC,RC2,0.3,1.0,0.7,0.4,True,time_window_violations,0.0
hyperparameter_for_RC.json,per_instance_trials,RC207,RC,RC2,0.3,1.0,0.7,0.4,True,total_distance,328.7762492747157
hyperparameter_for_RC.json,per_instance_trials,RC207,RC,RC2,0.8,3.0,0.9,0.4,True,computation_time,9.5
hyperparameter_for_RC.json,per_instance_trials,RC207,RC,RC2,0.8,3.0,0.9,0.4,True,n_coarsened,6.0
hyperparameter_for_RC.json,per_instance_trials,RC207,RC,RC2,0.8,3.0,0.9,0.4,True,num_vehicles,2.0
hyperparameter_for_RC.json,per_instance_trials,RC207,RC,RC2,0.8,3.0,0.9,0.4,True,time_window_violations,0.0
hyperparameter_for_RC.json,per_instance_trials,RC207,RC,RC2,0.8,3.0,0.9,0.4,True,total_distance,249.9442270611562
hyperparameter_for_RC.json,per_instance_trials,RC207,RC,RC2,0.6,2.0,1.0,0.8,True,computation_time,6.81
hyperparameter_for_RC.json,per_instance_trials,RC207,RC,RC2,0.6,2.0,1.0,0.8,True,n_coarsened,5.0
hyperparameter_for_RC.json,per_instance_trials,RC207,RC,RC2,0.6,2.0,1.0,0.8,True,num_vehicles,2.0
hyperparameter_for_RC.json,per_instance_trials,RC207,RC,RC2,0.6,2.0,1.0,0.8,True,time_window_violations,0.0
hyperparameter_for_RC.json,per_instance_trials,RC207,RC,RC2,0.6,2.0,1.0,0.8,True,total_distance,264.90873298943507
hyperparameter_for_RC.json,per_instance_trials,RC207,RC,RC2,0.4,0.5,1.0,1.0,True,computation_time,9.62
hyperparameter_for_RC.json,per_instance_trials,RC207,RC,RC2,0.4,0.5,1.0,1.0,True,n_coarsened,6.0
hyperparameter_for_RC.json,per_instance_trials,RC207,RC,RC2,0.4,0.5,1.0,1.0,True,num_vehicles,2.0
hyperparameter_for_RC.json,per_instance_trials,RC207,RC,RC2,0.4,0.5,1.0,1.0,True,time_window_violations,0.0
hyperparameter_for_RC.json,per_instance_trials,RC207,RC,RC2,0.4,0.5,1.0,1.0,True,total_distance,303.24218907688766
hyperparameter_for_RC.json,per_instance_trials,RC207,RC,RC2,0.5,1.5,0.9,1.0,True,computation_time,4.39
hyperparameter_for_RC.json,per_instance_trials,RC207,RC,RC2,0.5,1.5,0.9,1.0,True,n_coarsened,4.0
hyperparameter_for_RC.json,per_instance_trials,RC207,RC,RC2,0.5,1.5,0.9,1.0,True,num_vehicles,2.0
hyperparameter_for_RC.json,per_instance_trials,RC207,RC,RC2,0.5,1.5,0.9,1.0,True,time_window_violations,0.0
hyperparameter_for_RC.json,per_instance_trials,RC207,RC,RC2,0.5,1.5,0.9,1.0,True,total_distance,267.98136807482706
hyperparameter_for_RC.json,per_instance_trials,RC207,RC,RC2,0.5,2.0,0.9,0.4,True,computation_time,3.42
hyperparameter_for_RC.json,per_instance_trials,RC207,RC,RC2,0.5,2.0,0.9,0.4,True,n_coarsened,3.0
hyperparameter_for_RC.json,per_instance_trials,RC207,RC,RC2,0.5,2.0,0.9,0.4,True,num_vehicles,2.0
hyperparameter_for_RC.json,per_instance_trials,RC207,RC,RC2,0.5,2.0,0.9,0.4,True,time_window_violations,0.0
hyperparameter_for_RC.json,per_instance_trials,RC207,RC,RC2,0.5,2.0,0.9,0.4,True,total_distance,229.17187613680517
hyperparameter_for_RC.json,per_instance_trials,RC207,RC,RC2,0.6,0.5,0.7,0.4,True,computation_time,9.64
hyperparameter_for_RC.json,per_instance_trials,RC207,RC,RC2,0.6,0.5,0.7,0.4,True,n_coarsened,6.0
hyperparameter_for_RC.json,per_instance_trials,RC207,RC,RC2,0.6,0.5,0.7,0.4,True,num_vehicles,2.0
hyperparameter_for_RC.json,per_instance_trials,RC207,RC,RC2,0.6,0.5,0.7,0.4,True,time_window_violations,0.0
hyperparameter_for_RC.json,per_instance_trials,RC207,RC,RC2,0.6,0.5,0.7,0.4,True,total_distance,306.5087720462381
hyperparameter_for_RC.json,per_instance_trials,RC207,RC,RC2,0.7,2.0,0.5,0.2,True,computation_time,9.62
hyperparameter_for_RC.json,per_instance_trials,RC207,RC,RC2,0.7,2.0,0.5,0.2,True,n_coarsened,6.0
hyperparameter_for_RC.json,per_instance_trials,RC207,RC,RC2,0.7,2.0,0.5,0.2,True,num_vehicles,2.0
hyperparameter_for_RC.json,per_instance_trials,RC207,RC,RC2,0.7,2.0,0.5,0.2,True,time_window_violations,0.0
hyperparameter_for_RC.json,per_instance_trials,RC207,RC,RC2,0.7,2.0,0.5,0.2,True,total_distance,220.9764570991158
hyperparameter_for_RC.json,per_instance_trials,RC208,RC,RC2,0.3,2.0,0.9,0.6,True,computation_time,2.35
hyperparameter_for_RC.json,per_instance_trials,RC208,RC,RC2,0.3,2.0,0.9,0.6,True,n_coarsened,2.0
hyperparameter_for_RC.json,per_instance_trials,RC208,RC,RC2,0.3,2.0,0.9,0.6,True,num_vehicles,2.0
hyperparameter_for_RC.json,per_instance_trials,RC208,RC,RC2,0.3,2.0,0.9,0.6,True,time_window_violations,0.0
hyperparameter_for_RC.json,per_instance_trials,RC208,RC,RC2,0.3,2.0,0.9,0.6,True,total_distance,169.8794572898442
hyperparameter_for_RC.json,per_instance_trials,RC208,RC,RC2,0.8,5.0,0.3,0.6,True,computation_time,6.62
hyperparameter_for_RC.json,per_instance_trials,RC208,RC,RC2,0.8,5.0,0.3,0.6,True,n_coarsened,5.0
hyperparameter_for_RC.json,per_instance_trials,RC208,RC,RC2,0.8,5.0,0.3,0.6,True,num_vehicles,2.0
hyperparameter_for_RC.json,per_instance_trials,RC208,RC,RC2,0.8,5.0,0.3,0.6,True,time_window_violations,0.0
hyperparameter_for_RC.json,per_instance_trials,RC208,RC,RC2,0.8,5.0,0.3,0.6,True,total_distance,239.96712975250918
hyperparameter_for_RC.json,per_instance_trials,RC208,RC,RC2,0.5,5.0,0.9,0.8,True,computation_time,3.33
hyperparameter_for_RC.json,per_instance_trials,RC208,RC,RC2,0.5,5.0,0.9,0.8,True,n_coarsened,3.0
hyperparameter_for_RC.json,per_instance_trials,RC208,RC,RC2,0.5,5.0,0.9,0.8,True,num_vehicles,2.0
hyperparameter_for_RC.json,per_instance_trials,RC208,RC,RC2,0.5,5.0,0.9,0.8,True,time_window_violations,0.0
hyperparameter_for_RC.json,per_instance_trials,RC208,RC,RC2,0.5,5.0,0.9,0.8,True,total_distance,221.5305709496354
hyperparameter_for_RC.json,per_instance_trials,RC208,RC,RC2,0.6,0.5,1.0,1.0,True,computation_time,6.64
hyperparameter_for_RC.json,per_instance_trials,RC208,RC,RC2,0.6,0.5,1.0,1.0,True,n_coarsened,5.0
hyperparameter_for_RC.json,per_instance_trials,RC208,RC,RC2,0.6,0.5,1.0,1.0,True,num_vehicles,2.0
hyperparameter_for_RC.json,per_instance_trials,RC208,RC,RC2,0.6,0.5,1.0,1.0,True,time_window_violations,0.0
hyperparameter_for_RC.json,per_instance_trials,RC208,RC,RC2,0.6,0.5,1.0,1.0,True,total_distance,251.3549554771859
hyperparameter_for_RC.json,per_instance_trials,RC208,RC,RC2,0.6,5.0,0.7,1.0,True,computation_time,6.66
hyperparameter_for_RC.json,per_instance_trials,RC208,RC,RC2,0.6,5.0,0.7,1.0,True,n_coarsened,5.0
hyperparameter_for_RC.json,per_instance_trials,RC208,RC,RC2,0.6,5.0,0.7,1.0,True,num_vehicles,2.0
hyperparameter_for_RC.json,per_instance_trials,RC208,RC,RC2,0.6,5.0,0.7,1.0,True,time_window_violations,0.0
hyperparameter_for_RC.json,per_instance_trials,RC208,RC,RC2,0.6,5.0,0.7,1.0,True,total_distance,235.62865625553172
hyperparameter_for_RC.json,per_instance_trials,RC208,RC,RC2,0.8,3.0,1.0,0.8,True,computation_time,9.48
hyperparameter_for_RC.json,per_instance_trials,RC208,RC,RC2,0.8,3.0,1.0,0.8,True,n_coarsened,6.0
hyperparameter_for_RC.json,per_instance_trials,RC208,RC,RC2,0.8,3.0,1.0,0.8,True,num_vehicles,2.0
hyperparameter_for_RC.json,per_instance_trials,RC208,RC,RC2,0.8,3.0,1.0,0.8,True,time_window_violations,0.0
hyperparameter_for_RC.json,per_instance_trials,RC208,RC,RC2,0.8,3.0,1.0,0.8,True,total_distance,222.7761849165524
hyperparameter_for_RC.json,per_instance_trials,RC208,RC,RC2,0.4,3.0,0.3,0.4,True,computation_time,3.4
hyperparameter_for_RC.json,per_instance_trials,RC208,RC,RC2,0.4,3.0,0.3,0.4,True,n_coarsened,3.0
hyperparameter_for_RC.json,per_instance_trials,RC208,RC,RC2,0.4,3.0,0.3,0.4,True,num_vehicles,2.0
hyperparameter_for_RC.json,per_instance_trials,RC208,RC,RC2,0.4,3.0,0.3,0.4,True,time_window_violations,0.0
hyperparameter_for_RC.json,per_instance_trials,RC208,RC,RC2,0.4,3.0,0.3,0.4,True,total_distance,215.8176385827943
hyperparameter_for_RC.json,per_instance_trials,RC208,RC,RC2,0.6,3.0,0.3,0.2,True,computation_time,4.16
hyperparameter_for_RC.json,per_instance_trials,RC208,RC,RC2,0.6,3.0,0.3,0.2,True,n_coarsened,4.0
hyperparameter_for_RC.json,per_instance_trials,RC208,RC,RC2,0.6,3.0,0.3,0.2,True,num_vehicles,2.0
hyperparameter_for_RC.json,per_instance_trials,RC208,RC,RC2,0.6,3.0,0.3,0.2,True,time_window_violations,0.0
hyperparameter_for_RC.json,per_instance_trials,RC208,RC,RC2,0.6,3.0,0.3,0.2,True,total_distance,203.6120197474878
hyperparameter_for_RC.json,per_instance_trials,RC208,RC,RC2,0.5,0.5,0.7,0.4,True,computation_time,4.21
hyperparameter_for_RC.json,per_instance_trials,RC208,RC,RC2,0.5,0.5,0.7,0.4,True,n_coarsened,4.0
hyperparameter_for_RC.json,per_instance_trials,RC208,RC,RC2,0.5,0.5,0.7,0.4,True,num_vehicles,2.0
hyperparameter_for_RC.json,per_instance_trials,RC208,RC,RC2,0.5,0.5,0.7,0.4,True,time_window_violations,0.0
hyperparameter_for_RC.json,per_instance_trials,RC208,RC,RC2,0.5,0.5,0.7,0.4,True,total_distance,207.30847329611504
hyperparameter_for_RC.json,per_instance_trials,RC208,RC,RC2,0.6,1.0,0.9,0.2,True,computation_time,4.21
hyperparameter_for_RC.json,per_instance_trials,RC208,RC,RC2,0.6,1.0,0.9,0.2,True,n_coarsened,4.0
hyperparameter_for_RC.json,per_instance_trials,RC208,RC,RC2,0.6,1.0,0.9,0.2,True,num_vehicles,1.0
hyperparameter_for_RC.json,per_instance_trials,RC208,RC,RC2,0.6,1.0,0.9,0.2,True,time_window_violations,0.0
hyperparameter_for_RC.json,per_instance_trials,RC208,RC,RC2,0.6,1.0,0.9,0.2,True,total_distance,190.56091779714222
hyperparameter_for_RC.json,per_instance_trials,RC208,RC,RC2,0.4,0.5,1.0,0.6,True,computation_time,3.37
hyperparameter_for_RC.json,per_instance_trials,RC208,RC,RC2,0.4,0.5,1.0,0.6,True,n_coarsened,3.0
hyperparameter_for_RC.json,per_instance_trials,RC208,RC,RC2,0.4,0.5,1.0,0.6,True,num_vehicles,2.0
hyperparameter_for_RC.json,per_instance_trials,RC208,RC,RC2,0.4,0.5,1.0,0.6,True,time_window_violations,0.0
hyperparameter_for_RC.json,per_instance_trials,RC208,RC,RC2,0.4,0.5,1.0,0.6,True,total_distance,215.40991572926475
hyperparameter_for_RC.json,per_instance_trials,RC208,RC,RC2,0.4,5.0,1.0,1.0,True,computation_time,3.33
hyperparameter_for_RC.json,per_instance_trials,RC208,RC,RC2,0.4,5.0,1.0,1.0,True,n_coarsened,3.0
hyperparameter_for_RC.json,per_instance_trials,RC208,RC,RC2,0.4,5.0,1.0,1.0,True,num_vehicles,2.0
hyperparameter_for_RC.json,per_instance_trials,RC208,RC,RC2,0.4,5.0,1.0,1.0,True,time_window_violations,0.0
hyperparameter_for_RC.json,per_instance_trials,RC208,RC,RC2,0.4,5.0,1.0,1.0,True,total_distance,180.5029666398088
hyperparameter_for_RC.json,per_instance_trials,RC208,RC,RC2,0.3,1.0,0.3,0.8,True,computation_time,2.3
hyperparameter_for_RC.json,per_instance_trials,RC208,RC,RC2,0.3,1.0,0.3,0.8,True,n_coarsened,2.0
hyperparameter_for_RC.json,per_instance_trials,RC208,RC,RC2,0.3,1.0,0.3,0.8,True,num_vehicles,2.0
hyperparameter_for_RC.json,per_instance_trials,RC208,RC,RC2,0.3,1.0,0.3,0.8,True,time_window_violations,0.0
hyperparameter_for_RC.json,per_instance_trials,RC208,RC,RC2,0.3,1.0,0.3,0.8,True,total_distance,169.8794572898442
hyperparameter_for_RC.json,per_instance_trials,RC208,RC,RC2,0.5,1.5,1.0,1.0,True,computation_time,4.21
hyperparameter_for_RC.json,per_instance_trials,RC208,RC,RC2,0.5,1.5,1.0,1.0,True,n_coarsened,4.0
hyperparameter_for_RC.json,per_instance_trials,RC208,RC,RC2,0.5,1.5,1.0,1.0,True,num_vehicles,2.0
hyperparameter_for_RC.json,per_instance_trials,RC208,RC,RC2,0.5,1.5,1.0,1.0,True,time_window_violations,0.0
hyperparameter_for_RC.json,per_instance_trials,RC208,RC,RC2,0.5,1.5,1.0,1.0,True,total_distance,206.45500272231695
hyperparameter_for_RC.json,per_instance_trials,RC208,RC,RC2,0.6,2.0,0.5,0.8,True,computation_time,4.2
hyperparameter_for_RC.json,per_instance_trials,RC208,RC,RC2,0.6,2.0,0.5,0.8,True,n_coarsened,4.0
hyperparameter_for_RC.json,per_instance_trials,RC208,RC,RC2,0.6,2.0,0.5,0.8,True,num_vehicles,2.0
hyperparameter_for_RC.json,per_instance_trials,RC208,RC,RC2,0.6,2.0,0.5,0.8,True,time_window_violations,0.0
hyperparameter_for_RC.json,per_instance_trials,RC208,RC,RC2,0.6,2.0,0.5,0.8,True,total_distance,219.37740159654186
hyperparameter_for_RC.json,per_instance_trials,RC208,RC,RC2,0.6,2.0,0.7,0.4,True,computation_time,4.19
hyperparameter_for_RC.json,per_instance_trials,RC208,RC,RC2,0.6,2.0,0.7,0.4,True,n_coarsened,4.0
hyperparameter_for_RC.json,per_instance_trials,RC208,RC,RC2,0.6,2.0,0.7,0.4,True,num_vehicles,2.0
hyperparameter_for_RC.json,per_instance_trials,RC208,RC,RC2,0.6,2.0,0.7,0.4,True,time_window_violations,0.0
hyperparameter_for_RC.json,per_instance_trials,RC208,RC,RC2,0.6,2.0,0.7,0.4,True,total_distance,219.37740159654186
hyperparameter_for_RC.json,per_instance_trials,RC208,RC,RC2,0.6,1.5,0.7,0.8,True,computation_time,4.17
hyperparameter_for_RC.json,per_instance_trials,RC208,RC,RC2,0.6,1.5,0.7,0.8,True,n_coarsened,4.0
hyperparameter_for_RC.json,per_instance_trials,RC208,RC,RC2,0.6,1.5,0.7,0.8,True,num_vehicles,1.0
hyperparameter_for_RC.json,per_instance_trials,RC208,RC,RC2,0.6,1.5,0.7,0.8,True,time_window_violations,0.0
hyperparameter_for_RC.json,per_instance_trials,RC208,RC,RC2,0.6,1.5,0.7,0.8,True,total_distance,154.76765896289857
hyperparameter_for_RC.json,per_instance_trials,RC208,RC,RC2,0.7,2.0,0.7,0.8,True,computation_time,9.46
hyperparameter_for_RC.json,per_instance_trials,RC208,RC,RC2,0.7,2.0,0.7,0.8,True,n_coarsened,6.0
hyperparameter_for_RC.json,per_instance_trials,RC208,RC,RC2,0.7,2.0,0.7,0.8,True,num_vehicles,2.0
hyperparameter_for_RC.json,per_instance_trials,RC208,RC,RC2,0.7,2.0,0.7,0.8,True,time_window_violations,0.0
hyperparameter_for_RC.json,per_instance_trials,RC208,RC,RC2,0.7,2.0,0.7,0.8,True,total_distance,222.60055937391877
hyperparameter_for_RC.json,per_instance_trials,RC208,RC,RC2,0.5,1.5,0.3,0.2,True,computation_time,4.16
hyperparameter_for_RC.json,per_instance_trials,RC208,RC,RC2,0.5,1.5,0.3,0.2,True,n_coarsened,4.0
hyperparameter_for_RC.json,per_instance_trials,RC208,RC,RC2,0.5,1.5,0.3,0.2,True,num_vehicles,2.0
hyperparameter_for_RC.json,per_instance_trials,RC208,RC,RC2,0.5,1.5,0.3,0.2,True,time_window_violations,0.0
hyperparameter_for_RC.json,per_instance_trials,RC208,RC,RC2,0.5,1.5,0.3,0.2,True,total_distance,219.37740159654186
hyperparameter_for_RC.json,per_instance_trials,RC208,RC,RC2,0.4,1.0,1.0,1.0,True,computation_time,3.48
hyperparameter_for_RC.json,per_instance_trials,RC208,RC,RC2,0.4,1.0,1.0,1.0,True,n_coarsened,3.0
hyperparameter_for_RC.json,per_instance_trials,RC208,RC,RC2,0.4,1.0,1.0,1.0,True,num_vehicles,2.0
hyperparameter_for_RC.json,per_instance_trials,RC208,RC,RC2,0.4,1.0,1.0,1.0,True,time_window_violations,0.0
hyperparameter_for_RC.json,per_instance_trials,RC208,RC,RC2,0.4,1.0,1.0,1.0,True,total_distance,182.8018561640691
hyperparameter_for_RC.json,per_instance_trials,RC208,RC,RC2,0.8,2.0,1.0,0.4,True,computation_time,9.42
hyperparameter_for_RC.json,per_instance_trials,RC208,RC,RC2,0.8,2.0,1.0,0.4,True,n_coarsened,6.0
hyperparameter_for_RC.json,per_instance_trials,RC208,RC,RC2,0.8,2.0,1.0,0.4,True,num_vehicles,2.0
hyperparameter_for_RC.json,per_instance_trials,RC208,RC,RC2,0.8,2.0,1.0,0.4,True,time_window_violations,0.0
hyperparameter_for_RC.json,per_instance_trials,RC208,RC,RC2,0.8,2.0,1.0,0.4,True,total_distance,268.7104736447326
hyperparameter_for_RC.json,per_instance_trials,RC208,RC,RC2,0.5,2.0,1.0,0.8,True,computation_time,4.17
hyperparameter_for_RC.json,per_instance_trials,RC208,RC,RC2,0.5,2.0,1.0,0.8,True,n_coarsened,4.0
hyperparameter_for_RC.json,per_instance_trials,RC208,RC,RC2,0.5,2.0,1.0,0.8,True,num_vehicles,2.0
hyperparameter_for_RC.json,per_instance_trials,RC208,RC,RC2,0.5,2.0,1.0,0.8,True,time_window_violations,0.0
hyperparameter_for_RC.json,per_instance_trials,RC208,RC,RC2,0.5,2.0,1.0,0.8,True,total_distance,218.52973525353363
hyperparameter_for_RC.json,per_instance_trials,RC208,RC,RC2,0.6,2.0,0.9,1.0,True,computation_time,4.17
hyperparameter_for_RC.json,per_instance_trials,RC208,RC,RC2,0.6,2.0,0.9,1.0,True,n_coarsened,4.0
hyperparameter_for_RC.json,per_instance_trials,RC208,RC,RC2,0.6,2.0,0.9,1.0,True,num_vehicles,2.0
hyperparameter_for_RC.json,per_instance_trials,RC208,RC,RC2,0.6,2.0,0.9,1.0,True,time_window_violations,0.0
hyperparameter_for_RC.json,per_instance_trials,RC208,RC,RC2,0.6,2.0,0.9,1.0,True,total_distance,220.0699954837334
hyperparameter_for_RC.json,per_instance_trials,RC208,RC,RC2,0.6,3.0,0.7,0.2,True,computation_time,4.21
hyperparameter_for_RC.json,per_instance_trials,RC208,RC,RC2,0.6,3.0,0.7,0.2,True,n_coarsened,4.0
hyperparameter_for_RC.json,per_instance_trials,RC208,RC,RC2,0.6,3.0,0.7,0.2,True,num_vehicles,2.0
hyperparameter_for_RC.json,per_instance_trials,RC208,RC,RC2,0.6,3.0,0.7,0.2,True,time_window_violations,0.0
hyperparameter_for_RC.json,per_instance_trials,RC208,RC,RC2,0.6,3.0,0.7,0.2,True,total_distance,215.40991572926475
hyperparameter_for_RC.json,per_instance_trials,RC208,RC,RC2,0.8,1.5,0.7,0.4,True,computation_time,9.46
hyperparameter_for_RC.json,per_instance_trials,RC208,RC,RC2,0.8,1.5,0.7,0.4,True,n_coarsened,6.0
hyperparameter_for_RC.json,per_instance_trials,RC208,RC,RC2,0.8,1.5,0.7,0.4,True,num_vehicles,3.0
hyperparameter_for_RC.json,per_instance_trials,RC208,RC,RC2,0.8,1.5,0.7,0.4,True,time_window_violations,0.0
hyperparameter_for_RC.json,per_instance_trials,RC208,RC,RC2,0.8,1.5,0.7,0.4,True,total_distance,234.30782133206233
hyperparameter_for_RC.json,per_instance_trials,RC208,RC,RC2,0.7,2.0,0.7,1.0,True,computation_time,9.42
hyperparameter_for_RC.json,per_instance_trials,RC208,RC,RC2,0.7,2.0,0.7,1.0,True,n_coarsened,6.0
hyperparameter_for_RC.json,per_instance_trials,RC208,RC,RC2,0.7,2.0,0.7,1.0,True,num_vehicles,2.0
hyperparameter_for_RC.json,per_instance_trials,RC208,RC,RC2,0.7,2.0,0.7,1.0,True,time_window_violations,0.0
hyperparameter_for_RC.json,per_instance_trials,RC208,RC,RC2,0.7,2.0,0.7,1.0,True,total_distance,267.551176447741
hyperparameter_for_RC.json,per_instance_trials,RC208,RC,RC2,0.5,2.0,1.0,0.6,True,computation_time,4.21
hyperparameter_for_RC.json,per_instance_trials,RC208,RC,RC2,0.5,2.0,1.0,0.6,True,n_coarsened,4.0
hyperparameter_for_RC.json,per_instance_trials,RC208,RC,RC2,0.5,2.0,1.0,0.6,True,num_vehicles,2.0
hyperparameter_for_RC.json,per_instance_trials,RC208,RC,RC2,0.5,2.0,1.0,0.6,True,time_window_violations,0.0
hyperparameter_for_RC.json,per_instance_trials,RC208,RC,RC2,0.5,2.0,1.0,0.6,True,total_distance,219.37740159654186
hyperparameter_for_RC.json,per_instance_trials,RC208,RC,RC2,0.8,1.5,0.3,0.4,True,computation_time,9.48
hyperparameter_for_RC.json,per_instance_trials,RC208,RC,RC2,0.8,1.5,0.3,0.4,True,n_coarsened,6.0
hyperparameter_for_RC.json,per_instance_trials,RC208,RC,RC2,0.8,1.5,0.3,0.4,True,num_vehicles,3.0
hyperparameter_for_RC.json,per_instance_trials,RC208,RC,RC2,0.8,1.5,0.3,0.4,True,time_window_violations,0.0
hyperparameter_for_RC.json,per_instance_trials,RC208,RC,RC2,0.8,1.5,0.3,0.4,True,total_distance,243.88583595251865
hyperparameter_for_RC.json,per_instance_trials,RC208,RC,RC2,0.6,2.0,0.3,0.8,True,computation_time,4.16
hyperparameter_for_RC.json,per_instance_trials,RC208,RC,RC2,0.6,2.0,0.3,0.8,True,n_coarsened,4.0
hyperparameter_for_RC.json,per_instance_trials,RC208,RC,RC2,0.6,2.0,0.3,0.8,True,num_vehicles,1.0
hyperparameter_for_RC.json,per_instance_trials,RC208,RC,RC2,0.6,2.0,0.3,0.8,True,time_window_violations,0.0
hyperparameter_for_RC.json,per_instance_trials,RC208,RC,RC2,0.6,2.0,0.3,0.8,True,total_distance,156.69746903540877
hyperparameter_for_RC.json,per_instance_trials,RC208,RC,RC2,0.7,5.0,0.5,0.2,True,computation_time,6.58
hyperparameter_for_RC.json,per_instance_trials,RC208,RC,RC2,0.7,5.0,0.5,0.2,True,n_coarsened,5.0
hyperparameter_for_RC.json,per_instance_trials,RC208,RC,RC2,0.7,5.0,0.5,0.2,True,num_vehicles,2.0
hyperparameter_for_RC.json,per_instance_trials,RC208,RC,RC2,0.7,5.0,0.5,0.2,True,time_window_violations,0.0
hyperparameter_for_RC.json,per_instance_trials,RC208,RC,RC2,0.7,5.0,0.5,0.2,True,total_distance,268.935933638372
hyperparameter_for_RC.json,per_instance_trials,RC208,RC,RC2,0.8,1.5,0.9,0.6,True,computation_time,9.52
hyperparameter_for_RC.json,per_instance_trials,RC208,RC,RC2,0.8,1.5,0.9,0.6,True,n_coarsened,6.0
hyperparameter_for_RC.json,per_instance_trials,RC208,RC,RC2,0.8,1.5,0.9,0.6,True,num_vehicles,2.0
hyperparameter_for_RC.json,per_instance_trials,RC208,RC,RC2,0.8,1.5,0.9,0.6,True,time_window_violations,0.0
hyperparameter_for_RC.json,per_instance_trials,RC208,RC,RC2,0.8,1.5,0.9,0.6,True,total_distance,264.4877173214909
hyperparameter_for_RC.json,per_instance_trials,RC208,RC,RC2,0.4,2.0,0.5,0.6,True,computation_time,3.36
hyperparameter_for_RC.json,per_instance_trials,RC208,RC,RC2,0.4,2.0,0.5,0.6,True,n_coarsened,3.0
hyperparameter_for_RC.json,per_instance_trials,RC208,RC,RC2,0.4,2.0,0.5,0.6,True,num_vehicles,2.0
hyperparameter_for_RC.json,per_instance_trials,RC208,RC,RC2,0.4,2.0,0.5,0.6,True,time_window_violations,0.0
hyperparameter_for_RC.json,per_instance_trials,RC208,RC,RC2,0.4,2.0,0.5,0.6,True,total_distance,217.74744865530454
hyperparameter_for_RC.json,per_instance_trials,RC208,RC,RC2,0.3,1.0,0.7,0.4,True,computation_time,2.3
hyperparameter_for_RC.json,per_instance_trials,RC208,RC,RC2,0.3,1.0,0.7,0.4,True,n_coarsened,2.0
hyperparameter_for_RC.json,per_instance_trials,RC208,RC,RC2,0.3,1.0,0.7,0.4,True,num_vehicles,2.0
hyperparameter_for_RC.json,per_instance_trials,RC208,RC,RC2,0.3,1.0,0.7,0.4,True,time_window_violations,0.0
hyperparameter_for_RC.json,per_instance_trials,RC208,RC,RC2,0.3,1.0,0.7,0.4,True,total_distance,169.8794572898442
hyperparameter_for_RC.json,per_instance_trials,RC208,RC,RC2,0.8,3.0,0.9,0.4,True,computation_time,9.48
hyperparameter_for_RC.json,per_instance_trials,RC208,RC,RC2,0.8,3.0,0.9,0.4,True,n_coarsened,6.0
hyperparameter_for_RC.json,per_instance_trials,RC208,RC,RC2,0.8,3.0,0.9,0.4,True,num_vehicles,3.0
hyperparameter_for_RC.json,per_instance_trials,RC208,RC,RC2,0.8,3.0,0.9,0.4,True,time_window_violations,0.0
hyperparameter_for_RC.json,per_instance_trials,RC208,RC,RC2,0.8,3.0,0.9,0.4,True,total_distance,292.915633359006
hyperparameter_for_RC.json,per_instance_trials,RC208,RC,RC2,0.6,2.0,1.0,0.8,True,computation_time,4.17
hyperparameter_for_RC.json,per_instance_trials,RC208,RC,RC2,0.6,2.0,1.0,0.8,True,n_coarsened,4.0
hyperparameter_for_RC.json,per_instance_trials,RC208,RC,RC2,0.6,2.0,1.0,0.8,True,num_vehicles,2.0
hyperparameter_for_RC.json,per_instance_trials,RC208,RC,RC2,0.6,2.0,1.0,0.8,True,time_window_violations,0.0
hyperparameter_for_RC.json,per_instance_trials,RC208,RC,RC2,0.6,2.0,1.0,0.8,True,total_distance,197.41786334898654
hyperparameter_for_RC.json,per_instance_trials,RC208,RC,RC2,0.4,0.5,1.0,1.0,True,computation_time,3.42
hyperparameter_for_RC.json,per_instance_trials,RC208,RC,RC2,0.4,0.5,1.0,1.0,True,n_coarsened,3.0
hyperparameter_for_RC.json,per_instance_trials,RC208,RC,RC2,0.4,0.5,1.0,1.0,True,num_vehicles,1.0
hyperparameter_for_RC.json,per_instance_trials,RC208,RC,RC2,0.4,0.5,1.0,1.0,True,time_window_violations,0.0
hyperparameter_for_RC.json,per_instance_trials,RC208,RC,RC2,0.4,0.5,1.0,1.0,True,total_distance,144.4508370866617
hyperparameter_for_RC.json,per_instance_trials,RC208,RC,RC2,0.5,1.5,0.9,1.0,True,computation_time,4.17
hyperparameter_for_RC.json,per_instance_trials,RC208,RC,RC2,0.5,1.5,0.9,1.0,True,n_coarsened,4.0
hyperparameter_for_RC.json,per_instance_trials,RC208,RC,RC2,0.5,1.5,0.9,1.0,True,num_vehicles,2.0
hyperparameter_for_RC.json,per_instance_trials,RC208,RC,RC2,0.5,1.5,0.9,1.0,True,time_window_violations,0.0
hyperparameter_for_RC.json,per_instance_trials,RC208,RC,RC2,0.5,1.5,0.9,1.0,True,total_distance,207.30847329611507
hyperparameter_for_RC.json,per_instance_trials,RC208,RC,RC2,0.5,2.0,0.9,0.4,True,computation_time,4.17
hyperparameter_for_RC.json,per_instance_trials,RC208,RC,RC2,0.5,2.0,0.9,0.4,True,n_coarsened,4.0
hyperparameter_for_RC.json,per_instance_trials,RC208,RC,RC2,0.5,2.0,0.9,0.4,True,num_vehicles,2.0
hyperparameter_for_RC.json,per_instance_trials,RC208,RC,RC2,0.5,2.0,0.9,0.4,True,time_window_violations,0.0
hyperparameter_for_RC.json,per_instance_trials,RC208,RC,RC2,0.5,2.0,0.9,0.4,True,total_distance,206.45500272231695
hyperparameter_for_RC.json,per_instance_trials,RC208,RC,RC2,0.6,0.5,0.7,0.4,True,computation_time,6.62
hyperparameter_for_RC.json,per_instance_trials,RC208,RC,RC2,0.6,0.5,0.7,0.4,True,n_coarsened,5.0
hyperparameter_for_RC.json,per_instance_trials,RC208,RC,RC2,0.6,0.5,0.7,0.4,True,num_vehicles,2.0
hyperparameter_for_RC.json,per_instance_trials,RC208,RC,RC2,0.6,0.5,0.7,0.4,True,time_window_violations,0.0
hyperparameter_for_RC.json,per_instance_trials,RC208,RC,RC2,0.6,0.5,0.7,0.4,True,total_distance,214.28002441250248
hyperparameter_for_RC.json,per_instance_trials,RC208,RC,RC2,0.7,2.0,0.5,0.2,True,computation_time,9.48
hyperparameter_for_RC.json,per_instance_trials,RC208,RC,RC2,0.7,2.0,0.5,0.2,True,n_coarsened,6.0
hyperparameter_for_RC.json,per_instance_trials,RC208,RC,RC2,0.7,2.0,0.5,0.2,True,num_vehicles,3.0
hyperparameter_for_RC.json,per_instance_trials,RC208,RC,RC2,0.7,2.0,0.5,0.2,True,time_window_violations,0.0
hyperparameter_for_RC.json,per_instance_trials,RC208,RC,RC2,0.7,2.0,0.5,0.2,True,total_distance,259.4959756901966
hyperparameter_for_RC.json,per_instance_best,RC101,RC,RC1,0.7,2.0,0.7,1.0,True,computation_time,3.24
hyperparameter_for_RC.json,per_instance_best,RC101,RC,RC1,0.7,2.0,0.7,1.0,True,n_coarsened,5.0
hyperparameter_for_RC.json,per_instance_best,RC101,RC,RC1,0.7,2.0,0.7,1.0,True,num_vehicles,2.0
hyperparameter_for_RC.json,per_instance_best,RC101,RC,RC1,0.7,2.0,0.7,1.0,True,time_window_violations,0.0
hyperparameter_for_RC.json,per_instance_best,RC101,RC,RC1,0.7,2.0,0.7,1.0,True,total_distance,185.90787650875717
hyperparameter_for_RC.json,per_instance_best,RC102,RC,RC1,0.5,0.5,0.7,0.4,True,computation_time,2.02
hyperparameter_for_RC.json,per_instance_best,RC102,RC,RC1,0.5,0.5,0.7,0.4,True,n_coarsened,4.0
hyperparameter_for_RC.json,per_instance_best,RC102,RC,RC1,0.5,0.5,0.7,0.4,True,num_vehicles,2.0
hyperparameter_for_RC.json,per_instance_best,RC102,RC,RC1,0.5,0.5,0.7,0.4,True,time_window_violations,0.0
hyperparameter_for_RC.json,per_instance_best,RC102,RC,RC1,0.5,0.5,0.7,0.4,True,total_distance,169.8794572898442
hyperparameter_for_RC.json,per_instance_best,RC103,RC,RC1,0.5,0.5,0.7,0.4,True,computation_time,2.01
hyperparameter_for_RC.json,per_instance_best,RC103,RC,RC1,0.5,0.5,0.7,0.4,True,n_coarsened,4.0
hyperparameter_for_RC.json,per_instance_best,RC103,RC,RC1,0.5,0.5,0.7,0.4,True,num_vehicles,2.0
hyperparameter_for_RC.json,per_instance_best,RC103,RC,RC1,0.5,0.5,0.7,0.4,True,time_window_violations,0.0
hyperparameter_for_RC.json,per_instance_best,RC103,RC,RC1,0.5,0.5,0.7,0.4,True,total_distance,169.8794572898442
hyperparameter_for_RC.json,per_instance_best,RC104,RC,RC1,0.5,5.0,0.9,0.8,True,computation_time,2.05
hyperparameter_for_RC.json,per_instance_best,RC104,RC,RC1,0.5,5.0,0.9,0.8,True,n_coarsened,4.0
hyperparameter_for_RC.json,per_instance_best,RC104,RC,RC1,0.5,5.0,0.9,0.8,True,num_vehicles,2.0
hyperparameter_for_RC.json,per_instance_best,RC104,RC,RC1,0.5,5.0,0.9,0.8,True,time_window_violations,0.0
hyperparameter_for_RC.json,per_instance_best,RC104,RC,RC1,0.5,5.0,0.9,0.8,True,total_distance,171.03599546917604
hyperparameter_for_RC.json,per_instance_best,RC105,RC,RC1,0.6,2.0,0.9,1.0,True,computation_time,3.25
hyperparameter_for_RC.json,per_instance_best,RC105,RC,RC1,0.6,2.0,0.9,1.0,True,n_coarsened,5.0
hyperparameter_for_RC.json,per_instance_best,RC105,RC,RC1,0.6,2.0,0.9,1.0,True,num_vehicles,3.0
hyperparameter_for_RC.json,per_instance_best,RC105,RC,RC1,0.6,2.0,0.9,1.0,True,time_window_violations,0.0
hyperparameter_for_RC.json,per_instance_best,RC105,RC,RC1,0.6,2.0,0.9,1.0,True,total_distance,241.61149914817202
hyperparameter_for_RC.json,per_instance_best,RC106,RC,RC1,0.5,0.5,0.7,0.4,True,computation_time,2.1
hyperparameter_for_RC.json,per_instance_best,RC106,RC,RC1,0.5,0.5,0.7,0.4,True,n_coarsened,4.0
hyperparameter_for_RC.json,per_instance_best,RC106,RC,RC1,0.5,0.5,0.7,0.4,True,num_vehicles,3.0
hyperparameter_for_RC.json,per_instance_best,RC106,RC,RC1,0.5,0.5,0.7,0.4,True,time_window_violations,0.0
hyperparameter_for_RC.json,per_instance_best,RC106,RC,RC1,0.5,0.5,0.7,0.4,True,total_distance,241.24625878597683
hyperparameter_for_RC.json,per_instance_best,RC107,RC,RC1,0.7,2.0,0.5,0.2,True,computation_time,4.59
hyperparameter_for_RC.json,per_instance_best,RC107,RC,RC1,0.7,2.0,0.5,0.2,True,n_coarsened,6.0
hyperparameter_for_RC.json,per_instance_best,RC107,RC,RC1,0.7,2.0,0.5,0.2,True,num_vehicles,2.0
hyperparameter_for_RC.json,per_instance_best,RC107,RC,RC1,0.7,2.0,0.5,0.2,True,time_window_violations,0.0
hyperparameter_for_RC.json,per_instance_best,RC107,RC,RC1,0.7,2.0,0.5,0.2,True,total_distance,226.7157707447089
hyperparameter_for_RC.json,per_instance_best,RC108,RC,RC1,0.3,2.0,0.9,0.6,True,computation_time,1.13
hyperparameter_for_RC.json,per_instance_best,RC108,RC,RC1,0.3,2.0,0.9,0.6,True,n_coarsened,2.0
hyperparameter_for_RC.json,per_instance_best,RC108,RC,RC1,0.3,2.0,0.9,0.6,True,num_vehicles,2.0
hyperparameter_for_RC.json,per_instance_best,RC108,RC,RC1,0.3,2.0,0.9,0.6,True,time_window_violations,0.0
hyperparameter_for_RC.json,per_instance_best,RC108,RC,RC1,0.3,2.0,0.9,0.6,True,total_distance,169.8794572898442
hyperparameter_for_RC.json,per_instance_best,RC201,RC,RC2,0.5,2.0,0.9,0.4,True,computation_time,15.59
hyperparameter_for_RC.json,per_instance_best,RC201,RC,RC2,0.5,2.0,0.9,0.4,True,n_coarsened,7.0
hyperparameter_for_RC.json,per_instance_best,RC201,RC,RC2,0.5,2.0,0.9,0.4,True,num_vehicles,2.0
hyperparameter_for_RC.json,per_instance_best,RC201,RC,RC2,0.5,2.0,0.9,0.4,True,time_window_violations,0.0
hyperparameter_for_RC.json,per_instance_best,RC201,RC,RC2,0.5,2.0,0.9,0.4,True,total_distance,190.31639409057132
hyperparameter_for_RC.json,per_instance_best,RC202,RC,RC2,0.4,2.0,0.5,0.6,True,computation_time,4.29
hyperparameter_for_RC.json,per_instance_best,RC202,RC,RC2,0.4,2.0,0.5,0.6,True,n_coarsened,4.0
hyperparameter_for_RC.json,per_instance_best,RC202,RC,RC2,0.4,2.0,0.5,0.6,True,num_vehicles,2.0
hyperparameter_for_RC.json,per_instance_best,RC202,RC,RC2,0.4,2.0,0.5,0.6,True,time_window_violations,0.0
hyperparameter_for_RC.json,per_instance_best,RC202,RC,RC2,0.4,2.0,0.5,0.6,True,total_distance,183.37061613225012
hyperparameter_for_RC.json,per_instance_best,RC203,RC,RC2,0.4,1.0,1.0,1.0,True,computation_time,4.27
hyperparameter_for_RC.json,per_instance_best,RC203,RC,RC2,0.4,1.0,1.0,1.0,True,n_coarsened,4.0
hyperparameter_for_RC.json,per_instance_best,RC203,RC,RC2,0.4,1.0,1.0,1.0,True,num_vehicles,2.0
hyperparameter_for_RC.json,per_instance_best,RC203,RC,RC2,0.4,1.0,1.0,1.0,True,time_window_violations,0.0
hyperparameter_for_RC.json,per_instance_best,RC203,RC,RC2,0.4,1.0,1.0,1.0,True,total_distance,183.37061613225012
hyperparameter_for_RC.json,per_instance_best,RC204,RC,RC2,0.6,2.0,0.9,1.0,True,computation_time,6.58
hyperparameter_for_RC.json,per_instance_best,RC204,RC,RC2,0.6,2.0,0.9,1.0,True,n_coarsened,5.0
hyperparameter_for_RC.json,per_instance_best,RC204,RC,RC2,0.6,2.0,0.9,1.0,True,num_vehicles,1.0
hyperparameter_for_RC.json,per_instance_best,RC204,RC,RC2,0.6,2.0,0.9,1.0,True,time_window_violations,0.0
hyperparameter_for_RC.json,per_instance_best,RC204,RC,RC2,0.6,2.0,0.9,1.0,True,total_distance,145.31242365167387
hyperparameter_for_RC.json,per_instance_best,RC205,RC,RC2,0.6,2.0,1.0,0.8,True,computation_time,6.72
hyperparameter_for_RC.json,per_instance_best,RC205,RC,RC2,0.6,2.0,1.0,0.8,True,n_coarsened,5.0
hyperparameter_for_RC.json,per_instance_best,RC205,RC,RC2,0.6,2.0,1.0,0.8,True,num_vehicles,2.0
hyperparameter_for_RC.json,per_instance_best,RC205,RC,RC2,0.6,2.0,1.0,0.8,True,time_window_violations,0.0
hyperparameter_for_RC.json,per_instance_best,RC205,RC,RC2,0.6,2.0,1.0,0.8,True,total_distance,175.89658472641293
hyperparameter_for_RC.json,per_instance_best,RC206,RC,RC2,0.4,3.0,0.3,0.4,True,computation_time,3.33
hyperparameter_for_RC.json,per_instance_best,RC206,RC,RC2,0.4,3.0,0.3,0.4,True,n_coarsened,3.0
hyperparameter_for_RC.json,per_instance_best,RC206,RC,RC2,0.4,3.0,0.3,0.4,True,num_vehicles,2.0
hyperparameter_for_RC.json,per_instance_best,RC206,RC,RC2,0.4,3.0,0.3,0.4,True,time_window_violations,0.0
hyperparameter_for_RC.json,per_instance_best,RC206,RC,RC2,0.4,3.0,0.3,0.4,True,total_distance,191.23298176125223
hyperparameter_for_RC.json,per_instance_best,RC207,RC,RC2,0.5,2.0,1.0,0.8,True,computation_time,3.43
hyperparameter_for_RC.json,per_instance_best,RC207,RC,RC2,0.5,2.0,1.0,0.8,True,n_coarsened,3.0
hyperparameter_for_RC.json,per_instance_best,RC207,RC,RC2,0.5,2.0,1.0,0.8,True,num_vehicles,2.0
hyperparameter_for_RC.json,per_instance_best,RC207,RC,RC2,0.5,2.0,1.0,0.8,True,time_window_violations,0.0
hyperparameter_for_RC.json,per_instance_best,RC207,RC,RC2,0.5,2.0,1.0,0.8,True,total_distance,182.64300101166322
hyperparameter_for_RC.json,per_instance_best,RC208,RC,RC2,0.4,0.5,1.0,1.0,True,computation_time,3.42
hyperparameter_for_RC.json,per_instance_best,RC208,RC,RC2,0.4,0.5,1.0,1.0,True,n_coarsened,3.0
hyperparameter_for_RC.json,per_instance_best,RC208,RC,RC2,0.4,0.5,1.0,1.0,True,num_vehicles,1.0
hyperparameter_for_RC.json,per_instance_best,RC208,RC,RC2,0.4,0.5,1.0,1.0,True,time_window_violations,0.0
hyperparameter_for_RC.json,per_instance_best,RC208,RC,RC2,0.4,0.5,1.0,1.0,True,total_distance,144.4508370866617
