source_file,instance,family,family_group,scale,method,solver,configuration,metric,value
result_only_coarsened_quantum.json,C101,C,C1,All,Inflated,FullQubo,Inflated FullQubo,capacity_violations,0.0
result_only_coarsened_quantum.json,C101,C,C1,All,Inflated,FullQubo,Inflated FullQubo,computation_time,3.6448032910120673
result_only_coarsened_quantum.json,C101,C,C1,All,Inflated,FullQubo,Inflated FullQubo,num_vehicles,3.0
result_only_coarsened_quantum.json,C101,C,C1,All,Inflated,FullQubo,Inflated FullQubo,time_window_violations,0.0
result_only_coarsened_quantum.json,C101,C,C1,All,Inflated,FullQubo,Inflated FullQubo,total_demand_served,260.0
result_only_coarsened_quantum.json,C101,C,C1,All,Inflated,FullQubo,Inflated FullQubo,total_distance,209.73947643418586
result_only_coarsened_quantum.json,C101,C,C1,All,Inflated,FullQubo,Inflated FullQubo,total_route_duration,2514.0543408709545
result_only_coarsened_quantum.json,C101,C,C1,All,Inflated,FullQubo,Inflated FullQubo,total_service_time,1350.0
result_only_coarsened_quantum.json,C101,C,C1,All,Inflated,FullQubo,Inflated FullQubo,total_waiting_time,954.3148644367685
result_only_coarsened_quantum.json,C101,C,C1,All,Inflated,AveragePartitionSolver,Inflated AveragePartitionSolver,capacity_violations,0.0
result_only_coarsened_quantum.json,C101,C,C1,All,Inflated,AveragePartitionSolver,Inflated AveragePartitionSolver,computation_time,3.618993124982808
result_only_coarsened_quantum.json,C101,C,C1,All,Inflated,AveragePartitionSolver,Inflated AveragePartitionSolver,num_vehicles,4.0
result_only_coarsened_quantum.json,C101,C,C1,All,Inflated,AveragePartitionSolver,Inflated AveragePartitionSolver,time_window_violations,0.0
result_only_coarsened_quantum.json,C101,C,C1,All,Inflated,AveragePartitionSolver,Inflated AveragePartitionSolver,total_demand_served,260.0
result_only_coarsened_quantum.json,C101,C,C1,All,Inflated,AveragePartitionSolver,Inflated AveragePartitionSolver,total_distance,211.69476385346007
result_only_coarsened_quantum.json,C101,C,C1,All,Inflated,AveragePartitionSolver,Inflated AveragePartitionSolver,total_route_duration,2953.003923448285
result_only_coarsened_quantum.json,C101,C,C1,All,Inflated,AveragePartitionSolver,Inflated AveragePartitionSolver,total_service_time,1350.0
result_only_coarsened_quantum.json,C101,C,C1,All,Inflated,AveragePartitionSolver,Inflated AveragePartitionSolver,total_waiting_time,1391.3091595948254
result_only_coarsened_quantum.json,C102,C,C1,All,Inflated,FullQubo,Inflated FullQubo,capacity_violations,0.0
result_only_coarsened_quantum.json,C102,C,C1,All,Inflated,FullQubo,Inflated FullQubo,computation_time,2.720754374982789
result_only_coarsened_quantum.json,C102,C,C1,All,Inflated,FullQubo,Inflated FullQubo,num_vehicles,4.0
result_only_coarsened_quantum.json,C102,C,C1,All,Inflated,FullQubo,Inflated FullQubo,time_window_violations,0.0
result_only_coarsened_quantum.json,C102,C,C1,All,Inflated,FullQubo,Inflated FullQubo,total_demand_served,260.0
result_only_coarsened_quantum.json,C102,C,C1,All,Inflated,FullQubo,Inflated FullQubo,total_distance,259.10349316311886
result_only_coarsened_quantum.json,C102,C,C1,All,Inflated,FullQubo,Inflated FullQubo,total_route_duration,2653.5642589130994
result_only_coarsened_quantum.json,C102,C,C1,All,Inflated,FullQubo,Inflated FullQubo,total_service_time,1350.0
result_only_coarsened_quantum.json,C102,C,C1,All,Inflated,FullQubo,Inflated FullQubo,total_waiting_time,1044.4607657499807
result_only_coarsened_quantum.json,C102,C,C1,All,Inflated,AveragePartitionSolver,Inflated AveragePartitionSolver,capacity_violations,0.0
result_only_coarsened_quantum.json,C102,C,C1,All,Inflated,AveragePartitionSolver,Inflated AveragePartitionSolver,computation_time,2.7265133329783566
result_only_coarsened_quantum.json,C102,C,C1,All,Inflated,AveragePartitionSolver,Inflated AveragePartitionSolver,num_vehicles,4.0
result_only_coarsened_quantum.json,C102,C,C1,All,Inflated,AveragePartitionSolver,Inflated AveragePartitionSolver,time_window_violations,0.0
result_only_coarsened_quantum.json,C102,C,C1,All,Inflated,AveragePartitionSolver,Inflated AveragePartitionSolver,total_demand_served,260.0
result_only_coarsened_quantum.json,C102,C,C1,All,Inflated,AveragePartitionSolver,Inflated AveragePartitionSolver,total_distance,249.92828234819183
result_only_coarsened_quantum.json,C102,C,C1,All,Inflated,AveragePartitionSolver,Inflated AveragePartitionSolver,total_route_duration,2842.347523732552
result_only_coarsened_quantum.json,C102,C,C1,All,Inflated,AveragePartitionSolver,Inflated AveragePartitionSolver,total_service_time,1350.0
result_only_coarsened_quantum.json,C102,C,C1,All,Inflated,AveragePartitionSolver,Inflated AveragePartitionSolver,total_waiting_time,1242.4192413843602
result_only_coarsened_quantum.json,C103,C,C1,All,Inflated,FullQubo,Inflated FullQubo,capacity_violations,0.0
result_only_coarsened_quantum.json,C103,C,C1,All,Inflated,FullQubo,Inflated FullQubo,computation_time,2.719036041991785
result_only_coarsened_quantum.json,C103,C,C1,All,Inflated,FullQubo,Inflated FullQubo,num_vehicles,4.0
result_only_coarsened_quantum.json,C103,C,C1,All,Inflated,FullQubo,Inflated FullQubo,time_window_violations,0.0
result_only_coarsened_quantum.json,C103,C,C1,All,Inflated,FullQubo,Inflated FullQubo,total_demand_served,260.0
result_only_coarsened_quantum.json,C103,C,C1,All,Inflated,FullQubo,Inflated FullQubo,total_distance,224.2073284182491
result_only_coarsened_quantum.json,C103,C,C1,All,Inflated,FullQubo,Inflated FullQubo,total_route_duration,2650.5998841293795
result_only_coarsened_quantum.json,C103,C,C1,All,Inflated,FullQubo,Inflated FullQubo,total_service_time,1350.0
result_only_coarsened_quantum.json,C103,C,C1,All,Inflated,FullQubo,Inflated FullQubo,total_waiting_time,1076.39255571113
result_only_coarsened_quantum.json,C103,C,C1,All,Inflated,AveragePartitionSolver,Inflated AveragePartitionSolver,capacity_violations,0.0
result_only_coarsened_quantum.json,C103,C,C1,All,Inflated,AveragePartitionSolver,Inflated AveragePartitionSolver,computation_time,2.7422063339618035
result_only_coarsened_quantum.json,C103,C,C1,All,Inflated,AveragePartitionSolver,Inflated AveragePartitionSolver,num_vehicles,4.0
result_only_coarsened_quantum.json,C103,C,C1,All,Inflated,AveragePartitionSolver,Inflated AveragePartitionSolver,time_window_violations,0.0
result_only_coarsened_quantum.json,C103,C,C1,All,Inflated,AveragePartitionSolver,Inflated AveragePartitionSolver,total_demand_served,260.0
result_only_coarsened_quantum.json,C103,C,C1,All,Inflated,AveragePartitionSolver,Inflated AveragePartitionSolver,total_distance,252.23703669053495
result_only_coarsened_quantum.json,C103,C,C1,All,Inflated,AveragePartitionSolver,Inflated AveragePartitionSolver,total_route_duration,2838.2025602923286
result_only_coarsened_quantum.json,C103,C,C1,All,Inflated,AveragePartitionSolver,Inflated AveragePartitionSolver,total_service_time,1350.0
result_only_coarsened_quantum.json,C103,C,C1,All,Inflated,AveragePartitionSolver,Inflated AveragePartitionSolver,total_waiting_time,1235.965523601794
result_only_coarsened_quantum.json,C104,C,C1,All,Inflated,FullQubo,Inflated FullQubo,capacity_violations,0.0
result_only_coarsened_quantum.json,C104,C,C1,All,Inflated,FullQubo,Inflated FullQubo,computation_time,3.707331749959849
result_only_coarsened_quantum.json,C104,C,C1,All,Inflated,FullQubo,Inflated FullQubo,num_vehicles,4.0
result_only_coarsened_quantum.json,C104,C,C1,All,Inflated,FullQubo,Inflated FullQubo,time_window_violations,0.0
result_only_coarsened_quantum.json,C104,C,C1,All,Inflated,FullQubo,Inflated FullQubo,total_demand_served,260.0
result_only_coarsened_quantum.json,C104,C,C1,All,Inflated,FullQubo,Inflated FullQubo,total_distance,297.2781694822386
result_only_coarsened_quantum.json,C104,C,C1,All,Inflated,FullQubo,Inflated FullQubo,total_route_duration,2632.883609215993
result_only_coarsened_quantum.json,C104,C,C1,All,Inflated,FullQubo,Inflated FullQubo,total_service_time,1350.0
result_only_coarsened_quantum.json,C104,C,C1,All,Inflated,FullQubo,Inflated FullQubo,total_waiting_time,985.6054397337548
result_only_coarsened_quantum.json,C104,C,C1,All,Inflated,AveragePartitionSolver,Inflated AveragePartitionSolver,capacity_violations,0.0
result_only_coarsened_quantum.json,C104,C,C1,All,Inflated,AveragePartitionSolver,Inflated AveragePartitionSolver,computation_time,3.727351500012446
result_only_coarsened_quantum.json,C104,C,C1,All,Inflated,AveragePartitionSolver,Inflated AveragePartitionSolver,num_vehicles,4.0
result_only_coarsened_quantum.json,C104,C,C1,All,Inflated,AveragePartitionSolver,Inflated AveragePartitionSolver,time_window_violations,0.0
result_only_coarsened_quantum.json,C104,C,C1,All,Inflated,AveragePartitionSolver,Inflated AveragePartitionSolver,total_demand_served,260.0
result_only_coarsened_quantum.json,C104,C,C1,All,Inflated,AveragePartitionSolver,Inflated AveragePartitionSolver,total_distance,287.5660784124417
result_only_coarsened_quantum.json,C104,C,C1,All,Inflated,AveragePartitionSolver,Inflated AveragePartitionSolver,total_route_duration,2824.610879337424
result_only_coarsened_quantum.json,C104,C,C1,All,Inflated,AveragePartitionSolver,Inflated AveragePartitionSolver,total_service_time,1350.0
result_only_coarsened_quantum.json,C104,C,C1,All,Inflated,AveragePartitionSolver,Inflated AveragePartitionSolver,total_waiting_time,1187.0448009249826
result_only_coarsened_quantum.json,C105,C,C1,All,Inflated,FullQubo,Inflated FullQubo,capacity_violations,0.0
result_only_coarsened_quantum.json,C105,C,C1,All,Inflated,FullQubo,Inflated FullQubo,computation_time,2.687270207970869
result_only_coarsened_quantum.json,C105,C,C1,All,Inflated,FullQubo,Inflated FullQubo,num_vehicles,4.0
result_only_coarsened_quantum.json,C105,C,C1,All,Inflated,FullQubo,Inflated FullQubo,time_window_violations,0.0
result_only_coarsened_quantum.json,C105,C,C1,All,Inflated,FullQubo,Inflated FullQubo,total_demand_served,260.0
result_only_coarsened_quantum.json,C105,C,C1,All,Inflated,FullQubo,Inflated FullQubo,total_distance,244.62279313178362
result_only_coarsened_quantum.json,C105,C,C1,All,Inflated,FullQubo,Inflated FullQubo,total_route_duration,2970.9431208493065
result_only_coarsened_quantum.json,C105,C,C1,All,Inflated,FullQubo,Inflated FullQubo,total_service_time,1350.0
result_only_coarsened_quantum.json,C105,C,C1,All,Inflated,FullQubo,Inflated FullQubo,total_waiting_time,1376.3203277175226
result_only_coarsened_quantum.json,C105,C,C1,All,Inflated,AveragePartitionSolver,Inflated AveragePartitionSolver,capacity_violations,0.0
result_only_coarsened_quantum.json,C105,C,C1,All,Inflated,AveragePartitionSolver,Inflated AveragePartitionSolver,computation_time,2.6919730830122717
result_only_coarsened_quantum.json,C105,C,C1,All,Inflated,AveragePartitionSolver,Inflated AveragePartitionSolver,num_vehicles,3.0
result_only_coarsened_quantum.json,C105,C,C1,All,Inflated,AveragePartitionSolver,Inflated AveragePartitionSolver,time_window_violations,0.0
result_only_coarsened_quantum.json,C105,C,C1,All,Inflated,AveragePartitionSolver,Inflated AveragePartitionSolver,total_demand_served,260.0
result_only_coarsened_quantum.json,C105,C,C1,All,Inflated,AveragePartitionSolver,Inflated AveragePartitionSolver,total_distance,209.59133945573652
result_only_coarsened_quantum.json,C105,C,C1,All,Inflated,AveragePartitionSolver,Inflated AveragePartitionSolver,total_route_duration,2574.5055911130316
result_only_coarsened_quantum.json,C105,C,C1,All,Inflated,AveragePartitionSolver,Inflated AveragePartitionSolver,total_service_time,1350.0
result_only_coarsened_quantum.json,C105,C,C1,All,Inflated,AveragePartitionSolver,Inflated AveragePartitionSolver,total_waiting_time,1014.9142516572953
result_only_coarsened_quantum.json,C106,C,C1,All,Inflated,FullQubo,Inflated FullQubo,capacity_violations,0.0
result_only_coarsened_quantum.json,C106,C,C1,All,Inflated,FullQubo,Inflated FullQubo,computation_time,3.667683499981649
result_only_coarsened_quantum.json,C106,C,C1,All,Inflated,FullQubo,Inflated FullQubo,num_vehicles,5.0
result_only_coarsened_quantum.json,C106,C,C1,All,Inflated,FullQubo,Inflated FullQubo,time_window_violations,0.0
result_only_coarsened_quantum.json,C106,C,C1,All,Inflated,FullQubo,Inflated FullQubo,total_demand_served,260.0
result_only_coarsened_quantum.json,C106,C,C1,All,Inflated,FullQubo,Inflated FullQubo,total_distance,274.3391898581859
result_only_coarsened_quantum.json,C106,C,C1,All,Inflated,FullQubo,Inflated FullQubo,total_route_duration,3428.744893603271
result_only_coarsened_quantum.json,C106,C,C1,All,Inflated,FullQubo,Inflated FullQubo,total_service_time,1350.0
result_only_coarsened_quantum.json,C106,C,C1,All,Inflated,FullQubo,Inflated FullQubo,total_waiting_time,1804.4057037450855
result_only_coarsened_quantum.json,C106,C,C1,All,Inflated,AveragePartitionSolver,Inflated AveragePartitionSolver,capacity_violations,0.0
result_only_coarsened_quantum.json,C106,C,C1,All,Inflated,AveragePartitionSolver,Inflated AveragePartitionSolver,computation_time,3.656472417002078
result_only_coarsened_quantum.json,C106,C,C1,All,Inflated,AveragePartitionSolver,Inflated AveragePartitionSolver,num_vehicles,4.0
result_only_coarsened_quantum.json,C106,C,C1,All,Inflated,AveragePartitionSolver,Inflated AveragePartitionSolver,time_window_violations,0.0
result_only_coarsened_quantum.json,C106,C,C1,All,Inflated,AveragePartitionSolver,Inflated AveragePartitionSolver,total_demand_served,260.0
result_only_coarsened_quantum.json,C106,C,C1,All,Inflated,AveragePartitionSolver,Inflated AveragePartitionSolver,total_distance,277.30418868217754
result_only_coarsened_quantum.json,C106,C,C1,All,Inflated,AveragePartitionSolver,Inflated AveragePartitionSolver,total_route_duration,3137.9266902525037
result_only_coarsened_quantum.json,C106,C,C1,All,Inflated,AveragePartitionSolver,Inflated AveragePartitionSolver,total_service_time,1350.0
result_only_coarsened_quantum.json,C106,C,C1,All,Inflated,AveragePartitionSolver,Inflated AveragePartitionSolver,total_waiting_time,1510.6225015703262
result_only_coarsened_quantum.json,C107,C,C1,All,Inflated,FullQubo,Inflated FullQubo,capacity_violations,0.0
result_only_coarsened_quantum.json,C107,C,C1,All,Inflated,FullQubo,Inflated FullQubo,computation_time,2.6741757089621387
result_only_coarsened_quantum.json,C107,C,C1,All,Inflated,FullQubo,Inflated FullQubo,num_vehicles,4.0
result_only_coarsened_quantum.json,C107,C,C1,All,Inflated,FullQubo,Inflated FullQubo,time_window_violations,0.0
result_only_coarsened_quantum.json,C107,C,C1,All,Inflated,FullQubo,Inflated FullQubo,total_demand_served,260.0
result_only_coarsened_quantum.json,C107,C,C1,All,Inflated,FullQubo,Inflated FullQubo,total_distance,214.90411149767658
result_only_coarsened_quantum.json,C107,C,C1,All,Inflated,FullQubo,Inflated FullQubo,total_route_duration,2855.9431208493065
result_only_coarsened_quantum.json,C107,C,C1,All,Inflated,FullQubo,Inflated FullQubo,total_service_time,1350.0
result_only_coarsened_quantum.json,C107,C,C1,All,Inflated,FullQubo,Inflated FullQubo,total_waiting_time,1291.0390093516296
result_only_coarsened_quantum.json,C107,C,C1,All,Inflated,AveragePartitionSolver,Inflated AveragePartitionSolver,capacity_violations,0.0
result_only_coarsened_quantum.json,C107,C,C1,All,Inflated,AveragePartitionSolver,Inflated AveragePartitionSolver,computation_time,2.687712167040445
result_only_coarsened_quantum.json,C107,C,C1,All,Inflated,AveragePartitionSolver,Inflated AveragePartitionSolver,num_vehicles,5.0
result_only_coarsened_quantum.json,C107,C,C1,All,Inflated,AveragePartitionSolver,Inflated AveragePartitionSolver,time_window_violations,0.0
result_only_coarsened_quantum.json,C107,C,C1,All,Inflated,AveragePartitionSolver,Inflated AveragePartitionSolver,total_demand_served,260.0
result_only_coarsened_quantum.json,C107,C,C1,All,Inflated,AveragePartitionSolver,Inflated AveragePartitionSolver,total_distance,270.0084819715747
result_only_coarsened_quantum.json,C107,C,C1,All,Inflated,AveragePartitionSolver,Inflated AveragePartitionSolver,total_route_duration,3007.5548080523035
result_only_coarsened_quantum.json,C107,C,C1,All,Inflated,AveragePartitionSolver,Inflated AveragePartitionSolver,total_service_time,1350.0
result_only_coarsened_quantum.json,C107,C,C1,All,Inflated,AveragePartitionSolver,Inflated AveragePartitionSolver,total_waiting_time,1387.546326080729
result_only_coarsened_quantum.json,C108,C,C1,All,Inflated,FullQubo,Inflated FullQubo,capacity_violations,0.0
result_only_coarsened_quantum.json,C108,C,C1,All,Inflated,FullQubo,Inflated FullQubo,computation_time,2.688496667018626
result_only_coarsened_quantum.json,C108,C,C1,All,Inflated,FullQubo,Inflated FullQubo,num_vehicles,4.0
result_only_coarsened_quantum.json,C108,C,C1,All,Inflated,FullQubo,Inflated FullQubo,time_window_violations,0.0
result_only_coarsened_quantum.json,C108,C,C1,All,Inflated,FullQubo,Inflated FullQubo,total_demand_served,260.0
result_only_coarsened_quantum.json,C108,C,C1,All,Inflated,FullQubo,Inflated FullQubo,total_distance,213.84837309398142
result_only_coarsened_quantum.json,C108,C,C1,All,Inflated,FullQubo,Inflated FullQubo,total_route_duration,3005.0847845528842
result_only_coarsened_quantum.json,C108,C,C1,All,Inflated,FullQubo,Inflated FullQubo,total_service_time,1350.0
result_only_coarsened_quantum.json,C108,C,C1,All,Inflated,FullQubo,Inflated FullQubo,total_waiting_time,1441.2364114589025
result_only_coarsened_quantum.json,C108,C,C1,All,Inflated,AveragePartitionSolver,Inflated AveragePartitionSolver,capacity_violations,0.0
result_only_coarsened_quantum.json,C108,C,C1,All,Inflated,AveragePartitionSolver,Inflated AveragePartitionSolver,computation_time,2.705633500008844
result_only_coarsened_quantum.json,C108,C,C1,All,Inflated,AveragePartitionSolver,Inflated AveragePartitionSolver,num_vehicles,4.0
result_only_coarsened_quantum.json,C108,C,C1,All,Inflated,AveragePartitionSolver,Inflated AveragePartitionSolver,time_window_violations,0.0
result_only_coarsened_quantum.json,C108,C,C1,All,Inflated,AveragePartitionSolver,Inflated AveragePartitionSolver,total_demand_served,260.0
result_only_coarsened_quantum.json,C108,C,C1,All,Inflated,AveragePartitionSolver,Inflated AveragePartitionSolver,total_distance,235.26156961062085
result_only_coarsened_quantum.json,C108,C,C1,All,Inflated,AveragePartitionSolver,Inflated AveragePartitionSolver,total_route_duration,2300.0189771289747
result_only_coarsened_quantum.json,C108,C,C1,All,Inflated,AveragePartitionSolver,Inflated AveragePartitionSolver,total_service_time,1350.0
result_only_coarsened_quantum.json,C108,C,C1,All,Inflated,AveragePartitionSolver,Inflated AveragePartitionSolver,total_waiting_time,714.7574075183538
result_only_coarsened_quantum.json,C109,C,C1,All,Inflated,FullQubo,Inflated FullQubo,capacity_violations,0.0
result_only_coarsened_quantum.json,C109,C,C1,All,Inflated,FullQubo,Inflated FullQubo,computation_time,2.7186587500036694
result_only_coarsened_quantum.json,C109,C,C1,All,Inflated,FullQubo,Inflated FullQubo,num_vehicles,4.0
result_only_coarsened_quantum.json,C109,C,C1,All,Inflated,FullQubo,Inflated FullQubo,time_window_violations,0.0
result_only_coarsened_quantum.json,C109,C,C1,All,Inflated,FullQubo,Inflated FullQubo,total_demand_served,260.0
result_only_coarsened_quantum.json,C109,C,C1,All,Inflated,FullQubo,Inflated FullQubo,total_distance,213.84837309398142
result_only_coarsened_quantum.json,C109,C,C1,All,Inflated,FullQubo,Inflated FullQubo,total_route_duration,2774.0847845528842
result_only_coarsened_quantum.json,C109,C,C1,All,Inflated,FullQubo,Inflated FullQubo,total_service_time,1350.0
result_only_coarsened_quantum.json,C109,C,C1,All,Inflated,FullQubo,Inflated FullQubo,total_waiting_time,1210.2364114589027
result_only_coarsened_quantum.json,C109,C,C1,All,Inflated,AveragePartitionSolver,Inflated AveragePartitionSolver,capacity_violations,0.0
result_only_coarsened_quantum.json,C109,C,C1,All,Inflated,AveragePartitionSolver,Inflated AveragePartitionSolver,computation_time,2.6796157500357367
result_only_coarsened_quantum.json,C109,C,C1,All,Inflated,AveragePartitionSolver,Inflated AveragePartitionSolver,num_vehicles,4.0
result_only_coarsened_quantum.json,C109,C,C1,All,Inflated,AveragePartitionSolver,Inflated AveragePartitionSolver,time_window_violations,0.0
result_only_coarsened_quantum.json,C109,C,C1,All,Inflated,AveragePartitionSolver,Inflated AveragePartitionSolver,total_demand_served,260.0
result_only_coarsened_quantum.json,C109,C,C1,All,Inflated,AveragePartitionSolver,Inflated AveragePartitionSolver,total_distance,243.43922854948568
result_only_coarsened_quantum.json,C109,C,C1,All,Inflated,AveragePartitionSolver,Inflated AveragePartitionSolver,total_route_duration,2256.4934146031355
result_only_coarsened_quantum.json,C109,C,C1,All,Inflated,AveragePartitionSolver,Inflated AveragePartitionSolver,total_service_time,1350.0
result_only_coarsened_quantum.json,C109,C,C1,All,Inflated,AveragePartitionSolver,Inflated AveragePartitionSolver,total_waiting_time,663.0541860536497
result_only_coarsened_quantum.json,C201,C,C2,All,Inflated,FullQubo,Inflated FullQubo,capacity_violations,0.0
result_only_coarsened_quantum.json,C201,C,C2,All,Inflated,FullQubo,Inflated FullQubo,computation_time,3.186862333037425
result_only_coarsened_quantum.json,C201,C,C2,All,Inflated,FullQubo,Inflated FullQubo,num_vehicles,3.0
result_only_coarsened_quantum.json,C201,C,C2,All,Inflated,FullQubo,Inflated FullQubo,time_window_violations,0.0
result_only_coarsened_quantum.json,C201,C,C2,All,Inflated,FullQubo,Inflated FullQubo,total_demand_served,260.0
result_only_coarsened_quantum.json,C201,C,C2,All,Inflated,FullQubo,Inflated FullQubo,total_distance,212.85664691295457
result_only_coarsened_quantum.json,C201,C,C2,All,Inflated,FullQubo,Inflated FullQubo,total_route_duration,7263.108523165527
result_only_coarsened_quantum.json,C201,C,C2,All,Inflated,FullQubo,Inflated FullQubo,total_service_time,1350.0
result_only_coarsened_quantum.json,C201,C,C2,All,Inflated,FullQubo,Inflated FullQubo,total_waiting_time,5700.251876252574
result_only_coarsened_quantum.json,C201,C,C2,All,Inflated,AveragePartitionSolver,Inflated AveragePartitionSolver,capacity_violations,0.0
result_only_coarsened_quantum.json,C201,C,C2,All,Inflated,AveragePartitionSolver,Inflated AveragePartitionSolver,computation_time,3.1944964170106687
result_only_coarsened_quantum.json,C201,C,C2,All,Inflated,AveragePartitionSolver,Inflated AveragePartitionSolver,num_vehicles,5.0
result_only_coarsened_quantum.json,C201,C,C2,All,Inflated,AveragePartitionSolver,Inflated AveragePartitionSolver,time_window_violations,0.0
result_only_coarsened_quantum.json,C201,C,C2,All,Inflated,AveragePartitionSolver,Inflated AveragePartitionSolver,total_demand_served,260.0
result_only_coarsened_quantum.json,C201,C,C2,All,Inflated,AveragePartitionSolver,Inflated AveragePartitionSolver,total_distance,323.05025924059174
result_only_coarsened_quantum.json,C201,C,C2,All,Inflated,AveragePartitionSolver,Inflated AveragePartitionSolver,total_route_duration,10401.212588048373
result_only_coarsened_quantum.json,C201,C,C2,All,Inflated,AveragePartitionSolver,Inflated AveragePartitionSolver,total_service_time,1350.0
result_only_coarsened_quantum.json,C201,C,C2,All,Inflated,AveragePartitionSolver,Inflated AveragePartitionSolver,total_waiting_time,8728.16232880778
result_only_coarsened_quantum.json,C202,C,C2,All,Inflated,FullQubo,Inflated FullQubo,capacity_violations,0.0
result_only_coarsened_quantum.json,C202,C,C2,All,Inflated,FullQubo,Inflated FullQubo,computation_time,3.2063225409947336
result_only_coarsened_quantum.json,C202,C,C2,All,Inflated,FullQubo,Inflated FullQubo,num_vehicles,4.0
result_only_coarsened_quantum.json,C202,C,C2,All,Inflated,FullQubo,Inflated FullQubo,time_window_violations,0.0
result_only_coarsened_quantum.json,C202,C,C2,All,Inflated,FullQubo,Inflated FullQubo,total_demand_served,260.0
result_only_coarsened_quantum.json,C202,C,C2,All,Inflated,FullQubo,Inflated FullQubo,total_distance,344.51414608243
result_only_coarsened_quantum.json,C202,C,C2,All,Inflated,FullQubo,Inflated FullQubo,total_route_duration,8696.438162844128
result_only_coarsened_quantum.json,C202,C,C2,All,Inflated,FullQubo,Inflated FullQubo,total_service_time,1350.0
result_only_coarsened_quantum.json,C202,C,C2,All,Inflated,FullQubo,Inflated FullQubo,total_waiting_time,7001.924016761697
result_only_coarsened_quantum.json,C202,C,C2,All,Inflated,AveragePartitionSolver,Inflated AveragePartitionSolver,capacity_violations,0.0
result_only_coarsened_quantum.json,C202,C,C2,All,Inflated,AveragePartitionSolver,Inflated AveragePartitionSolver,computation_time,3.210637249983847
result_only_coarsened_quantum.json,C202,C,C2,All,Inflated,AveragePartitionSolver,Inflated AveragePartitionSolver,num_vehicles,3.0
result_only_coarsened_quantum.json,C202,C,C2,All,Inflated,AveragePartitionSolver,Inflated AveragePartitionSolver,time_window_violations,0.0
result_only_coarsened_quantum.json,C202,C,C2,All,Inflated,AveragePartitionSolver,Inflated AveragePartitionSolver,total_demand_served,260.0
result_only_coarsened_quantum.json,C202,C,C2,All,Inflated,AveragePartitionSolver,Inflated AveragePartitionSolver,total_distance,291.60676222964577
result_only_coarsened_quantum.json,C202,C,C2,All,Inflated,AveragePartitionSolver,Inflated AveragePartitionSolver,total_route_duration,5766.2086577712
result_only_coarsened_quantum.json,C202,C,C2,All,Inflated,AveragePartitionSolver,Inflated AveragePartitionSolver,total_service_time,1350.0
result_only_coarsened_quantum.json,C202,C,C2,All,Inflated,AveragePartitionSolver,Inflated AveragePartitionSolver,total_waiting_time,4124.601895541553
result_only_coarsened_quantum.json,C203,C,C2,All,Inflated,FullQubo,Inflated FullQubo,capacity_violations,0.0
result_only_coarsened_quantum.json,C203,C,C2,All,Inflated,FullQubo,Inflated FullQubo,computation_time,3.193241916014813
result_only_coarsened_quantum.json,C203,C,C2,All,Inflated,FullQubo,Inflated FullQubo,num_vehicles,4.0
result_only_coarsened_quantum.json,C203,C,C2,All,Inflated,FullQubo,Inflated FullQubo,time_window_violations,0.0
result_only_coarsened_quantum.json,C203,C,C2,All,Inflated,FullQubo,Inflated FullQubo,total_demand_served,260.0
result_only_coarsened_quantum.json,C203,C,C2,All,Inflated,FullQubo,Inflated FullQubo,total_distance,282.50952098612385
result_only_coarsened_quantum.json,C203,C,C2,All,Inflated,FullQubo,Inflated FullQubo,total_route_duration,10083.286822652502
result_only_coarsened_quantum.json,C203,C,C2,All,Inflated,FullQubo,Inflated FullQubo,total_service_time,1350.0
result_only_coarsened_quantum.json,C203,C,C2,All,Inflated,FullQubo,Inflated FullQubo,total_waiting_time,8450.77730166638
result_only_coarsened_quantum.json,C203,C,C2,All,Inflated,AveragePartitionSolver,Inflated AveragePartitionSolver,capacity_violations,0.0
result_only_coarsened_quantum.json,C203,C,C2,All,Inflated,AveragePartitionSolver,Inflated AveragePartitionSolver,computation_time,3.190463666978758
result_only_coarsened_quantum.json,C203,C,C2,All,Inflated,AveragePartitionSolver,Inflated AveragePartitionSolver,num_vehicles,4.0
result_only_coarsened_quantum.json,C203,C,C2,All,Inflated,AveragePartitionSolver,Inflated AveragePartitionSolver,time_window_violations,0.0
result_only_coarsened_quantum.json,C203,C,C2,All,Inflated,AveragePartitionSolver,Inflated AveragePartitionSolver,total_demand_served,260.0
result_only_coarsened_quantum.json,C203,C,C2,All,Inflated,AveragePartitionSolver,Inflated AveragePartitionSolver,total_distance,301.04075309319376
result_only_coarsened_quantum.json,C203,C,C2,All,Inflated,AveragePartitionSolver,Inflated AveragePartitionSolver,total_route_duration,9240.576856404054
result_only_coarsened_quantum.json,C203,C,C2,All,Inflated,AveragePartitionSolver,Inflated AveragePartitionSolver,total_service_time,1350.0
result_only_coarsened_quantum.json,C203,C,C2,All,Inflated,AveragePartitionSolver,Inflated AveragePartitionSolver,total_waiting_time,7589.536103310862
result_only_coarsened_quantum.json,C204,C,C2,All,Inflated,FullQubo,Inflated FullQubo,capacity_violations,0.0
result_only_coarsened_quantum.json,C204,C,C2,All,Inflated,FullQubo,Inflated FullQubo,computation_time,2.2831317909876816
result_only_coarsened_quantum.json,C204,C,C2,All,Inflated,FullQubo,Inflated FullQubo,num_vehicles,3.0
result_only_coarsened_quantum.json,C204,C,C2,All,Inflated,FullQubo,Inflated FullQubo,time_window_violations,0.0
result_only_coarsened_quantum.json,C204,C,C2,All,Inflated,FullQubo,Inflated FullQubo,total_demand_served,260.0
result_only_coarsened_quantum.json,C204,C,C2,All,Inflated,FullQubo,Inflated FullQubo,total_distance,271.64725055586507
result_only_coarsened_quantum.json,C204,C,C2,All,Inflated,FullQubo,Inflated FullQubo,total_route_duration,8322.185697907444
result_only_coarsened_quantum.json,C204,C,C2,All,Inflated,FullQubo,Inflated FullQubo,total_service_time,1350.0
result_only_coarsened_quantum.json,C204,C,C2,All,Inflated,FullQubo,Inflated FullQubo,total_waiting_time,6700.538447351578
result_only_coarsened_quantum.json,C204,C,C2,All,Inflated,AveragePartitionSolver,Inflated AveragePartitionSolver,capacity_violations,0.0
result_only_coarsened_quantum.json,C204,C,C2,All,Inflated,AveragePartitionSolver,Inflated AveragePartitionSolver,computation_time,2.281978666957002
result_only_coarsened_quantum.json,C204,C,C2,All,Inflated,AveragePartitionSolver,Inflated AveragePartitionSolver,num_vehicles,3.0
result_only_coarsened_quantum.json,C204,C,C2,All,Inflated,AveragePartitionSolver,Inflated AveragePartitionSolver,time_window_violations,0.0
result_only_coarsened_quantum.json,C204,C,C2,All,Inflated,AveragePartitionSolver,Inflated AveragePartitionSolver,total_demand_served,260.0
result_only_coarsened_quantum.json,C204,C,C2,All,Inflated,AveragePartitionSolver,Inflated AveragePartitionSolver,total_distance,267.0902209563071
result_only_coarsened_quantum.json,C204,C,C2,All,Inflated,AveragePartitionSolver,Inflated AveragePartitionSolver,total_route_duration,8451.277859521815
result_only_coarsened_quantum.json,C204,C,C2,All,Inflated,AveragePartitionSolver,Inflated AveragePartitionSolver,total_service_time,1350.0
result_only_coarsened_quantum.json,C204,C,C2,All,Inflated,AveragePartitionSolver,Inflated AveragePartitionSolver,total_waiting_time,6834.187638565509
result_only_coarsened_quantum.json,C205,C,C2,All,Inflated,FullQubo,Inflated FullQubo,capacity_violations,0.0
result_only_coarsened_quantum.json,C205,C,C2,All,Inflated,FullQubo,Inflated FullQubo,computation_time,2.255052333988715
result_only_coarsened_quantum.json,C205,C,C2,All,Inflated,FullQubo,Inflated FullQubo,num_vehicles,2.0
result_only_coarsened_quantum.json,C205,C,C2,All,Inflated,FullQubo,Inflated FullQubo,time_window_violations,0.0
result_only_coarsened_quantum.json,C205,C,C2,All,Inflated,FullQubo,Inflated FullQubo,total_demand_served,260.0
result_only_coarsened_quantum.json,C205,C,C2,All,Inflated,FullQubo,Inflated FullQubo,total_distance,289.1603785726303
result_only_coarsened_quantum.json,C205,C,C2,All,Inflated,FullQubo,Inflated FullQubo,total_route_duration,5551.624283353876
result_only_coarsened_quantum.json,C205,C,C2,All,Inflated,FullQubo,Inflated FullQubo,total_service_time,1350.0
result_only_coarsened_quantum.json,C205,C,C2,All,Inflated,FullQubo,Inflated FullQubo,total_waiting_time,3912.463904781246
result_only_coarsened_quantum.json,C205,C,C2,All,Inflated,AveragePartitionSolver,Inflated AveragePartitionSolver,capacity_violations,0.0
result_only_coarsened_quantum.json,C205,C,C2,All,Inflated,AveragePartitionSolver,Inflated AveragePartitionSolver,computation_time,2.2560420830268413
result_only_coarsened_quantum.json,C205,C,C2,All,Inflated,AveragePartitionSolver,Inflated AveragePartitionSolver,num_vehicles,3.0
result_only_coarsened_quantum.json,C205,C,C2,All,Inflated,AveragePartitionSolver,Inflated AveragePartitionSolver,time_window_violations,0.0
result_only_coarsened_quantum.json,C205,C,C2,All,Inflated,AveragePartitionSolver,Inflated AveragePartitionSolver,total_demand_served,260.0
result_only_coarsened_quantum.json,C205,C,C2,All,Inflated,AveragePartitionSolver,Inflated AveragePartitionSolver,total_distance,280.37212004459735
result_only_coarsened_quantum.json,C205,C,C2,All,Inflated,AveragePartitionSolver,Inflated AveragePartitionSolver,total_route_duration,6848.236780303607
result_only_coarsened_quantum.json,C205,C,C2,All,Inflated,AveragePartitionSolver,Inflated AveragePartitionSolver,total_service_time,1350.0
result_only_coarsened_quantum.json,C205,C,C2,All,Inflated,AveragePartitionSolver,Inflated AveragePartitionSolver,total_waiting_time,5217.864660259011
result_only_coarsened_quantum.json,C206,C,C2,All,Inflated,FullQubo,Inflated FullQubo,capacity_violations,0.0
result_only_coarsened_quantum.json,C206,C,C2,All,Inflated,FullQubo,Inflated FullQubo,computation_time,2.250362833030522
result_only_coarsened_quantum.json,C206,C,C2,All,Inflated,FullQubo,Inflated FullQubo,num_vehicles,2.0
result_only_coarsened_quantum.json,C206,C,C2,All,Inflated,FullQubo,Inflated FullQubo,time_window_violations,0.0
result_only_coarsened_quantum.json,C206,C,C2,All,Inflated,FullQubo,Inflated FullQubo,total_demand_served,260.0
result_only_coarsened_quantum.json,C206,C,C2,All,Inflated,FullQubo,Inflated FullQubo,total_distance,275.4464273437836
result_only_coarsened_quantum.json,C206,C,C2,All,Inflated,FullQubo,Inflated FullQubo,total_route_duration,5382.624283353876
result_only_coarsened_quantum.json,C206,C,C2,All,Inflated,FullQubo,Inflated FullQubo,total_service_time,1350.0
result_only_coarsened_quantum.json,C206,C,C2,All,Inflated,FullQubo,Inflated FullQubo,total_waiting_time,3757.177856010093
result_only_coarsened_quantum.json,C206,C,C2,All,Inflated,AveragePartitionSolver,Inflated AveragePartitionSolver,capacity_violations,0.0
result_only_coarsened_quantum.json,C206,C,C2,All,Inflated,AveragePartitionSolver,Inflated AveragePartitionSolver,computation_time,2.2567820840049535
result_only_coarsened_quantum.json,C206,C,C2,All,Inflated,AveragePartitionSolver,Inflated AveragePartitionSolver,num_vehicles,3.0
result_only_coarsened_quantum.json,C206,C,C2,All,Inflated,AveragePartitionSolver,Inflated AveragePartitionSolver,time_window_violations,0.0
result_only_coarsened_quantum.json,C206,C,C2,All,Inflated,AveragePartitionSolver,Inflated AveragePartitionSolver,total_demand_served,260.0
result_only_coarsened_quantum.json,C206,C,C2,All,Inflated,AveragePartitionSolver,Inflated AveragePartitionSolver,total_distance,295.2137363399005
result_only_coarsened_quantum.json,C206,C,C2,All,Inflated,AveragePartitionSolver,Inflated AveragePartitionSolver,total_route_duration,6652.236780303608
result_only_coarsened_quantum.json,C206,C,C2,All,Inflated,AveragePartitionSolver,Inflated AveragePartitionSolver,total_service_time,1350.0
result_only_coarsened_quantum.json,C206,C,C2,All,Inflated,AveragePartitionSolver,Inflated AveragePartitionSolver,total_waiting_time,5007.023043963707
result_only_coarsened_quantum.json,C207,C,C2,All,Inflated,FullQubo,Inflated FullQubo,capacity_violations,0.0
result_only_coarsened_quantum.json,C207,C,C2,All,Inflated,FullQubo,Inflated FullQubo,computation_time,3.195126916980371
result_only_coarsened_quantum.json,C207,C,C2,All,Inflated,FullQubo,Inflated FullQubo,num_vehicles,3.0
result_only_coarsened_quantum.json,C207,C,C2,All,Inflated,FullQubo,Inflated FullQubo,time_window_violations,0.0
result_only_coarsened_quantum.json,C207,C,C2,All,Inflated,FullQubo,Inflated FullQubo,total_demand_served,260.0
result_only_coarsened_quantum.json,C207,C,C2,All,Inflated,FullQubo,Inflated FullQubo,total_distance,258.17614303754755
result_only_coarsened_quantum.json,C207,C,C2,All,Inflated,FullQubo,Inflated FullQubo,total_route_duration,3386.7344694571657
result_only_coarsened_quantum.json,C207,C,C2,All,Inflated,FullQubo,Inflated FullQubo,total_service_time,1350.0
result_only_coarsened_quantum.json,C207,C,C2,All,Inflated,FullQubo,Inflated FullQubo,total_waiting_time,1778.5583264196184
result_only_coarsened_quantum.json,C207,C,C2,All,Inflated,AveragePartitionSolver,Inflated AveragePartitionSolver,capacity_violations,0.0
result_only_coarsened_quantum.json,C207,C,C2,All,Inflated,AveragePartitionSolver,Inflated AveragePartitionSolver,computation_time,3.196015458961483
result_only_coarsened_quantum.json,C207,C,C2,All,Inflated,AveragePartitionSolver,Inflated AveragePartitionSolver,num_vehicles,4.0
result_only_coarsened_quantum.json,C207,C,C2,All,Inflated,AveragePartitionSolver,Inflated AveragePartitionSolver,time_window_violations,0.0
result_only_coarsened_quantum.json,C207,C,C2,All,Inflated,AveragePartitionSolver,Inflated AveragePartitionSolver,total_demand_served,260.0
result_only_coarsened_quantum.json,C207,C,C2,All,Inflated,AveragePartitionSolver,Inflated AveragePartitionSolver,total_distance,295.1873035001524
result_only_coarsened_quantum.json,C207,C,C2,All,Inflated,AveragePartitionSolver,Inflated AveragePartitionSolver,total_route_duration,6570.479616446817
result_only_coarsened_quantum.json,C207,C,C2,All,Inflated,AveragePartitionSolver,Inflated AveragePartitionSolver,total_service_time,1350.0
result_only_coarsened_quantum.json,C207,C,C2,All,Inflated,AveragePartitionSolver,Inflated AveragePartitionSolver,total_waiting_time,4925.292312946665
result_only_coarsened_quantum.json,C208,C,C2,All,Inflated,FullQubo,Inflated FullQubo,capacity_violations,0.0
result_only_coarsened_quantum.json,C208,C,C2,All,Inflated,FullQubo,Inflated FullQubo,computation_time,2.250546708004549
result_only_coarsened_quantum.json,C208,C,C2,All,Inflated,FullQubo,Inflated FullQubo,num_vehicles,3.0
result_only_coarsened_quantum.json,C208,C,C2,All,Inflated,FullQubo,Inflated FullQubo,time_window_violations,0.0
result_only_coarsened_quantum.json,C208,C,C2,All,Inflated,FullQubo,Inflated FullQubo,total_demand_served,260.0
result_only_coarsened_quantum.json,C208,C,C2,All,Inflated,FullQubo,Inflated FullQubo,total_distance,254.05016031606186
result_only_coarsened_quantum.json,C208,C,C2,All,Inflated,FullQubo,Inflated FullQubo,total_route_duration,5603.922504635223
result_only_coarsened_quantum.json,C208,C,C2,All,Inflated,FullQubo,Inflated FullQubo,total_service_time,1350.0
result_only_coarsened_quantum.json,C208,C,C2,All,Inflated,FullQubo,Inflated FullQubo,total_waiting_time,3999.872344319161
result_only_coarsened_quantum.json,C208,C,C2,All,Inflated,AveragePartitionSolver,Inflated AveragePartitionSolver,capacity_violations,0.0
result_only_coarsened_quantum.json,C208,C,C2,All,Inflated,AveragePartitionSolver,Inflated AveragePartitionSolver,computation_time,2.253702833026182
result_only_coarsened_quantum.json,C208,C,C2,All,Inflated,AveragePartitionSolver,Inflated AveragePartitionSolver,num_vehicles,4.0
result_only_coarsened_quantum.json,C208,C,C2,All,Inflated,AveragePartitionSolver,Inflated AveragePartitionSolver,time_window_violations,0.0
result_only_coarsened_quantum.json,C208,C,C2,All,Inflated,AveragePartitionSolver,Inflated AveragePartitionSolver,total_demand_served,260.0
result_only_coarsened_quantum.json,C208,C,C2,All,Inflated,AveragePartitionSolver,Inflated AveragePartitionSolver,total_distance,296.32630962047404
result_only_coarsened_quantum.json,C208,C,C2,All,Inflated,AveragePartitionSolver,Inflated AveragePartitionSolver,total_route_duration,6695.533652663641
result_only_coarsened_quantum.json,C208,C,C2,All,Inflated,AveragePartitionSolver,Inflated AveragePartitionSolver,total_service_time,1350.0
result_only_coarsened_quantum.json,C208,C,C2,All,Inflated,AveragePartitionSolver,Inflated AveragePartitionSolver,total_waiting_time,5049.2073430431665
result_only_coarsened_quantum.json,R101,R,R1,All,Inflated,FullQubo,Inflated FullQubo,capacity_violations,0.0
result_only_coarsened_quantum.json,R101,R,R1,All,Inflated,FullQubo,Inflated FullQubo,computation_time,9.101858999987599
result_only_coarsened_quantum.json,R101,R,R1,All,Inflated,FullQubo,Inflated FullQubo,num_vehicles,6.0
result_only_coarsened_quantum.json,R101,R,R1,All,Inflated,FullQubo,Inflated FullQubo,time_window_violations,1.0
result_only_coarsened_quantum.json,R101,R,R1,All,Inflated,FullQubo,Inflated FullQubo,total_demand_served,206.0
result_only_coarsened_quantum.json,R101,R,R1,All,Inflated,FullQubo,Inflated FullQubo,total_distance,422.1421993865937
result_only_coarsened_quantum.json,R101,R,R1,All,Inflated,FullQubo,Inflated FullQubo,total_route_duration,956.0837083297336
result_only_coarsened_quantum.json,R101,R,R1,All,Inflated,FullQubo,Inflated FullQubo,total_service_time,150.0
result_only_coarsened_quantum.json,R101,R,R1,All,Inflated,FullQubo,Inflated FullQubo,total_waiting_time,383.94150894313987
result_only_coarsened_quantum.json,R101,R,R1,All,Inflated,AveragePartitionSolver,Inflated AveragePartitionSolver,capacity_violations,0.0
result_only_coarsened_quantum.json,R101,R,R1,All,Inflated,AveragePartitionSolver,Inflated AveragePartitionSolver,computation_time,9.190366750000976
result_only_coarsened_quantum.json,R101,R,R1,All,Inflated,AveragePartitionSolver,Inflated AveragePartitionSolver,num_vehicles,6.0
result_only_coarsened_quantum.json,R101,R,R1,All,Inflated,AveragePartitionSolver,Inflated AveragePartitionSolver,time_window_violations,5.0
result_only_coarsened_quantum.json,R101,R,R1,All,Inflated,AveragePartitionSolver,Inflated AveragePartitionSolver,total_demand_served,206.0
result_only_coarsened_quantum.json,R101,R,R1,All,Inflated,AveragePartitionSolver,Inflated AveragePartitionSolver,total_distance,453.5241316947116
result_only_coarsened_quantum.json,R101,R,R1,All,Inflated,AveragePartitionSolver,Inflated AveragePartitionSolver,total_route_duration,937.6849185806716
result_only_coarsened_quantum.json,R101,R,R1,All,Inflated,AveragePartitionSolver,Inflated AveragePartitionSolver,total_service_time,150.0
result_only_coarsened_quantum.json,R101,R,R1,All,Inflated,AveragePartitionSolver,Inflated AveragePartitionSolver,total_waiting_time,334.16078688596014
result_only_coarsened_quantum.json,R102,R,R1,All,Inflated,FullQubo,Inflated FullQubo,capacity_violations,0.0
result_only_coarsened_quantum.json,R102,R,R1,All,Inflated,FullQubo,Inflated FullQubo,computation_time,3.832274916989263
result_only_coarsened_quantum.json,R102,R,R1,All,Inflated,FullQubo,Inflated FullQubo,num_vehicles,3.0
result_only_coarsened_quantum.json,R102,R,R1,All,Inflated,FullQubo,Inflated FullQubo,time_window_violations,6.0
result_only_coarsened_quantum.json,R102,R,R1,All,Inflated,FullQubo,Inflated FullQubo,total_demand_served,206.0
result_only_coarsened_quantum.json,R102,R,R1,All,Inflated,FullQubo,Inflated FullQubo,total_distance,377.9992717319666
result_only_coarsened_quantum.json,R102,R,R1,All,Inflated,FullQubo,Inflated FullQubo,total_route_duration,676.6069503687108
result_only_coarsened_quantum.json,R102,R,R1,All,Inflated,FullQubo,Inflated FullQubo,total_service_time,150.0
result_only_coarsened_quantum.json,R102,R,R1,All,Inflated,FullQubo,Inflated FullQubo,total_waiting_time,148.60767863674423
result_only_coarsened_quantum.json,R102,R,R1,All,Inflated,AveragePartitionSolver,Inflated AveragePartitionSolver,capacity_violations,0.0
result_only_coarsened_quantum.json,R102,R,R1,All,Inflated,AveragePartitionSolver,Inflated AveragePartitionSolver,computation_time,3.8076949160313234
result_only_coarsened_quantum.json,R102,R,R1,All,Inflated,AveragePartitionSolver,Inflated AveragePartitionSolver,num_vehicles,4.0
result_only_coarsened_quantum.json,R102,R,R1,All,Inflated,AveragePartitionSolver,Inflated AveragePartitionSolver,time_window_violations,3.0
result_only_coarsened_quantum.json,R102,R,R1,All,Inflated,AveragePartitionSolver,Inflated AveragePartitionSolver,total_demand_served,206.0
result_only_coarsened_quantum.json,R102,R,R1,All,Inflated,AveragePartitionSolver,Inflated AveragePartitionSolver,total_distance,356.264728580747
result_only_coarsened_quantum.json,R102,R,R1,All,Inflated,AveragePartitionSolver,Inflated AveragePartitionSolver,total_route_duration,730.5665960228034
result_only_coarsened_quantum.json,R102,R,R1,All,Inflated,AveragePartitionSolver,Inflated AveragePartitionSolver,total_service_time,150.0
result_only_coarsened_quantum.json,R102,R,R1,All,Inflated,AveragePartitionSolver,Inflated AveragePartitionSolver,total_waiting_time,224.30186744205645
result_only_coarsened_quantum.json,R103,R,R1,All,Inflated,FullQubo,Inflated FullQubo,capacity_violations,0.0
result_only_coarsened_quantum.json,R103,R,R1,All,Inflated,FullQubo,Inflated FullQubo,computation_time,3.761698249960318
result_only_coarsened_quantum.json,R103,R,R1,All,Inflated,FullQubo,Inflated FullQubo,num_vehicles,4.0
result_only_coarsened_quantum.json,R103,R,R1,All,Inflated,FullQubo,Inflated FullQubo,time_window_violations,4.0
result_only_coarsened_quantum.json,R103,R,R1,All,Inflated,FullQubo,Inflated FullQubo,total_demand_served,206.0
result_only_coarsened_quantum.json,R103,R,R1,All,Inflated,FullQubo,Inflated FullQubo,total_distance,426.063587464118
result_only_coarsened_quantum.json,R103,R,R1,All,Inflated,FullQubo,Inflated FullQubo,total_route_duration,817.068841750213
result_only_coarsened_quantum.json,R103,R,R1,All,Inflated,FullQubo,Inflated FullQubo,total_service_time,150.0
result_only_coarsened_quantum.json,R103,R,R1,All,Inflated,FullQubo,Inflated FullQubo,total_waiting_time,241.00525428609504
result_only_coarsened_quantum.json,R103,R,R1,All,Inflated,AveragePartitionSolver,Inflated AveragePartitionSolver,capacity_violations,0.0
result_only_coarsened_quantum.json,R103,R,R1,All,Inflated,AveragePartitionSolver,Inflated AveragePartitionSolver,computation_time,3.812214917037636
result_only_coarsened_quantum.json,R103,R,R1,All,Inflated,AveragePartitionSolver,Inflated AveragePartitionSolver,num_vehicles,5.0
result_only_coarsened_quantum.json,R103,R,R1,All,Inflated,AveragePartitionSolver,Inflated AveragePartitionSolver,time_window_violations,3.0
result_only_coarsened_quantum.json,R103,R,R1,All,Inflated,AveragePartitionSolver,Inflated AveragePartitionSolver,total_demand_served,206.0
result_only_coarsened_quantum.json,R103,R,R1,All,Inflated,AveragePartitionSolver,Inflated AveragePartitionSolver,total_distance,401.60073528862426
result_only_coarsened_quantum.json,R103,R,R1,All,Inflated,AveragePartitionSolver,Inflated AveragePartitionSolver,total_route_duration,876.7033677010703
result_only_coarsened_quantum.json,R103,R,R1,All,Inflated,AveragePartitionSolver,Inflated AveragePartitionSolver,total_service_time,150.0
result_only_coarsened_quantum.json,R103,R,R1,All,Inflated,AveragePartitionSolver,Inflated AveragePartitionSolver,total_waiting_time,325.1026324124462
result_only_coarsened_quantum.json,R104,R,R1,All,Inflated,FullQubo,Inflated FullQubo,capacity_violations,0.0
result_only_coarsened_quantum.json,R104,R,R1,All,Inflated,FullQubo,Inflated FullQubo,computation_time,2.746644250000827
result_only_coarsened_quantum.json,R104,R,R1,All,Inflated,FullQubo,Inflated FullQubo,num_vehicles,5.0
result_only_coarsened_quantum.json,R104,R,R1,All,Inflated,FullQubo,Inflated FullQubo,time_window_violations,0.0
result_only_coarsened_quantum.json,R104,R,R1,All,Inflated,FullQubo,Inflated FullQubo,total_demand_served,206.0
result_only_coarsened_quantum.json,R104,R,R1,All,Inflated,FullQubo,Inflated FullQubo,total_distance,378.615866054354
result_only_coarsened_quantum.json,R104,R,R1,All,Inflated,FullQubo,Inflated FullQubo,total_route_duration,849.6746492272622
result_only_coarsened_quantum.json,R104,R,R1,All,Inflated,FullQubo,Inflated FullQubo,total_service_time,150.0
result_only_coarsened_quantum.json,R104,R,R1,All,Inflated,FullQubo,Inflated FullQubo,total_waiting_time,321.0587831729083
result_only_coarsened_quantum.json,R104,R,R1,All,Inflated,AveragePartitionSolver,Inflated AveragePartitionSolver,capacity_violations,0.0
result_only_coarsened_quantum.json,R104,R,R1,All,Inflated,AveragePartitionSolver,Inflated AveragePartitionSolver,computation_time,2.7472137079457752
result_only_coarsened_quantum.json,R104,R,R1,All,Inflated,AveragePartitionSolver,Inflated AveragePartitionSolver,num_vehicles,3.0
result_only_coarsened_quantum.json,R104,R,R1,All,Inflated,AveragePartitionSolver,Inflated AveragePartitionSolver,time_window_violations,3.0
result_only_coarsened_quantum.json,R104,R,R1,All,Inflated,AveragePartitionSolver,Inflated AveragePartitionSolver,total_demand_served,206.0
result_only_coarsened_quantum.json,R104,R,R1,All,Inflated,AveragePartitionSolver,Inflated AveragePartitionSolver,total_distance,329.7706675387168
result_only_coarsened_quantum.json,R104,R,R1,All,Inflated,AveragePartitionSolver,Inflated AveragePartitionSolver,total_route_duration,597.7797951982361
result_only_coarsened_quantum.json,R104,R,R1,All,Inflated,AveragePartitionSolver,Inflated AveragePartitionSolver,total_service_time,150.0
result_only_coarsened_quantum.json,R104,R,R1,All,Inflated,AveragePartitionSolver,Inflated AveragePartitionSolver,total_waiting_time,118.00912765951938
result_only_coarsened_quantum.json,R105,R,R1,All,Inflated,FullQubo,Inflated FullQubo,capacity_violations,0.0
result_only_coarsened_quantum.json,R105,R,R1,All,Inflated,FullQubo,Inflated FullQubo,computation_time,2.755699832981918
result_only_coarsened_quantum.json,R105,R,R1,All,Inflated,FullQubo,Inflated FullQubo,num_vehicles,3.0
result_only_coarsened_quantum.json,R105,R,R1,All,Inflated,FullQubo,Inflated FullQubo,time_window_violations,5.0
result_only_coarsened_quantum.json,R105,R,R1,All,Inflated,FullQubo,Inflated FullQubo,total_demand_served,206.0
result_only_coarsened_quantum.json,R105,R,R1,All,Inflated,FullQubo,Inflated FullQubo,total_distance,392.31170504099504
result_only_coarsened_quantum.json,R105,R,R1,All,Inflated,FullQubo,Inflated FullQubo,total_route_duration,653.8687836477084
result_only_coarsened_quantum.json,R105,R,R1,All,Inflated,FullQubo,Inflated FullQubo,total_service_time,150.0
result_only_coarsened_quantum.json,R105,R,R1,All,Inflated,FullQubo,Inflated FullQubo,total_waiting_time,111.5570786067133
result_only_coarsened_quantum.json,R105,R,R1,All,Inflated,AveragePartitionSolver,Inflated AveragePartitionSolver,capacity_violations,0.0
result_only_coarsened_quantum.json,R105,R,R1,All,Inflated,AveragePartitionSolver,Inflated AveragePartitionSolver,computation_time,2.763756625005044
result_only_coarsened_quantum.json,R105,R,R1,All,Inflated,AveragePartitionSolver,Inflated AveragePartitionSolver,num_vehicles,4.0
result_only_coarsened_quantum.json,R105,R,R1,All,Inflated,AveragePartitionSolver,Inflated AveragePartitionSolver,time_window_violations,0.0
result_only_coarsened_quantum.json,R105,R,R1,All,Inflated,AveragePartitionSolver,Inflated AveragePartitionSolver,total_demand_served,206.0
result_only_coarsened_quantum.json,R105,R,R1,All,Inflated,AveragePartitionSolver,Inflated AveragePartitionSolver,total_distance,379.3714355528538
result_only_coarsened_quantum.json,R105,R,R1,All,Inflated,AveragePartitionSolver,Inflated AveragePartitionSolver,total_route_duration,696.3623487797378
result_only_coarsened_quantum.json,R105,R,R1,All,Inflated,AveragePartitionSolver,Inflated AveragePartitionSolver,total_service_time,150.0
result_only_coarsened_quantum.json,R105,R,R1,All,Inflated,AveragePartitionSolver,Inflated AveragePartitionSolver,total_waiting_time,166.9909132268839
result_only_coarsened_quantum.json,R106,R,R1,All,Inflated,FullQubo,Inflated FullQubo,capacity_violations,0.0
result_only_coarsened_quantum.json,R106,R,R1,All,Inflated,FullQubo,Inflated FullQubo,computation_time,3.791598041949328
result_only_coarsened_quantum.json,R106,R,R1,All,Inflated,FullQubo,Inflated FullQubo,num_vehicles,4.0
result_only_coarsened_quantum.json,R106,R,R1,All,Inflated,FullQubo,Inflated FullQubo,time_window_violations,1.0
result_only_coarsened_quantum.json,R106,R,R1,All,Inflated,FullQubo,Inflated FullQubo,total_demand_served,206.0
result_only_coarsened_quantum.json,R106,R,R1,All,Inflated,FullQubo,Inflated FullQubo,total_distance,409.1698479252242
result_only_coarsened_quantum.json,R106,R,R1,All,Inflated,FullQubo,Inflated FullQubo,total_route_duration,708.0635163874776
result_only_coarsened_quantum.json,R106,R,R1,All,Inflated,FullQubo,Inflated FullQubo,total_service_time,150.0
result_only_coarsened_quantum.json,R106,R,R1,All,Inflated,FullQubo,Inflated FullQubo,total_waiting_time,148.89366846225352
result_only_coarsened_quantum.json,R106,R,R1,All,Inflated,AveragePartitionSolver,Inflated AveragePartitionSolver,capacity_violations,0.0
result_only_coarsened_quantum.json,R106,R,R1,All,Inflated,AveragePartitionSolver,Inflated AveragePartitionSolver,computation_time,3.7721875840215944
result_only_coarsened_quantum.json,R106,R,R1,All,Inflated,AveragePartitionSolver,Inflated AveragePartitionSolver,num_vehicles,3.0
result_only_coarsened_quantum.json,R106,R,R1,All,Inflated,AveragePartitionSolver,Inflated AveragePartitionSolver,time_window_violations,5.0
result_only_coarsened_quantum.json,R106,R,R1,All,Inflated,AveragePartitionSolver,Inflated AveragePartitionSolver,total_demand_served,206.0
result_only_coarsened_quantum.json,R106,R,R1,All,Inflated,AveragePartitionSolver,Inflated AveragePartitionSolver,total_distance,380.45122984778294
result_only_coarsened_quantum.json,R106,R,R1,All,Inflated,AveragePartitionSolver,Inflated AveragePartitionSolver,total_route_duration,630.2439241530349
result_only_coarsened_quantum.json,R106,R,R1,All,Inflated,AveragePartitionSolver,Inflated AveragePartitionSolver,total_service_time,150.0
result_only_coarsened_quantum.json,R106,R,R1,All,Inflated,AveragePartitionSolver,Inflated AveragePartitionSolver,total_waiting_time,99.79269430525204
result_only_coarsened_quantum.json,R107,R,R1,All,Inflated,FullQubo,Inflated FullQubo,capacity_violations,0.0
result_only_coarsened_quantum.json,R107,R,R1,All,Inflated,FullQubo,Inflated FullQubo,computation_time,3.793843832972925
result_only_coarsened_quantum.json,R107,R,R1,All,Inflated,FullQubo,Inflated FullQubo,num_vehicles,4.0
result_only_coarsened_quantum.json,R107,R,R1,All,Inflated,FullQubo,Inflated FullQubo,time_window_violations,3.0
result_only_coarsened_quantum.json,R107,R,R1,All,Inflated,FullQubo,Inflated FullQubo,total_demand_served,206.0
result_only_coarsened_quantum.json,R107,R,R1,All,Inflated,FullQubo,Inflated FullQubo,total_distance,407.9597382189472
result_only_coarsened_quantum.json,R107,R,R1,All,Inflated,FullQubo,Inflated FullQubo,total_route_duration,761.8377854940363
result_only_coarsened_quantum.json,R107,R,R1,All,Inflated,FullQubo,Inflated FullQubo,total_service_time,150.0
result_only_coarsened_quantum.json,R107,R,R1,All,Inflated,FullQubo,Inflated FullQubo,total_waiting_time,203.87804727508927
result_only_coarsened_quantum.json,R107,R,R1,All,Inflated,AveragePartitionSolver,Inflated AveragePartitionSolver,capacity_violations,0.0
result_only_coarsened_quantum.json,R107,R,R1,All,Inflated,AveragePartitionSolver,Inflated AveragePartitionSolver,computation_time,3.7963883339543827
result_only_coarsened_quantum.json,R107,R,R1,All,Inflated,AveragePartitionSolver,Inflated AveragePartitionSolver,num_vehicles,4.0
result_only_coarsened_quantum.json,R107,R,R1,All,Inflated,AveragePartitionSolver,Inflated AveragePartitionSolver,time_window_violations,4.0
result_only_coarsened_quantum.json,R107,R,R1,All,Inflated,AveragePartitionSolver,Inflated AveragePartitionSolver,total_demand_served,206.0
result_only_coarsened_quantum.json,R107,R,R1,All,Inflated,AveragePartitionSolver,Inflated AveragePartitionSolver,total_distance,429.55389075793727
result_only_coarsened_quantum.json,R107,R,R1,All,Inflated,AveragePartitionSolver,Inflated AveragePartitionSolver,total_route_duration,749.0337465686996
result_only_coarsened_quantum.json,R107,R,R1,All,Inflated,AveragePartitionSolver,Inflated AveragePartitionSolver,total_service_time,150.0
result_only_coarsened_quantum.json,R107,R,R1,All,Inflated,AveragePartitionSolver,Inflated AveragePartitionSolver,total_waiting_time,169.47985581076242
result_only_coarsened_quantum.json,R108,R,R1,All,Inflated,FullQubo,Inflated FullQubo,capacity_violations,0.0
result_only_coarsened_quantum.json,R108,R,R1,All,Inflated,FullQubo,Inflated FullQubo,computation_time,2.7472780420212075
result_only_coarsened_quantum.json,R108,R,R1,All,Inflated,FullQubo,Inflated FullQubo,num_vehicles,4.0
result_only_coarsened_quantum.json,R108,R,R1,All,Inflated,FullQubo,Inflated FullQubo,time_window_violations,0.0
result_only_coarsened_quantum.json,R108,R,R1,All,Inflated,FullQubo,Inflated FullQubo,total_demand_served,206.0
result_only_coarsened_quantum.json,R108,R,R1,All,Inflated,FullQubo,Inflated FullQubo,total_distance,356.6331084152872
result_only_coarsened_quantum.json,R108,R,R1,All,Inflated,FullQubo,Inflated FullQubo,total_route_duration,652.4694079396809
result_only_coarsened_quantum.json,R108,R,R1,All,Inflated,FullQubo,Inflated FullQubo,total_service_time,150.0
result_only_coarsened_quantum.json,R108,R,R1,All,Inflated,FullQubo,Inflated FullQubo,total_waiting_time,145.83629952439378
result_only_coarsened_quantum.json,R108,R,R1,All,Inflated,AveragePartitionSolver,Inflated AveragePartitionSolver,capacity_violations,0.0
result_only_coarsened_quantum.json,R108,R,R1,All,Inflated,AveragePartitionSolver,Inflated AveragePartitionSolver,computation_time,2.748229374992661
result_only_coarsened_quantum.json,R108,R,R1,All,Inflated,AveragePartitionSolver,Inflated AveragePartitionSolver,num_vehicles,4.0
result_only_coarsened_quantum.json,R108,R,R1,All,Inflated,AveragePartitionSolver,Inflated AveragePartitionSolver,time_window_violations,0.0
result_only_coarsened_quantum.json,R108,R,R1,All,Inflated,AveragePartitionSolver,Inflated AveragePartitionSolver,total_demand_served,206.0
result_only_coarsened_quantum.json,R108,R,R1,All,Inflated,AveragePartitionSolver,Inflated AveragePartitionSolver,total_distance,374.7962059418529
result_only_coarsened_quantum.json,R108,R,R1,All,Inflated,AveragePartitionSolver,Inflated AveragePartitionSolver,total_route_duration,658.0353290022601
result_only_coarsened_quantum.json,R108,R,R1,All,Inflated,AveragePartitionSolver,Inflated AveragePartitionSolver,total_service_time,150.0
result_only_coarsened_quantum.json,R108,R,R1,All,Inflated,AveragePartitionSolver,Inflated AveragePartitionSolver,total_waiting_time,133.23912306040728
result_only_coarsened_quantum.json,R109,R,R1,All,Inflated,FullQubo,Inflated FullQubo,capacity_violations,0.0
result_only_coarsened_quantum.json,R109,R,R1,All,Inflated,FullQubo,Inflated FullQubo,computation_time,3.779220832977444
result_only_coarsened_quantum.json,R109,R,R1,All,Inflated,FullQubo,Inflated FullQubo,num_vehicles,5.0
result_only_coarsened_quantum.json,R109,R,R1,All,Inflated,FullQubo,Inflated FullQubo,time_window_violations,0.0
result_only_coarsened_quantum.json,R109,R,R1,All,Inflated,FullQubo,Inflated FullQubo,total_demand_served,206.0
result_only_coarsened_quantum.json,R109,R,R1,All,Inflated,FullQubo,Inflated FullQubo,total_distance,371.11010857601866
result_only_coarsened_quantum.json,R109,R,R1,All,Inflated,FullQubo,Inflated FullQubo,total_route_duration,752.3086097629737
result_only_coarsened_quantum.json,R109,R,R1,All,Inflated,FullQubo,Inflated FullQubo,total_service_time,150.0
result_only_coarsened_quantum.json,R109,R,R1,All,Inflated,FullQubo,Inflated FullQubo,total_waiting_time,231.19850118695507
result_only_coarsened_quantum.json,R109,R,R1,All,Inflated,AveragePartitionSolver,Inflated AveragePartitionSolver,capacity_violations,0.0
result_only_coarsened_quantum.json,R109,R,R1,All,Inflated,AveragePartitionSolver,Inflated AveragePartitionSolver,computation_time,3.7848303749924526
result_only_coarsened_quantum.json,R109,R,R1,All,Inflated,AveragePartitionSolver,Inflated AveragePartitionSolver,num_vehicles,4.0
result_only_coarsened_quantum.json,R109,R,R1,All,Inflated,AveragePartitionSolver,Inflated AveragePartitionSolver,time_window_violations,2.0
result_only_coarsened_quantum.json,R109,R,R1,All,Inflated,AveragePartitionSolver,Inflated AveragePartitionSolver,total_demand_served,206.0
result_only_coarsened_quantum.json,R109,R,R1,All,Inflated,AveragePartitionSolver,Inflated AveragePartitionSolver,total_distance,367.25338994609496
result_only_coarsened_quantum.json,R109,R,R1,All,Inflated,AveragePartitionSolver,Inflated AveragePartitionSolver,total_route_duration,686.0246833631227
result_only_coarsened_quantum.json,R109,R,R1,All,Inflated,AveragePartitionSolver,Inflated AveragePartitionSolver,total_service_time,150.0
result_only_coarsened_quantum.json,R109,R,R1,All,Inflated,AveragePartitionSolver,Inflated AveragePartitionSolver,total_waiting_time,168.77129341702772
result_only_coarsened_quantum.json,R110,R,R1,All,Inflated,FullQubo,Inflated FullQubo,capacity_violations,0.0
result_only_coarsened_quantum.json,R110,R,R1,All,Inflated,FullQubo,Inflated FullQubo,computation_time,1.9327158749802038
result_only_coarsened_quantum.json,R110,R,R1,All,Inflated,FullQubo,Inflated FullQubo,num_vehicles,3.0
result_only_coarsened_quantum.json,R110,R,R1,All,Inflated,FullQubo,Inflated FullQubo,time_window_violations,0.0
result_only_coarsened_quantum.json,R110,R,R1,All,Inflated,FullQubo,Inflated FullQubo,total_demand_served,206.0
result_only_coarsened_quantum.json,R110,R,R1,All,Inflated,FullQubo,Inflated FullQubo,total_distance,302.85522204864503
result_only_coarsened_quantum.json,R110,R,R1,All,Inflated,FullQubo,Inflated FullQubo,total_route_duration,569.4616787255497
result_only_coarsened_quantum.json,R110,R,R1,All,Inflated,FullQubo,Inflated FullQubo,total_service_time,150.0
result_only_coarsened_quantum.json,R110,R,R1,All,Inflated,FullQubo,Inflated FullQubo,total_waiting_time,116.60645667690463
result_only_coarsened_quantum.json,R110,R,R1,All,Inflated,AveragePartitionSolver,Inflated AveragePartitionSolver,capacity_violations,0.0
result_only_coarsened_quantum.json,R110,R,R1,All,Inflated,AveragePartitionSolver,Inflated AveragePartitionSolver,computation_time,1.9480729160131887
result_only_coarsened_quantum.json,R110,R,R1,All,Inflated,AveragePartitionSolver,Inflated AveragePartitionSolver,num_vehicles,4.0
result_only_coarsened_quantum.json,R110,R,R1,All,Inflated,AveragePartitionSolver,Inflated AveragePartitionSolver,time_window_violations,0.0
result_only_coarsened_quantum.json,R110,R,R1,All,Inflated,AveragePartitionSolver,Inflated AveragePartitionSolver,total_demand_served,206.0
result_only_coarsened_quantum.json,R110,R,R1,All,Inflated,AveragePartitionSolver,Inflated AveragePartitionSolver,total_distance,330.3870487524451
result_only_coarsened_quantum.json,R110,R,R1,All,Inflated,AveragePartitionSolver,Inflated AveragePartitionSolver,total_route_duration,610.3779773012615
result_only_coarsened_quantum.json,R110,R,R1,All,Inflated,AveragePartitionSolver,Inflated AveragePartitionSolver,total_service_time,150.0
result_only_coarsened_quantum.json,R110,R,R1,All,Inflated,AveragePartitionSolver,Inflated AveragePartitionSolver,total_waiting_time,129.99092854881633
result_only_coarsened_quantum.json,R111,R,R1,All,Inflated,FullQubo,Inflated FullQubo,capacity_violations,0.0
result_only_coarsened_quantum.json,R111,R,R1,All,Inflated,FullQubo,Inflated FullQubo,computation_time,2.740202832967043
result_only_coarsened_quantum.json,R111,R,R1,All,Inflated,FullQubo,Inflated FullQubo,num_vehicles,4.0
result_only_coarsened_quantum.json,R111,R,R1,All,Inflated,FullQubo,Inflated FullQubo,time_window_violations,0.0
result_only_coarsened_quantum.json,R111,R,R1,All,Inflated,FullQubo,Inflated FullQubo,total_demand_served,206.0
result_only_coarsened_quantum.json,R111,R,R1,All,Inflated,FullQubo,Inflated FullQubo,total_distance,387.59279187573793
result_only_coarsened_quantum.json,R111,R,R1,All,Inflated,FullQubo,Inflated FullQubo,total_route_duration,679.8575207354219
result_only_coarsened_quantum.json,R111,R,R1,All,Inflated,FullQubo,Inflated FullQubo,total_service_time,150.0
result_only_coarsened_quantum.json,R111,R,R1,All,Inflated,FullQubo,Inflated FullQubo,total_waiting_time,142.26472885968403
result_only_coarsened_quantum.json,R111,R,R1,All,Inflated,AveragePartitionSolver,Inflated AveragePartitionSolver,capacity_violations,0.0
result_only_coarsened_quantum.json,R111,R,R1,All,Inflated,AveragePartitionSolver,Inflated AveragePartitionSolver,computation_time,2.749936541018542
result_only_coarsened_quantum.json,R111,R,R1,All,Inflated,AveragePartitionSolver,Inflated AveragePartitionSolver,num_vehicles,4.0
result_only_coarsened_quantum.json,R111,R,R1,All,Inflated,AveragePartitionSolver,Inflated AveragePartitionSolver,time_window_violations,0.0
result_only_coarsened_quantum.json,R111,R,R1,All,Inflated,AveragePartitionSolver,Inflated AveragePartitionSolver,total_demand_served,206.0
result_only_coarsened_quantum.json,R111,R,R1,All,Inflated,AveragePartitionSolver,Inflated AveragePartitionSolver,total_distance,381.50159770139317
result_only_coarsened_quantum.json,R111,R,R1,All,Inflated,AveragePartitionSolver,Inflated AveragePartitionSolver,total_route_duration,673.7663265610771
result_only_coarsened_quantum.json,R111,R,R1,All,Inflated,AveragePartitionSolver,Inflated AveragePartitionSolver,total_service_time,150.0
result_only_coarsened_quantum.json,R111,R,R1,All,Inflated,AveragePartitionSolver,Inflated AveragePartitionSolver,total_waiting_time,142.26472885968406
result_only_coarsened_quantum.json,R112,R,R1,All,Inflated,FullQubo,Inflated FullQubo,capacity_violations,0.0
result_only_coarsened_quantum.json,R112,R,R1,All,Inflated,FullQubo,Inflated FullQubo,computation_time,1.939060959033668
result_only_coarsened_quantum.json,R112,R,R1,All,Inflated,FullQubo,Inflated FullQubo,num_vehicles,4.0
result_only_coarsened_quantum.json,R112,R,R1,All,Inflated,FullQubo,Inflated FullQubo,time_window_violations,0.0
result_only_coarsened_quantum.json,R112,R,R1,All,Inflated,FullQubo,Inflated FullQubo,total_demand_served,206.0
result_only_coarsened_quantum.json,R112,R,R1,All,Inflated,FullQubo,Inflated FullQubo,total_distance,338.1425518479141
result_only_coarsened_quantum.json,R112,R,R1,All,Inflated,FullQubo,Inflated FullQubo,total_route_duration,564.0624125848649
result_only_coarsened_quantum.json,R112,R,R1,All,Inflated,FullQubo,Inflated FullQubo,total_service_time,150.0
result_only_coarsened_quantum.json,R112,R,R1,All,Inflated,FullQubo,Inflated FullQubo,total_waiting_time,75.91986073695085
result_only_coarsened_quantum.json,R112,R,R1,All,Inflated,AveragePartitionSolver,Inflated AveragePartitionSolver,capacity_violations,0.0
result_only_coarsened_quantum.json,R112,R,R1,All,Inflated,AveragePartitionSolver,Inflated AveragePartitionSolver,computation_time,1.9273914590012282
result_only_coarsened_quantum.json,R112,R,R1,All,Inflated,AveragePartitionSolver,Inflated AveragePartitionSolver,num_vehicles,3.0
result_only_coarsened_quantum.json,R112,R,R1,All,Inflated,AveragePartitionSolver,Inflated AveragePartitionSolver,time_window_violations,0.0
result_only_coarsened_quantum.json,R112,R,R1,All,Inflated,AveragePartitionSolver,Inflated AveragePartitionSolver,total_demand_served,206.0
result_only_coarsened_quantum.json,R112,R,R1,All,Inflated,AveragePartitionSolver,Inflated AveragePartitionSolver,total_distance,318.3961930924717
result_only_coarsened_quantum.json,R112,R,R1,All,Inflated,AveragePartitionSolver,Inflated AveragePartitionSolver,total_route_duration,544.3160538294226
result_only_coarsened_quantum.json,R112,R,R1,All,Inflated,AveragePartitionSolver,Inflated AveragePartitionSolver,total_service_time,150.0
result_only_coarsened_quantum.json,R112,R,R1,All,Inflated,AveragePartitionSolver,Inflated AveragePartitionSolver,total_waiting_time,75.91986073695085
result_only_coarsened_quantum.json,R201,R,R2,All,Inflated,FullQubo,Inflated FullQubo,capacity_violations,0.0
result_only_coarsened_quantum.json,R201,R,R2,All,Inflated,FullQubo,Inflated FullQubo,computation_time,8.368307499971706
result_only_coarsened_quantum.json,R201,R,R2,All,Inflated,FullQubo,Inflated FullQubo,num_vehicles,5.0
result_only_coarsened_quantum.json,R201,R,R2,All,Inflated,FullQubo,Inflated FullQubo,time_window_violations,0.0
result_only_coarsened_quantum.json,R201,R,R2,All,Inflated,FullQubo,Inflated FullQubo,total_demand_served,206.0
result_only_coarsened_quantum.json,R201,R,R2,All,Inflated,FullQubo,Inflated FullQubo,total_distance,457.974713393389
result_only_coarsened_quantum.json,R201,R,R2,All,Inflated,FullQubo,Inflated FullQubo,total_route_duration,3000.975964445749
result_only_coarsened_quantum.json,R201,R,R2,All,Inflated,FullQubo,Inflated FullQubo,total_service_time,150.0
result_only_coarsened_quantum.json,R201,R,R2,All,Inflated,FullQubo,Inflated FullQubo,total_waiting_time,2393.0012510523597
result_only_coarsened_quantum.json,R201,R,R2,All,Inflated,AveragePartitionSolver,Inflated AveragePartitionSolver,capacity_violations,0.0
result_only_coarsened_quantum.json,R201,R,R2,All,Inflated,AveragePartitionSolver,Inflated AveragePartitionSolver,computation_time,8.468857792031486
result_only_coarsened_quantum.json,R201,R,R2,All,Inflated,AveragePartitionSolver,Inflated AveragePartitionSolver,num_vehicles,4.0
result_only_coarsened_quantum.json,R201,R,R2,All,Inflated,AveragePartitionSolver,Inflated AveragePartitionSolver,time_window_violations,0.0
result_only_coarsened_quantum.json,R201,R,R2,All,Inflated,AveragePartitionSolver,Inflated AveragePartitionSolver,total_demand_served,206.0
result_only_coarsened_quantum.json,R201,R,R2,All,Inflated,AveragePartitionSolver,Inflated AveragePartitionSolver,total_distance,454.1869975396457
result_only_coarsened_quantum.json,R201,R,R2,All,Inflated,AveragePartitionSolver,Inflated AveragePartitionSolver,total_route_duration,2534.431854363933
result_only_coarsened_quantum.json,R201,R,R2,All,Inflated,AveragePartitionSolver,Inflated AveragePartitionSolver,total_service_time,150.0
result_only_coarsened_quantum.json,R201,R,R2,All,Inflated,AveragePartitionSolver,Inflated AveragePartitionSolver,total_waiting_time,1930.2448568242871
result_only_coarsened_quantum.json,R202,R,R2,All,Inflated,FullQubo,Inflated FullQubo,capacity_violations,0.0
result_only_coarsened_quantum.json,R202,R,R2,All,Inflated,FullQubo,Inflated FullQubo,computation_time,3.3088387500029057
result_only_coarsened_quantum.json,R202,R,R2,All,Inflated,FullQubo,Inflated FullQubo,num_vehicles,2.0
result_only_coarsened_quantum.json,R202,R,R2,All,Inflated,FullQubo,Inflated FullQubo,time_window_violations,0.0
result_only_coarsened_quantum.json,R202,R,R2,All,Inflated,FullQubo,Inflated FullQubo,total_demand_served,206.0
result_only_coarsened_quantum.json,R202,R,R2,All,Inflated,FullQubo,Inflated FullQubo,total_distance,384.71124390609924
result_only_coarsened_quantum.json,R202,R,R2,All,Inflated,FullQubo,Inflated FullQubo,total_route_duration,1233.2204909362877
result_only_coarsened_quantum.json,R202,R,R2,All,Inflated,FullQubo,Inflated FullQubo,total_service_time,150.0
result_only_coarsened_quantum.json,R202,R,R2,All,Inflated,FullQubo,Inflated FullQubo,total_waiting_time,698.5092470301886
result_only_coarsened_quantum.json,R202,R,R2,All,Inflated,AveragePartitionSolver,Inflated AveragePartitionSolver,capacity_violations,0.0
result_only_coarsened_quantum.json,R202,R,R2,All,Inflated,AveragePartitionSolver,Inflated AveragePartitionSolver,computation_time,3.304499041987583
result_only_coarsened_quantum.json,R202,R,R2,All,Inflated,AveragePartitionSolver,Inflated AveragePartitionSolver,num_vehicles,3.0
result_only_coarsened_quantum.json,R202,R,R2,All,Inflated,AveragePartitionSolver,Inflated AveragePartitionSolver,time_window_violations,0.0
result_only_coarsened_quantum.json,R202,R,R2,All,Inflated,AveragePartitionSolver,Inflated AveragePartitionSolver,total_demand_served,206.0
result_only_coarsened_quantum.json,R202,R,R2,All,Inflated,AveragePartitionSolver,Inflated AveragePartitionSolver,total_distance,385.0488098088138
result_only_coarsened_quantum.json,R202,R,R2,All,Inflated,AveragePartitionSolver,Inflated AveragePartitionSolver,total_route_duration,1740.658102808198
result_only_coarsened_quantum.json,R202,R,R2,All,Inflated,AveragePartitionSolver,Inflated AveragePartitionSolver,total_service_time,150.0
result_only_coarsened_quantum.json,R202,R,R2,All,Inflated,AveragePartitionSolver,Inflated AveragePartitionSolver,total_waiting_time,1205.6092929993843
result_only_coarsened_quantum.json,R203,R,R2,All,Inflated,FullQubo,Inflated FullQubo,capacity_violations,0.0
result_only_coarsened_quantum.json,R203,R,R2,All,Inflated,FullQubo,Inflated FullQubo,computation_time,3.2989579580025747
result_only_coarsened_quantum.json,R203,R,R2,All,Inflated,FullQubo,Inflated FullQubo,num_vehicles,4.0
result_only_coarsened_quantum.json,R203,R,R2,All,Inflated,FullQubo,Inflated FullQubo,time_window_violations,0.0
result_only_coarsened_quantum.json,R203,R,R2,All,Inflated,FullQubo,Inflated FullQubo,total_demand_served,206.0
result_only_coarsened_quantum.json,R203,R,R2,All,Inflated,FullQubo,Inflated FullQubo,total_distance,383.87025240178747
result_only_coarsened_quantum.json,R203,R,R2,All,Inflated,FullQubo,Inflated FullQubo,total_route_duration,2353.153200376162
result_only_coarsened_quantum.json,R203,R,R2,All,Inflated,FullQubo,Inflated FullQubo,total_service_time,150.0
result_only_coarsened_quantum.json,R203,R,R2,All,Inflated,FullQubo,Inflated FullQubo,total_waiting_time,1819.2829479743746
result_only_coarsened_quantum.json,R203,R,R2,All,Inflated,AveragePartitionSolver,Inflated AveragePartitionSolver,capacity_violations,0.0
result_only_coarsened_quantum.json,R203,R,R2,All,Inflated,AveragePartitionSolver,Inflated AveragePartitionSolver,computation_time,3.3257367499754764
result_only_coarsened_quantum.json,R203,R,R2,All,Inflated,AveragePartitionSolver,Inflated AveragePartitionSolver,num_vehicles,4.0
result_only_coarsened_quantum.json,R203,R,R2,All,Inflated,AveragePartitionSolver,Inflated AveragePartitionSolver,time_window_violations,0.0
result_only_coarsened_quantum.json,R203,R,R2,All,Inflated,AveragePartitionSolver,Inflated AveragePartitionSolver,total_demand_served,206.0
result_only_coarsened_quantum.json,R203,R,R2,All,Inflated,AveragePartitionSolver,Inflated AveragePartitionSolver,total_distance,422.0953744292867
result_only_coarsened_quantum.json,R203,R,R2,All,Inflated,AveragePartitionSolver,Inflated AveragePartitionSolver,total_route_duration,2192.5655917441873
result_only_coarsened_quantum.json,R203,R,R2,All,Inflated,AveragePartitionSolver,Inflated AveragePartitionSolver,total_service_time,150.0
result_only_coarsened_quantum.json,R203,R,R2,All,Inflated,AveragePartitionSolver,Inflated AveragePartitionSolver,total_waiting_time,1620.4702173149008
result_only_coarsened_quantum.json,R204,R,R2,All,Inflated,FullQubo,Inflated FullQubo,capacity_violations,0.0
result_only_coarsened_quantum.json,R204,R,R2,All,Inflated,FullQubo,Inflated FullQubo,computation_time,3.2816844169865362
result_only_coarsened_quantum.json,R204,R,R2,All,Inflated,FullQubo,Inflated FullQubo,num_vehicles,3.0
result_only_coarsened_quantum.json,R204,R,R2,All,Inflated,FullQubo,Inflated FullQubo,time_window_violations,0.0
result_only_coarsened_quantum.json,R204,R,R2,All,Inflated,FullQubo,Inflated FullQubo,total_demand_served,206.0
result_only_coarsened_quantum.json,R204,R,R2,All,Inflated,FullQubo,Inflated FullQubo,total_distance,401.6308752298373
result_only_coarsened_quantum.json,R204,R,R2,All,Inflated,FullQubo,Inflated FullQubo,total_route_duration,1686.855777342962
result_only_coarsened_quantum.json,R204,R,R2,All,Inflated,FullQubo,Inflated FullQubo,total_service_time,150.0
result_only_coarsened_quantum.json,R204,R,R2,All,Inflated,FullQubo,Inflated FullQubo,total_waiting_time,1135.2249021131247
result_only_coarsened_quantum.json,R204,R,R2,All,Inflated,AveragePartitionSolver,Inflated AveragePartitionSolver,capacity_violations,0.0
result_only_coarsened_quantum.json,R204,R,R2,All,Inflated,AveragePartitionSolver,Inflated AveragePartitionSolver,computation_time,3.265902957995422
result_only_coarsened_quantum.json,R204,R,R2,All,Inflated,AveragePartitionSolver,Inflated AveragePartitionSolver,num_vehicles,4.0
result_only_coarsened_quantum.json,R204,R,R2,All,Inflated,AveragePartitionSolver,Inflated AveragePartitionSolver,time_window_violations,0.0
result_only_coarsened_quantum.json,R204,R,R2,All,Inflated,AveragePartitionSolver,Inflated AveragePartitionSolver,total_demand_served,206.0
result_only_coarsened_quantum.json,R204,R,R2,All,Inflated,AveragePartitionSolver,Inflated AveragePartitionSolver,total_distance,384.1440494735325
result_only_coarsened_quantum.json,R204,R,R2,All,Inflated,AveragePartitionSolver,Inflated AveragePartitionSolver,total_route_duration,2193.3880048064016
result_only_coarsened_quantum.json,R204,R,R2,All,Inflated,AveragePartitionSolver,Inflated AveragePartitionSolver,total_service_time,150.0
result_only_coarsened_quantum.json,R204,R,R2,All,Inflated,AveragePartitionSolver,Inflated AveragePartitionSolver,total_waiting_time,1659.2439553328688
result_only_coarsened_quantum.json,R205,R,R2,All,Inflated,FullQubo,Inflated FullQubo,capacity_violations,0.0
result_only_coarsened_quantum.json,R205,R,R2,All,Inflated,FullQubo,Inflated FullQubo,computation_time,3.2648792500258423
result_only_coarsened_quantum.json,R205,R,R2,All,Inflated,FullQubo,Inflated FullQubo,num_vehicles,3.0
result_only_coarsened_quantum.json,R205,R,R2,All,Inflated,FullQubo,Inflated FullQubo,time_window_violations,0.0
result_only_coarsened_quantum.json,R205,R,R2,All,Inflated,FullQubo,Inflated FullQubo,total_demand_served,206.0
result_only_coarsened_quantum.json,R205,R,R2,All,Inflated,FullQubo,Inflated FullQubo,total_distance,429.58802253252867
result_only_coarsened_quantum.json,R205,R,R2,All,Inflated,FullQubo,Inflated FullQubo,total_route_duration,1338.4114095535501
result_only_coarsened_quantum.json,R205,R,R2,All,Inflated,FullQubo,Inflated FullQubo,total_service_time,150.0
result_only_coarsened_quantum.json,R205,R,R2,All,Inflated,FullQubo,Inflated FullQubo,total_waiting_time,758.8233870210215
result_only_coarsened_quantum.json,R205,R,R2,All,Inflated,AveragePartitionSolver,Inflated AveragePartitionSolver,capacity_violations,0.0
result_only_coarsened_quantum.json,R205,R,R2,All,Inflated,AveragePartitionSolver,Inflated AveragePartitionSolver,computation_time,3.2987125409999862
result_only_coarsened_quantum.json,R205,R,R2,All,Inflated,AveragePartitionSolver,Inflated AveragePartitionSolver,num_vehicles,2.0
result_only_coarsened_quantum.json,R205,R,R2,All,Inflated,AveragePartitionSolver,Inflated AveragePartitionSolver,time_window_violations,1.0
result_only_coarsened_quantum.json,R205,R,R2,All,Inflated,AveragePartitionSolver,Inflated AveragePartitionSolver,total_demand_served,206.0
result_only_coarsened_quantum.json,R205,R,R2,All,Inflated,AveragePartitionSolver,Inflated AveragePartitionSolver,total_distance,416.58815727473143
result_only_coarsened_quantum.json,R205,R,R2,All,Inflated,AveragePartitionSolver,Inflated AveragePartitionSolver,total_route_duration,1359.9069836671906
result_only_coarsened_quantum.json,R205,R,R2,All,Inflated,AveragePartitionSolver,Inflated AveragePartitionSolver,total_service_time,150.0
result_only_coarsened_quantum.json,R205,R,R2,All,Inflated,AveragePartitionSolver,Inflated AveragePartitionSolver,total_waiting_time,793.3188263924593
result_only_coarsened_quantum.json,R206,R,R2,All,Inflated,FullQubo,Inflated FullQubo,capacity_violations,0.0
result_only_coarsened_quantum.json,R206,R,R2,All,Inflated,FullQubo,Inflated FullQubo,computation_time,3.269737625028938
result_only_coarsened_quantum.json,R206,R,R2,All,Inflated,FullQubo,Inflated FullQubo,num_vehicles,4.0
result_only_coarsened_quantum.json,R206,R,R2,All,Inflated,FullQubo,Inflated FullQubo,time_window_violations,0.0
result_only_coarsened_quantum.json,R206,R,R2,All,Inflated,FullQubo,Inflated FullQubo,total_demand_served,206.0
result_only_coarsened_quantum.json,R206,R,R2,All,Inflated,FullQubo,Inflated FullQubo,total_distance,400.32902013019526
result_only_coarsened_quantum.json,R206,R,R2,All,Inflated,FullQubo,Inflated FullQubo,total_route_duration,1786.8918945734229
result_only_coarsened_quantum.json,R206,R,R2,All,Inflated,FullQubo,Inflated FullQubo,total_service_time,150.0
result_only_coarsened_quantum.json,R206,R,R2,All,Inflated,FullQubo,Inflated FullQubo,total_waiting_time,1236.5628744432274
result_only_coarsened_quantum.json,R206,R,R2,All,Inflated,AveragePartitionSolver,Inflated AveragePartitionSolver,capacity_violations,0.0
result_only_coarsened_quantum.json,R206,R,R2,All,Inflated,AveragePartitionSolver,Inflated AveragePartitionSolver,computation_time,3.273093042022083
result_only_coarsened_quantum.json,R206,R,R2,All,Inflated,AveragePartitionSolver,Inflated AveragePartitionSolver,num_vehicles,3.0
result_only_coarsened_quantum.json,R206,R,R2,All,Inflated,AveragePartitionSolver,Inflated AveragePartitionSolver,time_window_violations,0.0
result_only_coarsened_quantum.json,R206,R,R2,All,Inflated,AveragePartitionSolver,Inflated AveragePartitionSolver,total_demand_served,206.0
result_only_coarsened_quantum.json,R206,R,R2,All,Inflated,AveragePartitionSolver,Inflated AveragePartitionSolver,total_distance,386.0677475740842
result_only_coarsened_quantum.json,R206,R,R2,All,Inflated,AveragePartitionSolver,Inflated AveragePartitionSolver,total_route_duration,1597.350874910926
result_only_coarsened_quantum.json,R206,R,R2,All,Inflated,AveragePartitionSolver,Inflated AveragePartitionSolver,total_service_time,150.0
result_only_coarsened_quantum.json,R206,R,R2,All,Inflated,AveragePartitionSolver,Inflated AveragePartitionSolver,total_waiting_time,1061.2831273368415
result_only_coarsened_quantum.json,R207,R,R2,All,Inflated,FullQubo,Inflated FullQubo,capacity_violations,0.0
result_only_coarsened_quantum.json,R207,R,R2,All,Inflated,FullQubo,Inflated FullQubo,computation_time,3.2782101670163684
result_only_coarsened_quantum.json,R207,R,R2,All,Inflated,FullQubo,Inflated FullQubo,num_vehicles,5.0
result_only_coarsened_quantum.json,R207,R,R2,All,Inflated,FullQubo,Inflated FullQubo,time_window_violations,0.0
result_only_coarsened_quantum.json,R207,R,R2,All,Inflated,FullQubo,Inflated FullQubo,total_demand_served,206.0
result_only_coarsened_quantum.json,R207,R,R2,All,Inflated,FullQubo,Inflated FullQubo,total_distance,414.34060433837806
result_only_coarsened_quantum.json,R207,R,R2,All,Inflated,FullQubo,Inflated FullQubo,total_route_duration,2237.9937280704175
result_only_coarsened_quantum.json,R207,R,R2,All,Inflated,FullQubo,Inflated FullQubo,total_service_time,150.0
result_only_coarsened_quantum.json,R207,R,R2,All,Inflated,FullQubo,Inflated FullQubo,total_waiting_time,1673.6531237320394
result_only_coarsened_quantum.json,R207,R,R2,All,Inflated,AveragePartitionSolver,Inflated AveragePartitionSolver,capacity_violations,0.0
result_only_coarsened_quantum.json,R207,R,R2,All,Inflated,AveragePartitionSolver,Inflated AveragePartitionSolver,computation_time,3.276467333023902
result_only_coarsened_quantum.json,R207,R,R2,All,Inflated,AveragePartitionSolver,Inflated AveragePartitionSolver,num_vehicles,4.0
result_only_coarsened_quantum.json,R207,R,R2,All,Inflated,AveragePartitionSolver,Inflated AveragePartitionSolver,time_window_violations,0.0
result_only_coarsened_quantum.json,R207,R,R2,All,Inflated,AveragePartitionSolver,Inflated AveragePartitionSolver,total_demand_served,206.0
result_only_coarsened_quantum.json,R207,R,R2,All,Inflated,AveragePartitionSolver,Inflated AveragePartitionSolver,total_distance,420.3532944295536
result_only_coarsened_quantum.json,R207,R,R2,All,Inflated,AveragePartitionSolver,Inflated AveragePartitionSolver,total_route_duration,1813.149166557834
result_only_coarsened_quantum.json,R207,R,R2,All,Inflated,AveragePartitionSolver,Inflated AveragePartitionSolver,total_service_time,150.0
result_only_coarsened_quantum.json,R207,R,R2,All,Inflated,AveragePartitionSolver,Inflated AveragePartitionSolver,total_waiting_time,1242.7958721282805
result_only_coarsened_quantum.json,R208,R,R2,All,Inflated,FullQubo,Inflated FullQubo,capacity_violations,0.0
result_only_coarsened_quantum.json,R208,R,R2,All,Inflated,FullQubo,Inflated FullQubo,computation_time,3.262303499970585
result_only_coarsened_quantum.json,R208,R,R2,All,Inflated,FullQubo,Inflated FullQubo,num_vehicles,2.0
result_only_coarsened_quantum.json,R208,R,R2,All,Inflated,FullQubo,Inflated FullQubo,time_window_violations,0.0
result_only_coarsened_quantum.json,R208,R,R2,All,Inflated,FullQubo,Inflated FullQubo,total_demand_served,206.0
result_only_coarsened_quantum.json,R208,R,R2,All,Inflated,FullQubo,Inflated FullQubo,total_distance,377.2059002570809
result_only_coarsened_quantum.json,R208,R,R2,All,Inflated,FullQubo,Inflated FullQubo,total_route_duration,1315.180339887499
result_only_coarsened_quantum.json,R208,R,R2,All,Inflated,FullQubo,Inflated FullQubo,total_service_time,150.0
result_only_coarsened_quantum.json,R208,R,R2,All,Inflated,FullQubo,Inflated FullQubo,total_waiting_time,787.9744396304181
result_only_coarsened_quantum.json,R208,R,R2,All,Inflated,AveragePartitionSolver,Inflated AveragePartitionSolver,capacity_violations,0.0
result_only_coarsened_quantum.json,R208,R,R2,All,Inflated,AveragePartitionSolver,Inflated AveragePartitionSolver,computation_time,3.2664009159780107
result_only_coarsened_quantum.json,R208,R,R2,All,Inflated,AveragePartitionSolver,Inflated AveragePartitionSolver,num_vehicles,3.0
result_only_coarsened_quantum.json,R208,R,R2,All,Inflated,AveragePartitionSolver,Inflated AveragePartitionSolver,time_window_violations,0.0
result_only_coarsened_quantum.json,R208,R,R2,All,Inflated,AveragePartitionSolver,Inflated AveragePartitionSolver,total_demand_served,206.0
result_only_coarsened_quantum.json,R208,R,R2,All,Inflated,AveragePartitionSolver,Inflated AveragePartitionSolver,total_distance,351.52252559035776
result_only_coarsened_quantum.json,R208,R,R2,All,Inflated,AveragePartitionSolver,Inflated AveragePartitionSolver,total_route_duration,1351.2453923363703
result_only_coarsened_quantum.json,R208,R,R2,All,Inflated,AveragePartitionSolver,Inflated AveragePartitionSolver,total_service_time,150.0
result_only_coarsened_quantum.json,R208,R,R2,All,Inflated,AveragePartitionSolver,Inflated AveragePartitionSolver,total_waiting_time,849.7228667460123
result_only_coarsened_quantum.json,R209,R,R2,All,Inflated,FullQubo,Inflated FullQubo,capacity_violations,0.0
result_only_coarsened_quantum.json,R209,R,R2,All,Inflated,FullQubo,Inflated FullQubo,computation_time,3.2622148749651387
result_only_coarsened_quantum.json,R209,R,R2,All,Inflated,FullQubo,Inflated FullQubo,num_vehicles,4.0
result_only_coarsened_quantum.json,R209,R,R2,All,Inflated,FullQubo,Inflated FullQubo,time_window_violations,0.0
result_only_coarsened_quantum.json,R209,R,R2,All,Inflated,FullQubo,Inflated FullQubo,total_demand_served,206.0
result_only_coarsened_quantum.json,R209,R,R2,All,Inflated,FullQubo,Inflated FullQubo,total_distance,387.5488690472249
result_only_coarsened_quantum.json,R209,R,R2,All,Inflated,FullQubo,Inflated FullQubo,total_route_duration,1892.7266437796918
result_only_coarsened_quantum.json,R209,R,R2,All,Inflated,FullQubo,Inflated FullQubo,total_service_time,150.0
result_only_coarsened_quantum.json,R209,R,R2,All,Inflated,FullQubo,Inflated FullQubo,total_waiting_time,1355.1777747324668
result_only_coarsened_quantum.json,R209,R,R2,All,Inflated,AveragePartitionSolver,Inflated AveragePartitionSolver,capacity_violations,0.0
result_only_coarsened_quantum.json,R209,R,R2,All,Inflated,AveragePartitionSolver,Inflated AveragePartitionSolver,computation_time,3.2695772919687442
result_only_coarsened_quantum.json,R209,R,R2,All,Inflated,AveragePartitionSolver,Inflated AveragePartitionSolver,num_vehicles,5.0
result_only_coarsened_quantum.json,R209,R,R2,All,Inflated,AveragePartitionSolver,Inflated AveragePartitionSolver,time_window_violations,0.0
result_only_coarsened_quantum.json,R209,R,R2,All,Inflated,AveragePartitionSolver,Inflated AveragePartitionSolver,total_demand_served,206.0
result_only_coarsened_quantum.json,R209,R,R2,All,Inflated,AveragePartitionSolver,Inflated AveragePartitionSolver,total_distance,382.2428815481827
result_only_coarsened_quantum.json,R209,R,R2,All,Inflated,AveragePartitionSolver,Inflated AveragePartitionSolver,total_route_duration,2290.1259445471874
result_only_coarsened_quantum.json,R209,R,R2,All,Inflated,AveragePartitionSolver,Inflated AveragePartitionSolver,total_service_time,150.0
result_only_coarsened_quantum.json,R209,R,R2,All,Inflated,AveragePartitionSolver,Inflated AveragePartitionSolver,total_waiting_time,1757.8830629990043
result_only_coarsened_quantum.json,R210,R,R2,All,Inflated,FullQubo,Inflated FullQubo,capacity_violations,0.0
result_only_coarsened_quantum.json,R210,R,R2,All,Inflated,FullQubo,Inflated FullQubo,computation_time,3.29519229097059
result_only_coarsened_quantum.json,R210,R,R2,All,Inflated,FullQubo,Inflated FullQubo,num_vehicles,4.0
result_only_coarsened_quantum.json,R210,R,R2,All,Inflated,FullQubo,Inflated FullQubo,time_window_violations,0.0
result_only_coarsened_quantum.json,R210,R,R2,All,Inflated,FullQubo,Inflated FullQubo,total_demand_served,206.0
result_only_coarsened_quantum.json,R210,R,R2,All,Inflated,FullQubo,Inflated FullQubo,total_distance,426.7498120352168
result_only_coarsened_quantum.json,R210,R,R2,All,Inflated,FullQubo,Inflated FullQubo,total_route_duration,2020.7476719163844
result_only_coarsened_quantum.json,R210,R,R2,All,Inflated,FullQubo,Inflated FullQubo,total_service_time,150.0
result_only_coarsened_quantum.json,R210,R,R2,All,Inflated,FullQubo,Inflated FullQubo,total_waiting_time,1443.9978598811676
result_only_coarsened_quantum.json,R210,R,R2,All,Inflated,AveragePartitionSolver,Inflated AveragePartitionSolver,capacity_violations,0.0
result_only_coarsened_quantum.json,R210,R,R2,All,Inflated,AveragePartitionSolver,Inflated AveragePartitionSolver,computation_time,3.2762630420038477
result_only_coarsened_quantum.json,R210,R,R2,All,Inflated,AveragePartitionSolver,Inflated AveragePartitionSolver,num_vehicles,2.0
result_only_coarsened_quantum.json,R210,R,R2,All,Inflated,AveragePartitionSolver,Inflated AveragePartitionSolver,time_window_violations,0.0
result_only_coarsened_quantum.json,R210,R,R2,All,Inflated,AveragePartitionSolver,Inflated AveragePartitionSolver,total_demand_served,206.0
result_only_coarsened_quantum.json,R210,R,R2,All,Inflated,AveragePartitionSolver,Inflated AveragePartitionSolver,total_distance,382.8201711498904
result_only_coarsened_quantum.json,R210,R,R2,All,Inflated,AveragePartitionSolver,Inflated AveragePartitionSolver,total_route_duration,1288.170535023427
result_only_coarsened_quantum.json,R210,R,R2,All,Inflated,AveragePartitionSolver,Inflated AveragePartitionSolver,total_service_time,150.0
result_only_coarsened_quantum.json,R210,R,R2,All,Inflated,AveragePartitionSolver,Inflated AveragePartitionSolver,total_waiting_time,755.3503638735364
result_only_coarsened_quantum.json,R211,R,R2,All,Inflated,FullQubo,Inflated FullQubo,capacity_violations,0.0
result_only_coarsened_quantum.json,R211,R,R2,All,Inflated,FullQubo,Inflated FullQubo,computation_time,2.3262927919859067
result_only_coarsened_quantum.json,R211,R,R2,All,Inflated,FullQubo,Inflated FullQubo,num_vehicles,3.0
result_only_coarsened_quantum.json,R211,R,R2,All,Inflated,FullQubo,Inflated FullQubo,time_window_violations,0.0
result_only_coarsened_quantum.json,R211,R,R2,All,Inflated,FullQubo,Inflated FullQubo,total_demand_served,206.0
result_only_coarsened_quantum.json,R211,R,R2,All,Inflated,FullQubo,Inflated FullQubo,total_distance,352.9018840377552
result_only_coarsened_quantum.json,R211,R,R2,All,Inflated,FullQubo,Inflated FullQubo,total_route_duration,1196.1508594494733
result_only_coarsened_quantum.json,R211,R,R2,All,Inflated,FullQubo,Inflated FullQubo,total_service_time,150.0
result_only_coarsened_quantum.json,R211,R,R2,All,Inflated,FullQubo,Inflated FullQubo,total_waiting_time,693.248975411718
result_only_coarsened_quantum.json,R211,R,R2,All,Inflated,AveragePartitionSolver,Inflated AveragePartitionSolver,capacity_violations,0.0
result_only_coarsened_quantum.json,R211,R,R2,All,Inflated,AveragePartitionSolver,Inflated AveragePartitionSolver,computation_time,2.326567250012886
result_only_coarsened_quantum.json,R211,R,R2,All,Inflated,AveragePartitionSolver,Inflated AveragePartitionSolver,num_vehicles,3.0
result_only_coarsened_quantum.json,R211,R,R2,All,Inflated,AveragePartitionSolver,Inflated AveragePartitionSolver,time_window_violations,0.0
result_only_coarsened_quantum.json,R211,R,R2,All,Inflated,AveragePartitionSolver,Inflated AveragePartitionSolver,total_demand_served,206.0
result_only_coarsened_quantum.json,R211,R,R2,All,Inflated,AveragePartitionSolver,Inflated AveragePartitionSolver,total_distance,345.79555841517805
result_only_coarsened_quantum.json,R211,R,R2,All,Inflated,AveragePartitionSolver,Inflated AveragePartitionSolver,total_route_duration,1566.4123409886552
result_only_coarsened_quantum.json,R211,R,R2,All,Inflated,AveragePartitionSolver,Inflated AveragePartitionSolver,total_service_time,150.0
result_only_coarsened_quantum.json,R211,R,R2,All,Inflated,AveragePartitionSolver,Inflated AveragePartitionSolver,total_waiting_time,1070.616782573477
result_only_coarsened_quantum.json,RC101,RC,RC1,All,Inflated,FullQubo,Inflated FullQubo,capacity_violations,0.0
result_only_coarsened_quantum.json,RC101,RC,RC1,All,Inflated,FullQubo,Inflated FullQubo,computation_time,3.551328750036191
result_only_coarsened_quantum.json,RC101,RC,RC1,All,Inflated,FullQubo,Inflated FullQubo,num_vehicles,3.0
result_only_coarsened_quantum.json,RC101,RC,RC1,All,Inflated,FullQubo,Inflated FullQubo,time_window_violations,1.0
result_only_coarsened_quantum.json,RC101,RC,RC1,All,Inflated,FullQubo,Inflated FullQubo,total_demand_served,320.0
result_only_coarsened_quantum.json,RC101,RC,RC1,All,Inflated,FullQubo,Inflated FullQubo,total_distance,324.01641890389965
result_only_coarsened_quantum.json,RC101,RC,RC1,All,Inflated,FullQubo,Inflated FullQubo,total_route_duration,554.9418802413629
result_only_coarsened_quantum.json,RC101,RC,RC1,All,Inflated,FullQubo,Inflated FullQubo,total_service_time,150.0
result_only_coarsened_quantum.json,RC101,RC,RC1,All,Inflated,FullQubo,Inflated FullQubo,total_waiting_time,80.92546133746332
result_only_coarsened_quantum.json,RC101,RC,RC1,All,Inflated,AveragePartitionSolver,Inflated AveragePartitionSolver,capacity_violations,0.0
result_only_coarsened_quantum.json,RC101,RC,RC1,All,Inflated,AveragePartitionSolver,Inflated AveragePartitionSolver,computation_time,3.521444999962114
result_only_coarsened_quantum.json,RC101,RC,RC1,All,Inflated,AveragePartitionSolver,Inflated AveragePartitionSolver,num_vehicles,5.0
result_only_coarsened_quantum.json,RC101,RC,RC1,All,Inflated,AveragePartitionSolver,Inflated AveragePartitionSolver,time_window_violations,0.0
result_only_coarsened_quantum.json,RC101,RC,RC1,All,Inflated,AveragePartitionSolver,Inflated AveragePartitionSolver,total_demand_served,320.0
result_only_coarsened_quantum.json,RC101,RC,RC1,All,Inflated,AveragePartitionSolver,Inflated AveragePartitionSolver,total_distance,405.0549116192324
result_only_coarsened_quantum.json,RC101,RC,RC1,All,Inflated,AveragePartitionSolver,Inflated AveragePartitionSolver,total_route_duration,783.434509634199
result_only_coarsened_quantum.json,RC101,RC,RC1,All,Inflated,AveragePartitionSolver,Inflated AveragePartitionSolver,total_service_time,150.0
result_only_coarsened_quantum.json,RC101,RC,RC1,All,Inflated,AveragePartitionSolver,Inflated AveragePartitionSolver,total_waiting_time,228.3795980149667
result_only_coarsened_quantum.json,RC102,RC,RC1,All,Inflated,FullQubo,Inflated FullQubo,capacity_violations,0.0
result_only_coarsened_quantum.json,RC102,RC,RC1,All,Inflated,FullQubo,Inflated FullQubo,computation_time,3.4684470840147696
result_only_coarsened_quantum.json,RC102,RC,RC1,All,Inflated,FullQubo,Inflated FullQubo,num_vehicles,5.0
result_only_coarsened_quantum.json,RC102,RC,RC1,All,Inflated,FullQubo,Inflated FullQubo,time_window_violations,0.0
result_only_coarsened_quantum.json,RC102,RC,RC1,All,Inflated,FullQubo,Inflated FullQubo,total_demand_served,320.0
result_only_coarsened_quantum.json,RC102,RC,RC1,All,Inflated,FullQubo,Inflated FullQubo,total_distance,478.4741117091111
result_only_coarsened_quantum.json,RC102,RC,RC1,All,Inflated,FullQubo,Inflated FullQubo,total_route_duration,915.4581414459797
result_only_coarsened_quantum.json,RC102,RC,RC1,All,Inflated,FullQubo,Inflated FullQubo,total_service_time,150.0
result_only_coarsened_quantum.json,RC102,RC,RC1,All,Inflated,FullQubo,Inflated FullQubo,total_waiting_time,286.98402973686854
result_only_coarsened_quantum.json,RC102,RC,RC1,All,Inflated,AveragePartitionSolver,Inflated AveragePartitionSolver,capacity_violations,0.0
result_only_coarsened_quantum.json,RC102,RC,RC1,All,Inflated,AveragePartitionSolver,Inflated AveragePartitionSolver,computation_time,3.480554583016783
result_only_coarsened_quantum.json,RC102,RC,RC1,All,Inflated,AveragePartitionSolver,Inflated AveragePartitionSolver,num_vehicles,4.0
result_only_coarsened_quantum.json,RC102,RC,RC1,All,Inflated,AveragePartitionSolver,Inflated AveragePartitionSolver,time_window_violations,0.0
result_only_coarsened_quantum.json,RC102,RC,RC1,All,Inflated,AveragePartitionSolver,Inflated AveragePartitionSolver,total_demand_served,320.0
result_only_coarsened_quantum.json,RC102,RC,RC1,All,Inflated,AveragePartitionSolver,Inflated AveragePartitionSolver,total_distance,375.2460150622948
result_only_coarsened_quantum.json,RC102,RC,RC1,All,Inflated,AveragePartitionSolver,Inflated AveragePartitionSolver,total_route_duration,680.3658796945729
result_only_coarsened_quantum.json,RC102,RC,RC1,All,Inflated,AveragePartitionSolver,Inflated AveragePartitionSolver,total_service_time,150.0
result_only_coarsened_quantum.json,RC102,RC,RC1,All,Inflated,AveragePartitionSolver,Inflated AveragePartitionSolver,total_waiting_time,155.11986463227805
result_only_coarsened_quantum.json,RC103,RC,RC1,All,Inflated,FullQubo,Inflated FullQubo,capacity_violations,0.0
result_only_coarsened_quantum.json,RC103,RC,RC1,All,Inflated,FullQubo,Inflated FullQubo,computation_time,3.4845289590302855
result_only_coarsened_quantum.json,RC103,RC,RC1,All,Inflated,FullQubo,Inflated FullQubo,num_vehicles,4.0
result_only_coarsened_quantum.json,RC103,RC,RC1,All,Inflated,FullQubo,Inflated FullQubo,time_window_violations,0.0
result_only_coarsened_quantum.json,RC103,RC,RC1,All,Inflated,FullQubo,Inflated FullQubo,total_demand_served,320.0
result_only_coarsened_quantum.json,RC103,RC,RC1,All,Inflated,FullQubo,Inflated FullQubo,total_distance,386.48751378717265
result_only_coarsened_quantum.json,RC103,RC,RC1,All,Inflated,FullQubo,Inflated FullQubo,total_route_duration,666.6399507696082
result_only_coarsened_quantum.json,RC103,RC,RC1,All,Inflated,FullQubo,Inflated FullQubo,total_service_time,150.0
result_only_coarsened_quantum.json,RC103,RC,RC1,All,Inflated,FullQubo,Inflated FullQubo,total_waiting_time,130.1524369824354
result_only_coarsened_quantum.json,RC103,RC,RC1,All,Inflated,AveragePartitionSolver,Inflated AveragePartitionSolver,capacity_violations,0.0
result_only_coarsened_quantum.json,RC103,RC,RC1,All,Inflated,AveragePartitionSolver,Inflated AveragePartitionSolver,computation_time,3.473263500025496
result_only_coarsened_quantum.json,RC103,RC,RC1,All,Inflated,AveragePartitionSolver,Inflated AveragePartitionSolver,num_vehicles,5.0
result_only_coarsened_quantum.json,RC103,RC,RC1,All,Inflated,AveragePartitionSolver,Inflated AveragePartitionSolver,time_window_violations,0.0
result_only_coarsened_quantum.json,RC103,RC,RC1,All,Inflated,AveragePartitionSolver,Inflated AveragePartitionSolver,total_demand_served,320.0
result_only_coarsened_quantum.json,RC103,RC,RC1,All,Inflated,AveragePartitionSolver,Inflated AveragePartitionSolver,total_distance,398.50544405962444
result_only_coarsened_quantum.json,RC103,RC,RC1,All,Inflated,AveragePartitionSolver,Inflated AveragePartitionSolver,total_route_duration,764.4202692475106
result_only_coarsened_quantum.json,RC103,RC,RC1,All,Inflated,AveragePartitionSolver,Inflated AveragePartitionSolver,total_service_time,150.0
result_only_coarsened_quantum.json,RC103,RC,RC1,All,Inflated,AveragePartitionSolver,Inflated AveragePartitionSolver,total_waiting_time,215.9148251878861
result_only_coarsened_quantum.json,RC104,RC,RC1,All,Inflated,FullQubo,Inflated FullQubo,capacity_violations,0.0
result_only_coarsened_quantum.json,RC104,RC,RC1,All,Inflated,FullQubo,Inflated FullQubo,computation_time,3.593593541998416
result_only_coarsened_quantum.json,RC104,RC,RC1,All,Inflated,FullQubo,Inflated FullQubo,num_vehicles,4.0
result_only_coarsened_quantum.json,RC104,RC,RC1,All,Inflated,FullQubo,Inflated FullQubo,time_window_violations,0.0
result_only_coarsened_quantum.json,RC104,RC,RC1,All,Inflated,FullQubo,Inflated FullQubo,total_demand_served,320.0
result_only_coarsened_quantum.json,RC104,RC,RC1,All,Inflated,FullQubo,Inflated FullQubo,total_distance,372.10549230777195
result_only_coarsened_quantum.json,RC104,RC,RC1,All,Inflated,FullQubo,Inflated FullQubo,total_route_duration,641.2683748214965
result_only_coarsened_quantum.json,RC104,RC,RC1,All,Inflated,FullQubo,Inflated FullQubo,total_service_time,150.0
result_only_coarsened_quantum.json,RC104,RC,RC1,All,Inflated,FullQubo,Inflated FullQubo,total_waiting_time,119.16288251372461
result_only_coarsened_quantum.json,RC104,RC,RC1,All,Inflated,AveragePartitionSolver,Inflated AveragePartitionSolver,capacity_violations,0.0
result_only_coarsened_quantum.json,RC104,RC,RC1,All,Inflated,AveragePartitionSolver,Inflated AveragePartitionSolver,computation_time,3.597309916978702
result_only_coarsened_quantum.json,RC104,RC,RC1,All,Inflated,AveragePartitionSolver,Inflated AveragePartitionSolver,num_vehicles,6.0
result_only_coarsened_quantum.json,RC104,RC,RC1,All,Inflated,AveragePartitionSolver,Inflated AveragePartitionSolver,time_window_violations,0.0
result_only_coarsened_quantum.json,RC104,RC,RC1,All,Inflated,AveragePartitionSolver,Inflated AveragePartitionSolver,total_demand_served,320.0
result_only_coarsened_quantum.json,RC104,RC,RC1,All,Inflated,AveragePartitionSolver,Inflated AveragePartitionSolver,total_distance,501.00003068302914
result_only_coarsened_quantum.json,RC104,RC,RC1,All,Inflated,AveragePartitionSolver,Inflated AveragePartitionSolver,total_route_duration,935.8594868076397
result_only_coarsened_quantum.json,RC104,RC,RC1,All,Inflated,AveragePartitionSolver,Inflated AveragePartitionSolver,total_service_time,150.0
result_only_coarsened_quantum.json,RC104,RC,RC1,All,Inflated,AveragePartitionSolver,Inflated AveragePartitionSolver,total_waiting_time,284.85945612461046
result_only_coarsened_quantum.json,RC105,RC,RC1,All,Inflated,FullQubo,Inflated FullQubo,capacity_violations,0.0
result_only_coarsened_quantum.json,RC105,RC,RC1,All,Inflated,FullQubo,Inflated FullQubo,computation_time,3.5967032499611378
result_only_coarsened_quantum.json,RC105,RC,RC1,All,Inflated,FullQubo,Inflated FullQubo,num_vehicles,5.0
result_only_coarsened_quantum.json,RC105,RC,RC1,All,Inflated,FullQubo,Inflated FullQubo,time_window_violations,0.0
result_only_coarsened_quantum.json,RC105,RC,RC1,All,Inflated,FullQubo,Inflated FullQubo,total_demand_served,320.0
result_only_coarsened_quantum.json,RC105,RC,RC1,All,Inflated,FullQubo,Inflated FullQubo,total_distance,407.70128768987695
result_only_coarsened_quantum.json,RC105,RC,RC1,All,Inflated,FullQubo,Inflated FullQubo,total_route_duration,893.1263096030768
result_only_coarsened_quantum.json,RC105,RC,RC1,All,Inflated,FullQubo,Inflated FullQubo,total_service_time,150.0
result_only_coarsened_quantum.json,RC105,RC,RC1,All,Inflated,FullQubo,Inflated FullQubo,total_waiting_time,335.42502191319994
result_only_coarsened_quantum.json,RC105,RC,RC1,All,Inflated,AveragePartitionSolver,Inflated AveragePartitionSolver,capacity_violations,0.0
result_only_coarsened_quantum.json,RC105,RC,RC1,All,Inflated,AveragePartitionSolver,Inflated AveragePartitionSolver,computation_time,3.6008874580147676
result_only_coarsened_quantum.json,RC105,RC,RC1,All,Inflated,AveragePartitionSolver,Inflated AveragePartitionSolver,num_vehicles,5.0
result_only_coarsened_quantum.json,RC105,RC,RC1,All,Inflated,AveragePartitionSolver,Inflated AveragePartitionSolver,time_window_violations,0.0
result_only_coarsened_quantum.json,RC105,RC,RC1,All,Inflated,AveragePartitionSolver,Inflated AveragePartitionSolver,total_demand_served,320.0
result_only_coarsened_quantum.json,RC105,RC,RC1,All,Inflated,AveragePartitionSolver,Inflated AveragePartitionSolver,total_distance,408.47151730995637
result_only_coarsened_quantum.json,RC105,RC,RC1,All,Inflated,AveragePartitionSolver,Inflated AveragePartitionSolver,total_route_duration,845.79729841017
result_only_coarsened_quantum.json,RC105,RC,RC1,All,Inflated,AveragePartitionSolver,Inflated AveragePartitionSolver,total_service_time,150.0
result_only_coarsened_quantum.json,RC105,RC,RC1,All,Inflated,AveragePartitionSolver,Inflated AveragePartitionSolver,total_waiting_time,287.32578110021376
result_only_coarsened_quantum.json,RC106,RC,RC1,All,Inflated,FullQubo,Inflated FullQubo,capacity_violations,0.0
result_only_coarsened_quantum.json,RC106,RC,RC1,All,Inflated,FullQubo,Inflated FullQubo,computation_time,2.670700874994509
result_only_coarsened_quantum.json,RC106,RC,RC1,All,Inflated,FullQubo,Inflated FullQubo,num_vehicles,5.0
result_only_coarsened_quantum.json,RC106,RC,RC1,All,Inflated,FullQubo,Inflated FullQubo,time_window_violations,0.0
result_only_coarsened_quantum.json,RC106,RC,RC1,All,Inflated,FullQubo,Inflated FullQubo,total_demand_served,320.0
result_only_coarsened_quantum.json,RC106,RC,RC1,All,Inflated,FullQubo,Inflated FullQubo,total_distance,460.0266161508086
result_only_coarsened_quantum.json,RC106,RC,RC1,All,Inflated,FullQubo,Inflated FullQubo,total_route_duration,835.8761287508241
result_only_coarsened_quantum.json,RC106,RC,RC1,All,Inflated,FullQubo,Inflated FullQubo,total_service_time,150.0
result_only_coarsened_quantum.json,RC106,RC,RC1,All,Inflated,FullQubo,Inflated FullQubo,total_waiting_time,225.84951260001566
result_only_coarsened_quantum.json,RC106,RC,RC1,All,Inflated,AveragePartitionSolver,Inflated AveragePartitionSolver,capacity_violations,0.0
result_only_coarsened_quantum.json,RC106,RC,RC1,All,Inflated,AveragePartitionSolver,Inflated AveragePartitionSolver,computation_time,2.68158474995289
result_only_coarsened_quantum.json,RC106,RC,RC1,All,Inflated,AveragePartitionSolver,Inflated AveragePartitionSolver,num_vehicles,5.0
result_only_coarsened_quantum.json,RC106,RC,RC1,All,Inflated,AveragePartitionSolver,Inflated AveragePartitionSolver,time_window_violations,0.0
result_only_coarsened_quantum.json,RC106,RC,RC1,All,Inflated,AveragePartitionSolver,Inflated AveragePartitionSolver,total_demand_served,320.0
result_only_coarsened_quantum.json,RC106,RC,RC1,All,Inflated,AveragePartitionSolver,Inflated AveragePartitionSolver,total_distance,452.6094529339489
result_only_coarsened_quantum.json,RC106,RC,RC1,All,Inflated,AveragePartitionSolver,Inflated AveragePartitionSolver,total_route_duration,831.1116007840847
result_only_coarsened_quantum.json,RC106,RC,RC1,All,Inflated,AveragePartitionSolver,Inflated AveragePartitionSolver,total_service_time,150.0
result_only_coarsened_quantum.json,RC106,RC,RC1,All,Inflated,AveragePartitionSolver,Inflated AveragePartitionSolver,total_waiting_time,228.50214785013594
result_only_coarsened_quantum.json,RC107,RC,RC1,All,Inflated,FullQubo,Inflated FullQubo,capacity_violations,0.0
result_only_coarsened_quantum.json,RC107,RC,RC1,All,Inflated,FullQubo,Inflated FullQubo,computation_time,2.6474291660124436
result_only_coarsened_quantum.json,RC107,RC,RC1,All,Inflated,FullQubo,Inflated FullQubo,num_vehicles,3.0
result_only_coarsened_quantum.json,RC107,RC,RC1,All,Inflated,FullQubo,Inflated FullQubo,time_window_violations,5.0
result_only_coarsened_quantum.json,RC107,RC,RC1,All,Inflated,FullQubo,Inflated FullQubo,total_demand_served,320.0
result_only_coarsened_quantum.json,RC107,RC,RC1,All,Inflated,FullQubo,Inflated FullQubo,total_distance,342.6000914767029
result_only_coarsened_quantum.json,RC107,RC,RC1,All,Inflated,FullQubo,Inflated FullQubo,total_route_duration,587.127620074384
result_only_coarsened_quantum.json,RC107,RC,RC1,All,Inflated,FullQubo,Inflated FullQubo,total_service_time,150.0
result_only_coarsened_quantum.json,RC107,RC,RC1,All,Inflated,FullQubo,Inflated FullQubo,total_waiting_time,94.52752859768115
result_only_coarsened_quantum.json,RC107,RC,RC1,All,Inflated,AveragePartitionSolver,Inflated AveragePartitionSolver,capacity_violations,0.0
result_only_coarsened_quantum.json,RC107,RC,RC1,All,Inflated,AveragePartitionSolver,Inflated AveragePartitionSolver,computation_time,2.644207584031392
result_only_coarsened_quantum.json,RC107,RC,RC1,All,Inflated,AveragePartitionSolver,Inflated AveragePartitionSolver,num_vehicles,4.0
result_only_coarsened_quantum.json,RC107,RC,RC1,All,Inflated,AveragePartitionSolver,Inflated AveragePartitionSolver,time_window_violations,0.0
result_only_coarsened_quantum.json,RC107,RC,RC1,All,Inflated,AveragePartitionSolver,Inflated AveragePartitionSolver,total_demand_served,320.0
result_only_coarsened_quantum.json,RC107,RC,RC1,All,Inflated,AveragePartitionSolver,Inflated AveragePartitionSolver,total_distance,330.2969435464421
result_only_coarsened_quantum.json,RC107,RC,RC1,All,Inflated,AveragePartitionSolver,Inflated AveragePartitionSolver,total_route_duration,575.4691330847959
result_only_coarsened_quantum.json,RC107,RC,RC1,All,Inflated,AveragePartitionSolver,Inflated AveragePartitionSolver,total_service_time,150.0
result_only_coarsened_quantum.json,RC107,RC,RC1,All,Inflated,AveragePartitionSolver,Inflated AveragePartitionSolver,total_waiting_time,95.17218953835378
result_only_coarsened_quantum.json,RC108,RC,RC1,All,Inflated,FullQubo,Inflated FullQubo,capacity_violations,0.0
result_only_coarsened_quantum.json,RC108,RC,RC1,All,Inflated,FullQubo,Inflated FullQubo,computation_time,1.8445725410128944
result_only_coarsened_quantum.json,RC108,RC,RC1,All,Inflated,FullQubo,Inflated FullQubo,num_vehicles,4.0
result_only_coarsened_quantum.json,RC108,RC,RC1,All,Inflated,FullQubo,Inflated FullQubo,time_window_violations,0.0
result_only_coarsened_quantum.json,RC108,RC,RC1,All,Inflated,FullQubo,Inflated FullQubo,total_demand_served,320.0
result_only_coarsened_quantum.json,RC108,RC,RC1,All,Inflated,FullQubo,Inflated FullQubo,total_distance,363.3227599234914
result_only_coarsened_quantum.json,RC108,RC,RC1,All,Inflated,FullQubo,Inflated FullQubo,total_route_duration,604.2841605653291
result_only_coarsened_quantum.json,RC108,RC,RC1,All,Inflated,FullQubo,Inflated FullQubo,total_service_time,150.0
result_only_coarsened_quantum.json,RC108,RC,RC1,All,Inflated,FullQubo,Inflated FullQubo,total_waiting_time,90.96140064183774
result_only_coarsened_quantum.json,RC108,RC,RC1,All,Inflated,AveragePartitionSolver,Inflated AveragePartitionSolver,capacity_violations,0.0
result_only_coarsened_quantum.json,RC108,RC,RC1,All,Inflated,AveragePartitionSolver,Inflated AveragePartitionSolver,computation_time,1.846680374990683
result_only_coarsened_quantum.json,RC108,RC,RC1,All,Inflated,AveragePartitionSolver,Inflated AveragePartitionSolver,num_vehicles,4.0
result_only_coarsened_quantum.json,RC108,RC,RC1,All,Inflated,AveragePartitionSolver,Inflated AveragePartitionSolver,time_window_violations,0.0
result_only_coarsened_quantum.json,RC108,RC,RC1,All,Inflated,AveragePartitionSolver,Inflated AveragePartitionSolver,total_demand_served,320.0
result_only_coarsened_quantum.json,RC108,RC,RC1,All,Inflated,AveragePartitionSolver,Inflated AveragePartitionSolver,total_distance,358.6631577582655
result_only_coarsened_quantum.json,RC108,RC,RC1,All,Inflated,AveragePartitionSolver,Inflated AveragePartitionSolver,total_route_duration,599.6245584001033
result_only_coarsened_quantum.json,RC108,RC,RC1,All,Inflated,AveragePartitionSolver,Inflated AveragePartitionSolver,total_service_time,150.0
result_only_coarsened_quantum.json,RC108,RC,RC1,All,Inflated,AveragePartitionSolver,Inflated AveragePartitionSolver,total_waiting_time,90.96140064183774
result_only_coarsened_quantum.json,RC201,RC,RC2,All,Inflated,FullQubo,Inflated FullQubo,capacity_violations,0.0
result_only_coarsened_quantum.json,RC201,RC,RC2,All,Inflated,FullQubo,Inflated FullQubo,computation_time,7.965879583964124
result_only_coarsened_quantum.json,RC201,RC,RC2,All,Inflated,FullQubo,Inflated FullQubo,num_vehicles,3.0
result_only_coarsened_quantum.json,RC201,RC,RC2,All,Inflated,FullQubo,Inflated FullQubo,time_window_violations,0.0
result_only_coarsened_quantum.json,RC201,RC,RC2,All,Inflated,FullQubo,Inflated FullQubo,total_demand_served,320.0
result_only_coarsened_quantum.json,RC201,RC,RC2,All,Inflated,FullQubo,Inflated FullQubo,total_distance,376.0732627069396
result_only_coarsened_quantum.json,RC201,RC,RC2,All,Inflated,FullQubo,Inflated FullQubo,total_route_duration,1942.5150683669478
result_only_coarsened_quantum.json,RC201,RC,RC2,All,Inflated,FullQubo,Inflated FullQubo,total_service_time,150.0
result_only_coarsened_quantum.json,RC201,RC,RC2,All,Inflated,FullQubo,Inflated FullQubo,total_waiting_time,1416.4418056600082
result_only_coarsened_quantum.json,RC201,RC,RC2,All,Inflated,AveragePartitionSolver,Inflated AveragePartitionSolver,capacity_violations,0.0
result_only_coarsened_quantum.json,RC201,RC,RC2,All,Inflated,AveragePartitionSolver,Inflated AveragePartitionSolver,computation_time,7.980531624983996
result_only_coarsened_quantum.json,RC201,RC,RC2,All,Inflated,AveragePartitionSolver,Inflated AveragePartitionSolver,num_vehicles,5.0
result_only_coarsened_quantum.json,RC201,RC,RC2,All,Inflated,AveragePartitionSolver,Inflated AveragePartitionSolver,time_window_violations,0.0
result_only_coarsened_quantum.json,RC201,RC,RC2,All,Inflated,AveragePartitionSolver,Inflated AveragePartitionSolver,total_demand_served,320.0
result_only_coarsened_quantum.json,RC201,RC,RC2,All,Inflated,AveragePartitionSolver,Inflated AveragePartitionSolver,total_distance,508.6881594322059
result_only_coarsened_quantum.json,RC201,RC,RC2,All,Inflated,AveragePartitionSolver,Inflated AveragePartitionSolver,total_route_duration,2505.558922256842
result_only_coarsened_quantum.json,RC201,RC,RC2,All,Inflated,AveragePartitionSolver,Inflated AveragePartitionSolver,total_service_time,150.0
result_only_coarsened_quantum.json,RC201,RC,RC2,All,Inflated,AveragePartitionSolver,Inflated AveragePartitionSolver,total_waiting_time,1846.8707628246357
result_only_coarsened_quantum.json,RC202,RC,RC2,All,Inflated,FullQubo,Inflated FullQubo,capacity_violations,0.0
result_only_coarsened_quantum.json,RC202,RC,RC2,All,Inflated,FullQubo,Inflated FullQubo,computation_time,3.132194125035312
result_only_coarsened_quantum.json,RC202,RC,RC2,All,Inflated,FullQubo,Inflated FullQubo,num_vehicles,4.0
result_only_coarsened_quantum.json,RC202,RC,RC2,All,Inflated,FullQubo,Inflated FullQubo,time_window_violations,0.0
result_only_coarsened_quantum.json,RC202,RC,RC2,All,Inflated,FullQubo,Inflated FullQubo,total_demand_served,320.0
result_only_coarsened_quantum.json,RC202,RC,RC2,All,Inflated,FullQubo,Inflated FullQubo,total_distance,419.9208014187512
result_only_coarsened_quantum.json,RC202,RC,RC2,All,Inflated,FullQubo,Inflated FullQubo,total_route_duration,2021.7591225718288
result_only_coarsened_quantum.json,RC202,RC,RC2,All,Inflated,FullQubo,Inflated FullQubo,total_service_time,150.0
result_only_coarsened_quantum.json,RC202,RC,RC2,All,Inflated,FullQubo,Inflated FullQubo,total_waiting_time,1451.8383211530775
result_only_coarsened_quantum.json,RC202,RC,RC2,All,Inflated,AveragePartitionSolver,Inflated AveragePartitionSolver,capacity_violations,0.0
result_only_coarsened_quantum.json,RC202,RC,RC2,All,Inflated,AveragePartitionSolver,Inflated AveragePartitionSolver,computation_time,3.1223889170214534
result_only_coarsened_quantum.json,RC202,RC,RC2,All,Inflated,AveragePartitionSolver,Inflated AveragePartitionSolver,num_vehicles,5.0
result_only_coarsened_quantum.json,RC202,RC,RC2,All,Inflated,AveragePartitionSolver,Inflated AveragePartitionSolver,time_window_violations,0.0
result_only_coarsened_quantum.json,RC202,RC,RC2,All,Inflated,AveragePartitionSolver,Inflated AveragePartitionSolver,total_demand_served,320.0
result_only_coarsened_quantum.json,RC202,RC,RC2,All,Inflated,AveragePartitionSolver,Inflated AveragePartitionSolver,total_distance,403.6897382214397
result_only_coarsened_quantum.json,RC202,RC,RC2,All,Inflated,AveragePartitionSolver,Inflated AveragePartitionSolver,total_route_duration,2544.182524275986
result_only_coarsened_quantum.json,RC202,RC,RC2,All,Inflated,AveragePartitionSolver,Inflated AveragePartitionSolver,total_service_time,150.0
result_only_coarsened_quantum.json,RC202,RC,RC2,All,Inflated,AveragePartitionSolver,Inflated AveragePartitionSolver,total_waiting_time,1990.4927860545467
result_only_coarsened_quantum.json,RC203,RC,RC2,All,Inflated,FullQubo,Inflated FullQubo,capacity_violations,0.0
result_only_coarsened_quantum.json,RC203,RC,RC2,All,Inflated,FullQubo,Inflated FullQubo,computation_time,4.298042209004052
result_only_coarsened_quantum.json,RC203,RC,RC2,All,Inflated,FullQubo,Inflated FullQubo,num_vehicles,2.0
result_only_coarsened_quantum.json,RC203,RC,RC2,All,Inflated,FullQubo,Inflated FullQubo,time_window_violations,0.0
result_only_coarsened_quantum.json,RC203,RC,RC2,All,Inflated,FullQubo,Inflated FullQubo,total_demand_served,320.0
result_only_coarsened_quantum.json,RC203,RC,RC2,All,Inflated,FullQubo,Inflated FullQubo,total_distance,362.54427278809345
result_only_coarsened_quantum.json,RC203,RC,RC2,All,Inflated,FullQubo,Inflated FullQubo,total_route_duration,862.9031847026575
result_only_coarsened_quantum.json,RC203,RC,RC2,All,Inflated,FullQubo,Inflated FullQubo,total_service_time,150.0
result_only_coarsened_quantum.json,RC203,RC,RC2,All,Inflated,FullQubo,Inflated FullQubo,total_waiting_time,350.358911914564
result_only_coarsened_quantum.json,RC203,RC,RC2,All,Inflated,AveragePartitionSolver,Inflated AveragePartitionSolver,capacity_violations,0.0
result_only_coarsened_quantum.json,RC203,RC,RC2,All,Inflated,AveragePartitionSolver,Inflated AveragePartitionSolver,computation_time,4.294534542015754
result_only_coarsened_quantum.json,RC203,RC,RC2,All,Inflated,AveragePartitionSolver,Inflated AveragePartitionSolver,num_vehicles,4.0
result_only_coarsened_quantum.json,RC203,RC,RC2,All,Inflated,AveragePartitionSolver,Inflated AveragePartitionSolver,time_window_violations,0.0
result_only_coarsened_quantum.json,RC203,RC,RC2,All,Inflated,AveragePartitionSolver,Inflated AveragePartitionSolver,total_demand_served,320.0
result_only_coarsened_quantum.json,RC203,RC,RC2,All,Inflated,AveragePartitionSolver,Inflated AveragePartitionSolver,total_distance,387.2186548917917
result_only_coarsened_quantum.json,RC203,RC,RC2,All,Inflated,AveragePartitionSolver,Inflated AveragePartitionSolver,total_route_duration,2162.4226603254556
result_only_coarsened_quantum.json,RC203,RC,RC2,All,Inflated,AveragePartitionSolver,Inflated AveragePartitionSolver,total_service_time,150.0
result_only_coarsened_quantum.json,RC203,RC,RC2,All,Inflated,AveragePartitionSolver,Inflated AveragePartitionSolver,total_waiting_time,1625.2040054336637
result_only_coarsened_quantum.json,RC204,RC,RC2,All,Inflated,FullQubo,Inflated FullQubo,capacity_violations,0.0
result_only_coarsened_quantum.json,RC204,RC,RC2,All,Inflated,FullQubo,Inflated FullQubo,computation_time,3.176677124982234
result_only_coarsened_quantum.json,RC204,RC,RC2,All,Inflated,FullQubo,Inflated FullQubo,num_vehicles,4.0
result_only_coarsened_quantum.json,RC204,RC,RC2,All,Inflated,FullQubo,Inflated FullQubo,time_window_violations,0.0
result_only_coarsened_quantum.json,RC204,RC,RC2,All,Inflated,FullQubo,Inflated FullQubo,total_demand_served,320.0
result_only_coarsened_quantum.json,RC204,RC,RC2,All,Inflated,FullQubo,Inflated FullQubo,total_distance,342.9251792764447
result_only_coarsened_quantum.json,RC204,RC,RC2,All,Inflated,FullQubo,Inflated FullQubo,total_route_duration,2085.134735239725
result_only_coarsened_quantum.json,RC204,RC,RC2,All,Inflated,FullQubo,Inflated FullQubo,total_service_time,150.0
result_only_coarsened_quantum.json,RC204,RC,RC2,All,Inflated,FullQubo,Inflated FullQubo,total_waiting_time,1592.2095559632803
result_only_coarsened_quantum.json,RC204,RC,RC2,All,Inflated,AveragePartitionSolver,Inflated AveragePartitionSolver,capacity_violations,0.0
result_only_coarsened_quantum.json,RC204,RC,RC2,All,Inflated,AveragePartitionSolver,Inflated AveragePartitionSolver,computation_time,3.18008529196959
result_only_coarsened_quantum.json,RC204,RC,RC2,All,Inflated,AveragePartitionSolver,Inflated AveragePartitionSolver,num_vehicles,3.0
result_only_coarsened_quantum.json,RC204,RC,RC2,All,Inflated,AveragePartitionSolver,Inflated AveragePartitionSolver,time_window_violations,0.0
result_only_coarsened_quantum.json,RC204,RC,RC2,All,Inflated,AveragePartitionSolver,Inflated AveragePartitionSolver,total_demand_served,320.0
result_only_coarsened_quantum.json,RC204,RC,RC2,All,Inflated,AveragePartitionSolver,Inflated AveragePartitionSolver,total_distance,389.34503596126393
result_only_coarsened_quantum.json,RC204,RC,RC2,All,Inflated,AveragePartitionSolver,Inflated AveragePartitionSolver,total_route_duration,1704.3879346985914
result_only_coarsened_quantum.json,RC204,RC,RC2,All,Inflated,AveragePartitionSolver,Inflated AveragePartitionSolver,total_service_time,150.0
result_only_coarsened_quantum.json,RC204,RC,RC2,All,Inflated,AveragePartitionSolver,Inflated AveragePartitionSolver,total_waiting_time,1165.0428987373275
result_only_coarsened_quantum.json,RC205,RC,RC2,All,Inflated,FullQubo,Inflated FullQubo,capacity_violations,0.0
result_only_coarsened_quantum.json,RC205,RC,RC2,All,Inflated,FullQubo,Inflated FullQubo,computation_time,4.293461334018502
result_only_coarsened_quantum.json,RC205,RC,RC2,All,Inflated,FullQubo,Inflated FullQubo,num_vehicles,4.0
result_only_coarsened_quantum.json,RC205,RC,RC2,All,Inflated,FullQubo,Inflated FullQubo,time_window_violations,0.0
result_only_coarsened_quantum.json,RC205,RC,RC2,All,Inflated,FullQubo,Inflated FullQubo,total_demand_served,320.0
result_only_coarsened_quantum.json,RC205,RC,RC2,All,Inflated,FullQubo,Inflated FullQubo,total_distance,419.33809557847434
result_only_coarsened_quantum.json,RC205,RC,RC2,All,Inflated,FullQubo,Inflated FullQubo,total_route_duration,2496.0588064963367
result_only_coarsened_quantum.json,RC205,RC,RC2,All,Inflated,FullQubo,Inflated FullQubo,total_service_time,150.0
result_only_coarsened_quantum.json,RC205,RC,RC2,All,Inflated,FullQubo,Inflated FullQubo,total_waiting_time,1926.7207109178623
result_only_coarsened_quantum.json,RC205,RC,RC2,All,Inflated,AveragePartitionSolver,Inflated AveragePartitionSolver,capacity_violations,0.0
result_only_coarsened_quantum.json,RC205,RC,RC2,All,Inflated,AveragePartitionSolver,Inflated AveragePartitionSolver,computation_time,4.280509542033542
result_only_coarsened_quantum.json,RC205,RC,RC2,All,Inflated,AveragePartitionSolver,Inflated AveragePartitionSolver,num_vehicles,4.0
result_only_coarsened_quantum.json,RC205,RC,RC2,All,Inflated,AveragePartitionSolver,Inflated AveragePartitionSolver,time_window_violations,0.0
result_only_coarsened_quantum.json,RC205,RC,RC2,All,Inflated,AveragePartitionSolver,Inflated AveragePartitionSolver,total_demand_served,320.0
result_only_coarsened_quantum.json,RC205,RC,RC2,All,Inflated,AveragePartitionSolver,Inflated AveragePartitionSolver,total_distance,465.6348459252458
result_only_coarsened_quantum.json,RC205,RC,RC2,All,Inflated,AveragePartitionSolver,Inflated AveragePartitionSolver,total_route_duration,2496.0588064963367
result_only_coarsened_quantum.json,RC205,RC,RC2,All,Inflated,AveragePartitionSolver,Inflated AveragePartitionSolver,total_service_time,150.0
result_only_coarsened_quantum.json,RC205,RC,RC2,All,Inflated,AveragePartitionSolver,Inflated AveragePartitionSolver,total_waiting_time,1880.423960571091
result_only_coarsened_quantum.json,RC206,RC,RC2,All,Inflated,FullQubo,Inflated FullQubo,capacity_violations,0.0
result_only_coarsened_quantum.json,RC206,RC,RC2,All,Inflated,FullQubo,Inflated FullQubo,computation_time,4.224704666004982
result_only_coarsened_quantum.json,RC206,RC,RC2,All,Inflated,FullQubo,Inflated FullQubo,num_vehicles,4.0
result_only_coarsened_quantum.json,RC206,RC,RC2,All,Inflated,FullQubo,Inflated FullQubo,time_window_violations,0.0
result_only_coarsened_quantum.json,RC206,RC,RC2,All,Inflated,FullQubo,Inflated FullQubo,total_demand_served,320.0
result_only_coarsened_quantum.json,RC206,RC,RC2,All,Inflated,FullQubo,Inflated FullQubo,total_distance,380.4288746411064
result_only_coarsened_quantum.json,RC206,RC,RC2,All,Inflated,FullQubo,Inflated FullQubo,total_route_duration,1540.6338671803092
result_only_coarsened_quantum.json,RC206,RC,RC2,All,Inflated,FullQubo,Inflated FullQubo,total_service_time,150.0
result_only_coarsened_quantum.json,RC206,RC,RC2,All,Inflated,FullQubo,Inflated FullQubo,total_waiting_time,1010.2049925392027
result_only_coarsened_quantum.json,RC206,RC,RC2,All,Inflated,AveragePartitionSolver,Inflated AveragePartitionSolver,capacity_violations,0.0
result_only_coarsened_quantum.json,RC206,RC,RC2,All,Inflated,AveragePartitionSolver,Inflated AveragePartitionSolver,computation_time,4.186280374997295
result_only_coarsened_quantum.json,RC206,RC,RC2,All,Inflated,AveragePartitionSolver,Inflated AveragePartitionSolver,num_vehicles,2.0
result_only_coarsened_quantum.json,RC206,RC,RC2,All,Inflated,AveragePartitionSolver,Inflated AveragePartitionSolver,time_window_violations,0.0
result_only_coarsened_quantum.json,RC206,RC,RC2,All,Inflated,AveragePartitionSolver,Inflated AveragePartitionSolver,total_demand_served,320.0
result_only_coarsened_quantum.json,RC206,RC,RC2,All,Inflated,AveragePartitionSolver,Inflated AveragePartitionSolver,total_distance,286.56317225106795
result_only_coarsened_quantum.json,RC206,RC,RC2,All,Inflated,AveragePartitionSolver,Inflated AveragePartitionSolver,total_route_duration,1317.205446095825
result_only_coarsened_quantum.json,RC206,RC,RC2,All,Inflated,AveragePartitionSolver,Inflated AveragePartitionSolver,total_service_time,150.0
result_only_coarsened_quantum.json,RC206,RC,RC2,All,Inflated,AveragePartitionSolver,Inflated AveragePartitionSolver,total_waiting_time,880.642273844757
result_only_coarsened_quantum.json,RC207,RC,RC2,All,Inflated,FullQubo,Inflated FullQubo,capacity_violations,0.0
result_only_coarsened_quantum.json,RC207,RC,RC2,All,Inflated,FullQubo,Inflated FullQubo,computation_time,3.1391591249848716
result_only_coarsened_quantum.json,RC207,RC,RC2,All,Inflated,FullQubo,Inflated FullQubo,num_vehicles,3.0
result_only_coarsened_quantum.json,RC207,RC,RC2,All,Inflated,FullQubo,Inflated FullQubo,time_window_violations,0.0
result_only_coarsened_quantum.json,RC207,RC,RC2,All,Inflated,FullQubo,Inflated FullQubo,total_demand_served,320.0
result_only_coarsened_quantum.json,RC207,RC,RC2,All,Inflated,FullQubo,Inflated FullQubo,total_distance,308.7170264996994
result_only_coarsened_quantum.json,RC207,RC,RC2,All,Inflated,FullQubo,Inflated FullQubo,total_route_duration,1300.9635746601377
result_only_coarsened_quantum.json,RC207,RC,RC2,All,Inflated,FullQubo,Inflated FullQubo,total_service_time,150.0
result_only_coarsened_quantum.json,RC207,RC,RC2,All,Inflated,FullQubo,Inflated FullQubo,total_waiting_time,842.2465481604385
result_only_coarsened_quantum.json,RC207,RC,RC2,All,Inflated,AveragePartitionSolver,Inflated AveragePartitionSolver,capacity_violations,0.0
result_only_coarsened_quantum.json,RC207,RC,RC2,All,Inflated,AveragePartitionSolver,Inflated AveragePartitionSolver,computation_time,3.138548917020671
result_only_coarsened_quantum.json,RC207,RC,RC2,All,Inflated,AveragePartitionSolver,Inflated AveragePartitionSolver,num_vehicles,3.0
result_only_coarsened_quantum.json,RC207,RC,RC2,All,Inflated,AveragePartitionSolver,Inflated AveragePartitionSolver,time_window_violations,0.0
result_only_coarsened_quantum.json,RC207,RC,RC2,All,Inflated,AveragePartitionSolver,Inflated AveragePartitionSolver,total_demand_served,320.0
result_only_coarsened_quantum.json,RC207,RC,RC2,All,Inflated,AveragePartitionSolver,Inflated AveragePartitionSolver,total_distance,310.35847115482426
result_only_coarsened_quantum.json,RC207,RC,RC2,All,Inflated,AveragePartitionSolver,Inflated AveragePartitionSolver,total_route_duration,1651.213243813279
result_only_coarsened_quantum.json,RC207,RC,RC2,All,Inflated,AveragePartitionSolver,Inflated AveragePartitionSolver,total_service_time,150.0
result_only_coarsened_quantum.json,RC207,RC,RC2,All,Inflated,AveragePartitionSolver,Inflated AveragePartitionSolver,total_waiting_time,1190.8547726584547
result_only_coarsened_quantum.json,RC208,RC,RC2,All,Inflated,FullQubo,Inflated FullQubo,capacity_violations,0.0
result_only_coarsened_quantum.json,RC208,RC,RC2,All,Inflated,FullQubo,Inflated FullQubo,computation_time,2.2116160000441596
result_only_coarsened_quantum.json,RC208,RC,RC2,All,Inflated,FullQubo,Inflated FullQubo,num_vehicles,3.0
result_only_coarsened_quantum.json,RC208,RC,RC2,All,Inflated,FullQubo,Inflated FullQubo,time_window_violations,0.0
result_only_coarsened_quantum.json,RC208,RC,RC2,All,Inflated,FullQubo,Inflated FullQubo,total_demand_served,320.0
result_only_coarsened_quantum.json,RC208,RC,RC2,All,Inflated,FullQubo,Inflated FullQubo,total_distance,312.3263954761291
result_only_coarsened_quantum.json,RC208,RC,RC2,All,Inflated,FullQubo,Inflated FullQubo,total_route_duration,1118.3783112382923
result_only_coarsened_quantum.json,RC208,RC,RC2,All,Inflated,FullQubo,Inflated FullQubo,total_service_time,150.0
result_only_coarsened_quantum.json,RC208,RC,RC2,All,Inflated,FullQubo,Inflated FullQubo,total_waiting_time,656.0519157621633
result_only_coarsened_quantum.json,RC208,RC,RC2,All,Inflated,AveragePartitionSolver,Inflated AveragePartitionSolver,capacity_violations,0.0
result_only_coarsened_quantum.json,RC208,RC,RC2,All,Inflated,AveragePartitionSolver,Inflated AveragePartitionSolver,computation_time,2.211266624974087
result_only_coarsened_quantum.json,RC208,RC,RC2,All,Inflated,AveragePartitionSolver,Inflated AveragePartitionSolver,num_vehicles,3.0
result_only_coarsened_quantum.json,RC208,RC,RC2,All,Inflated,AveragePartitionSolver,Inflated AveragePartitionSolver,time_window_violations,0.0
result_only_coarsened_quantum.json,RC208,RC,RC2,All,Inflated,AveragePartitionSolver,Inflated AveragePartitionSolver,total_demand_served,320.0
result_only_coarsened_quantum.json,RC208,RC,RC2,All,Inflated,AveragePartitionSolver,Inflated AveragePartitionSolver,total_distance,307.91696238829314
result_only_coarsened_quantum.json,RC208,RC,RC2,All,Inflated,AveragePartitionSolver,Inflated AveragePartitionSolver,total_route_duration,1402.3805283943689
result_only_coarsened_quantum.json,RC208,RC,RC2,All,Inflated,AveragePartitionSolver,Inflated AveragePartitionSolver,total_service_time,150.0
result_only_coarsened_quantum.json,RC208,RC,RC2,All,Inflated,AveragePartitionSolver,Inflated AveragePartitionSolver,total_waiting_time,944.4635660060757
result_quantum_10customer.json,C101,C,C1,N10,Uncoarsened,FullQubo,N10 Uncoarsened FullQubo,capacity_violations,0.0
result_quantum_10customer.json,C101,C,C1,N10,Uncoarsened,FullQubo,N10 Uncoarsened FullQubo,computation_time,30.349256832967512
result_quantum_10customer.json,C101,C,C1,N10,Uncoarsened,FullQubo,N10 Uncoarsened FullQubo,num_vehicles,4.0
result_quantum_10customer.json,C101,C,C1,N10,Uncoarsened,FullQubo,N10 Uncoarsened FullQubo,time_window_violations,0.0
result_quantum_10customer.json,C101,C,C1,N10,Uncoarsened,FullQubo,N10 Uncoarsened FullQubo,total_demand_served,150.0
result_quantum_10customer.json,C101,C,C1,N10,Uncoarsened,FullQubo,N10 Uncoarsened FullQubo,total_distance,164.78052643249865
result_quantum_10customer.json,C101,C,C1,N10,Uncoarsened,FullQubo,N10 Uncoarsened FullQubo,total_route_duration,3150.060124434598
result_quantum_10customer.json,C101,C,C1,N10,Uncoarsened,FullQubo,N10 Uncoarsened FullQubo,total_service_time,900.0
result_quantum_10customer.json,C101,C,C1,N10,Uncoarsened,FullQubo,N10 Uncoarsened FullQubo,total_waiting_time,2085.279598002099
result_quantum_10customer.json,C101,C,C1,N10,Uncoarsened,AveragePartitionSolver,N10 Uncoarsened AveragePartitionSolver,capacity_violations,0.0
result_quantum_10customer.json,C101,C,C1,N10,Uncoarsened,AveragePartitionSolver,N10 Uncoarsened AveragePartitionSolver,computation_time,30.464568666997366
result_quantum_10customer.json,C101,C,C1,N10,Uncoarsened,AveragePartitionSolver,N10 Uncoarsened AveragePartitionSolver,num_vehicles,2.0
result_quantum_10customer.json,C101,C,C1,N10,Uncoarsened,AveragePartitionSolver,N10 Uncoarsened AveragePartitionSolver,time_window_violations,0.0
result_quantum_10customer.json,C101,C,C1,N10,Uncoarsened,AveragePartitionSolver,N10 Uncoarsened AveragePartitionSolver,total_demand_served,150.0
result_quantum_10customer.json,C101,C,C1,N10,Uncoarsened,AveragePartitionSolver,N10 Uncoarsened AveragePartitionSolver,total_distance,102.67457485982511
result_quantum_10customer.json,C101,C,C1,N10,Uncoarsened,AveragePartitionSolver,N10 Uncoarsened AveragePartitionSolver,total_route_duration,1956.2970698203576
result_quantum_10customer.json,C101,C,C1,N10,Uncoarsened,AveragePartitionSolver,N10 Uncoarsened AveragePartitionSolver,total_service_time,900.0
result_quantum_10customer.json,C101,C,C1,N10,Uncoarsened,AveragePartitionSolver,N10 Uncoarsened AveragePartitionSolver,total_waiting_time,953.6224949605325
result_quantum_10customer.json,C101,C,C1,N10,Inflated,FullQubo,N10 Inflated FullQubo,capacity_violations,0.0
result_quantum_10customer.json,C101,C,C1,N10,Inflated,FullQubo,N10 Inflated FullQubo,computation_time,3.759266542037949
result_quantum_10customer.json,C101,C,C1,N10,Inflated,FullQubo,N10 Inflated FullQubo,num_vehicles,2.0
result_quantum_10customer.json,C101,C,C1,N10,Inflated,FullQubo,N10 Inflated FullQubo,time_window_violations,0.0
result_quantum_10customer.json,C101,C,C1,N10,Inflated,FullQubo,N10 Inflated FullQubo,total_demand_served,150.0
result_quantum_10customer.json,C101,C,C1,N10,Inflated,FullQubo,N10 Inflated FullQubo,total_distance,93.2687855022323
result_quantum_10customer.json,C101,C,C1,N10,Inflated,FullQubo,N10 Inflated FullQubo,total_route_duration,1860.7923119685443
result_quantum_10customer.json,C101,C,C1,N10,Inflated,FullQubo,N10 Inflated FullQubo,total_service_time,900.0
result_quantum_10customer.json,C101,C,C1,N10,Inflated,FullQubo,N10 Inflated FullQubo,total_waiting_time,867.5235264663118
result_quantum_10customer.json,C101,C,C1,N10,Inflated,AveragePartitionSolver,N10 Inflated AveragePartitionSolver,capacity_violations,0.0
result_quantum_10customer.json,C101,C,C1,N10,Inflated,AveragePartitionSolver,N10 Inflated AveragePartitionSolver,computation_time,3.7596286250045523
result_quantum_10customer.json,C101,C,C1,N10,Inflated,AveragePartitionSolver,N10 Inflated AveragePartitionSolver,num_vehicles,2.0
result_quantum_10customer.json,C101,C,C1,N10,Inflated,AveragePartitionSolver,N10 Inflated AveragePartitionSolver,time_window_violations,0.0
result_quantum_10customer.json,C101,C,C1,N10,Inflated,AveragePartitionSolver,N10 Inflated AveragePartitionSolver,total_demand_served,150.0
result_quantum_10customer.json,C101,C,C1,N10,Inflated,AveragePartitionSolver,N10 Inflated AveragePartitionSolver,total_distance,93.44670040226386
result_quantum_10customer.json,C101,C,C1,N10,Inflated,AveragePartitionSolver,N10 Inflated AveragePartitionSolver,total_route_duration,1860.7923119685443
result_quantum_10customer.json,C101,C,C1,N10,Inflated,AveragePartitionSolver,N10 Inflated AveragePartitionSolver,total_service_time,900.0
result_quantum_10customer.json,C101,C,C1,N10,Inflated,AveragePartitionSolver,N10 Inflated AveragePartitionSolver,total_waiting_time,867.3456115662802
result_quantum_10customer.json,C102,C,C1,N10,Uncoarsened,FullQubo,N10 Uncoarsened FullQubo,capacity_violations,0.0
result_quantum_10customer.json,C102,C,C1,N10,Uncoarsened,FullQubo,N10 Uncoarsened FullQubo,computation_time,30.517607165966183
result_quantum_10customer.json,C102,C,C1,N10,Uncoarsened,FullQubo,N10 Uncoarsened FullQubo,num_vehicles,2.0
result_quantum_10customer.json,C102,C,C1,N10,Uncoarsened,FullQubo,N10 Uncoarsened FullQubo,time_window_violations,0.0
result_quantum_10customer.json,C102,C,C1,N10,Uncoarsened,FullQubo,N10 Uncoarsened FullQubo,total_demand_served,150.0
result_quantum_10customer.json,C102,C,C1,N10,Uncoarsened,FullQubo,N10 Uncoarsened FullQubo,total_distance,111.09030638935968
result_quantum_10customer.json,C102,C,C1,N10,Uncoarsened,FullQubo,N10 Uncoarsened FullQubo,total_route_duration,1661.2210794035523
result_quantum_10customer.json,C102,C,C1,N10,Uncoarsened,FullQubo,N10 Uncoarsened FullQubo,total_service_time,900.0
result_quantum_10customer.json,C102,C,C1,N10,Uncoarsened,FullQubo,N10 Uncoarsened FullQubo,total_waiting_time,650.1307730141925
result_quantum_10customer.json,C102,C,C1,N10,Uncoarsened,AveragePartitionSolver,N10 Uncoarsened AveragePartitionSolver,capacity_violations,0.0
result_quantum_10customer.json,C102,C,C1,N10,Uncoarsened,AveragePartitionSolver,N10 Uncoarsened AveragePartitionSolver,computation_time,30.569117249979172
result_quantum_10customer.json,C102,C,C1,N10,Uncoarsened,AveragePartitionSolver,N10 Uncoarsened AveragePartitionSolver,num_vehicles,3.0
result_quantum_10customer.json,C102,C,C1,N10,Uncoarsened,AveragePartitionSolver,N10 Uncoarsened AveragePartitionSolver,time_window_violations,0.0
result_quantum_10customer.json,C102,C,C1,N10,Uncoarsened,AveragePartitionSolver,N10 Uncoarsened AveragePartitionSolver,total_demand_served,150.0
result_quantum_10customer.json,C102,C,C1,N10,Uncoarsened,AveragePartitionSolver,N10 Uncoarsened AveragePartitionSolver,total_distance,133.56919370093172
result_quantum_10customer.json,C102,C,C1,N10,Uncoarsened,AveragePartitionSolver,N10 Uncoarsened AveragePartitionSolver,total_route_duration,1878.0940873013024
result_quantum_10customer.json,C102,C,C1,N10,Uncoarsened,AveragePartitionSolver,N10 Uncoarsened AveragePartitionSolver,total_service_time,900.0
result_quantum_10customer.json,C102,C,C1,N10,Uncoarsened,AveragePartitionSolver,N10 Uncoarsened AveragePartitionSolver,total_waiting_time,844.5248936003707
result_quantum_10customer.json,C102,C,C1,N10,Inflated,FullQubo,N10 Inflated FullQubo,capacity_violations,0.0
result_quantum_10customer.json,C102,C,C1,N10,Inflated,FullQubo,N10 Inflated FullQubo,computation_time,3.898717708012555
result_quantum_10customer.json,C102,C,C1,N10,Inflated,FullQubo,N10 Inflated FullQubo,num_vehicles,2.0
result_quantum_10customer.json,C102,C,C1,N10,Inflated,FullQubo,N10 Inflated FullQubo,time_window_violations,0.0
result_quantum_10customer.json,C102,C,C1,N10,Inflated,FullQubo,N10 Inflated FullQubo,total_demand_served,150.0
result_quantum_10customer.json,C102,C,C1,N10,Inflated,FullQubo,N10 Inflated FullQubo,total_distance,98.20276791630482
result_quantum_10customer.json,C102,C,C1,N10,Inflated,FullQubo,N10 Inflated FullQubo,total_route_duration,1666.7923119685443
result_quantum_10customer.json,C102,C,C1,N10,Inflated,FullQubo,N10 Inflated FullQubo,total_service_time,900.0
result_quantum_10customer.json,C102,C,C1,N10,Inflated,FullQubo,N10 Inflated FullQubo,total_waiting_time,668.5895440522394
result_quantum_10customer.json,C102,C,C1,N10,Inflated,AveragePartitionSolver,N10 Inflated AveragePartitionSolver,capacity_violations,0.0
result_quantum_10customer.json,C102,C,C1,N10,Inflated,AveragePartitionSolver,N10 Inflated AveragePartitionSolver,computation_time,3.9025946669862606
result_quantum_10customer.json,C102,C,C1,N10,Inflated,AveragePartitionSolver,N10 Inflated AveragePartitionSolver,num_vehicles,2.0
result_quantum_10customer.json,C102,C,C1,N10,Inflated,AveragePartitionSolver,N10 Inflated AveragePartitionSolver,time_window_violations,0.0
result_quantum_10customer.json,C102,C,C1,N10,Inflated,AveragePartitionSolver,N10 Inflated AveragePartitionSolver,total_demand_served,150.0
result_quantum_10customer.json,C102,C,C1,N10,Inflated,AveragePartitionSolver,N10 Inflated AveragePartitionSolver,total_distance,106.67149000731088
result_quantum_10customer.json,C102,C,C1,N10,Inflated,AveragePartitionSolver,N10 Inflated AveragePartitionSolver,total_route_duration,1479.2105215185165
result_quantum_10customer.json,C102,C,C1,N10,Inflated,AveragePartitionSolver,N10 Inflated AveragePartitionSolver,total_service_time,900.0
result_quantum_10customer.json,C102,C,C1,N10,Inflated,AveragePartitionSolver,N10 Inflated AveragePartitionSolver,total_waiting_time,472.53903151120574
result_quantum_10customer.json,C103,C,C1,N10,Uncoarsened,FullQubo,N10 Uncoarsened FullQubo,capacity_violations,0.0
result_quantum_10customer.json,C103,C,C1,N10,Uncoarsened,FullQubo,N10 Uncoarsened FullQubo,computation_time,31.45349649997661
result_quantum_10customer.json,C103,C,C1,N10,Uncoarsened,FullQubo,N10 Uncoarsened FullQubo,num_vehicles,3.0
result_quantum_10customer.json,C103,C,C1,N10,Uncoarsened,FullQubo,N10 Uncoarsened FullQubo,time_window_violations,0.0
result_quantum_10customer.json,C103,C,C1,N10,Uncoarsened,FullQubo,N10 Uncoarsened FullQubo,total_demand_served,150.0
result_quantum_10customer.json,C103,C,C1,N10,Uncoarsened,FullQubo,N10 Uncoarsened FullQubo,total_distance,137.66483538039793
result_quantum_10customer.json,C103,C,C1,N10,Uncoarsened,FullQubo,N10 Uncoarsened FullQubo,total_route_duration,1933.4576085300496
result_quantum_10customer.json,C103,C,C1,N10,Uncoarsened,FullQubo,N10 Uncoarsened FullQubo,total_service_time,900.0
result_quantum_10customer.json,C103,C,C1,N10,Uncoarsened,FullQubo,N10 Uncoarsened FullQubo,total_waiting_time,895.7927731496516
result_quantum_10customer.json,C103,C,C1,N10,Uncoarsened,AveragePartitionSolver,N10 Uncoarsened AveragePartitionSolver,capacity_violations,0.0
result_quantum_10customer.json,C103,C,C1,N10,Uncoarsened,AveragePartitionSolver,N10 Uncoarsened AveragePartitionSolver,computation_time,30.219612499990035
result_quantum_10customer.json,C103,C,C1,N10,Uncoarsened,AveragePartitionSolver,N10 Uncoarsened AveragePartitionSolver,num_vehicles,3.0
result_quantum_10customer.json,C103,C,C1,N10,Uncoarsened,AveragePartitionSolver,N10 Uncoarsened AveragePartitionSolver,time_window_violations,0.0
result_quantum_10customer.json,C103,C,C1,N10,Uncoarsened,AveragePartitionSolver,N10 Uncoarsened AveragePartitionSolver,total_demand_served,150.0
result_quantum_10customer.json,C103,C,C1,N10,Uncoarsened,AveragePartitionSolver,N10 Uncoarsened AveragePartitionSolver,total_distance,133.28024890444183
result_quantum_10customer.json,C103,C,C1,N10,Uncoarsened,AveragePartitionSolver,N10 Uncoarsened AveragePartitionSolver,total_route_duration,2125.0600469091496
result_quantum_10customer.json,C103,C,C1,N10,Uncoarsened,AveragePartitionSolver,N10 Uncoarsened AveragePartitionSolver,total_service_time,900.0
result_quantum_10customer.json,C103,C,C1,N10,Uncoarsened,AveragePartitionSolver,N10 Uncoarsened AveragePartitionSolver,total_waiting_time,1091.7797980047076
result_quantum_10customer.json,C103,C,C1,N10,Inflated,FullQubo,N10 Inflated FullQubo,capacity_violations,0.0
result_quantum_10customer.json,C103,C,C1,N10,Inflated,FullQubo,N10 Inflated FullQubo,computation_time,3.900440208031796
result_quantum_10customer.json,C103,C,C1,N10,Inflated,FullQubo,N10 Inflated FullQubo,num_vehicles,2.0
result_quantum_10customer.json,C103,C,C1,N10,Inflated,FullQubo,N10 Inflated FullQubo,time_window_violations,0.0
result_quantum_10customer.json,C103,C,C1,N10,Inflated,FullQubo,N10 Inflated FullQubo,total_demand_served,150.0
result_quantum_10customer.json,C103,C,C1,N10,Inflated,FullQubo,N10 Inflated FullQubo,total_distance,106.67149000731088
result_quantum_10customer.json,C103,C,C1,N10,Inflated,FullQubo,N10 Inflated FullQubo,total_route_duration,1479.2105215185165
result_quantum_10customer.json,C103,C,C1,N10,Inflated,FullQubo,N10 Inflated FullQubo,total_service_time,900.0
result_quantum_10customer.json,C103,C,C1,N10,Inflated,FullQubo,N10 Inflated FullQubo,total_waiting_time,472.53903151120574
result_quantum_10customer.json,C103,C,C1,N10,Inflated,AveragePartitionSolver,N10 Inflated AveragePartitionSolver,capacity_violations,0.0
result_quantum_10customer.json,C103,C,C1,N10,Inflated,AveragePartitionSolver,N10 Inflated AveragePartitionSolver,computation_time,3.9666043749894015
result_quantum_10customer.json,C103,C,C1,N10,Inflated,AveragePartitionSolver,N10 Inflated AveragePartitionSolver,num_vehicles,2.0
result_quantum_10customer.json,C103,C,C1,N10,Inflated,AveragePartitionSolver,N10 Inflated AveragePartitionSolver,time_window_violations,0.0
result_quantum_10customer.json,C103,C,C1,N10,Inflated,AveragePartitionSolver,N10 Inflated AveragePartitionSolver,total_demand_served,150.0
result_quantum_10customer.json,C103,C,C1,N10,Inflated,AveragePartitionSolver,N10 Inflated AveragePartitionSolver,total_distance,102.12573531809068
result_quantum_10customer.json,C103,C,C1,N10,Inflated,AveragePartitionSolver,N10 Inflated AveragePartitionSolver,total_route_duration,1479.2105215185165
result_quantum_10customer.json,C103,C,C1,N10,Inflated,AveragePartitionSolver,N10 Inflated AveragePartitionSolver,total_service_time,900.0
result_quantum_10customer.json,C103,C,C1,N10,Inflated,AveragePartitionSolver,N10 Inflated AveragePartitionSolver,total_waiting_time,477.0847862004259
result_quantum_10customer.json,C104,C,C1,N10,Uncoarsened,FullQubo,N10 Uncoarsened FullQubo,capacity_violations,0.0
result_quantum_10customer.json,C104,C,C1,N10,Uncoarsened,FullQubo,N10 Uncoarsened FullQubo,computation_time,30.42711812502239
result_quantum_10customer.json,C104,C,C1,N10,Uncoarsened,FullQubo,N10 Uncoarsened FullQubo,num_vehicles,3.0
result_quantum_10customer.json,C104,C,C1,N10,Uncoarsened,FullQubo,N10 Uncoarsened FullQubo,time_window_violations,0.0
result_quantum_10customer.json,C104,C,C1,N10,Uncoarsened,FullQubo,N10 Uncoarsened FullQubo,total_demand_served,150.0
result_quantum_10customer.json,C104,C,C1,N10,Uncoarsened,FullQubo,N10 Uncoarsened FullQubo,total_distance,139.92164927371132
result_quantum_10customer.json,C104,C,C1,N10,Uncoarsened,FullQubo,N10 Uncoarsened FullQubo,total_route_duration,1791.4310178659143
result_quantum_10customer.json,C104,C,C1,N10,Uncoarsened,FullQubo,N10 Uncoarsened FullQubo,total_service_time,900.0
result_quantum_10customer.json,C104,C,C1,N10,Uncoarsened,FullQubo,N10 Uncoarsened FullQubo,total_waiting_time,751.5093685922028
result_quantum_10customer.json,C104,C,C1,N10,Uncoarsened,AveragePartitionSolver,N10 Uncoarsened AveragePartitionSolver,capacity_violations,0.0
result_quantum_10customer.json,C104,C,C1,N10,Uncoarsened,AveragePartitionSolver,N10 Uncoarsened AveragePartitionSolver,computation_time,30.295919958036393
result_quantum_10customer.json,C104,C,C1,N10,Uncoarsened,AveragePartitionSolver,N10 Uncoarsened AveragePartitionSolver,num_vehicles,4.0
result_quantum_10customer.json,C104,C,C1,N10,Uncoarsened,AveragePartitionSolver,N10 Uncoarsened AveragePartitionSolver,time_window_violations,0.0
result_quantum_10customer.json,C104,C,C1,N10,Uncoarsened,AveragePartitionSolver,N10 Uncoarsened AveragePartitionSolver,total_demand_served,150.0
result_quantum_10customer.json,C104,C,C1,N10,Uncoarsened,AveragePartitionSolver,N10 Uncoarsened AveragePartitionSolver,total_distance,167.80818948382313
result_quantum_10customer.json,C104,C,C1,N10,Uncoarsened,AveragePartitionSolver,N10 Uncoarsened AveragePartitionSolver,total_route_duration,1724.1559459747202
result_quantum_10customer.json,C104,C,C1,N10,Uncoarsened,AveragePartitionSolver,N10 Uncoarsened AveragePartitionSolver,total_service_time,900.0
result_quantum_10customer.json,C104,C,C1,N10,Uncoarsened,AveragePartitionSolver,N10 Uncoarsened AveragePartitionSolver,total_waiting_time,656.3477564908969
result_quantum_10customer.json,C104,C,C1,N10,Inflated,FullQubo,N10 Inflated FullQubo,capacity_violations,0.0
result_quantum_10customer.json,C104,C,C1,N10,Inflated,FullQubo,N10 Inflated FullQubo,computation_time,3.8906590419937856
result_quantum_10customer.json,C104,C,C1,N10,Inflated,FullQubo,N10 Inflated FullQubo,num_vehicles,2.0
result_quantum_10customer.json,C104,C,C1,N10,Inflated,FullQubo,N10 Inflated FullQubo,time_window_violations,0.0
result_quantum_10customer.json,C104,C,C1,N10,Inflated,FullQubo,N10 Inflated FullQubo,total_demand_served,150.0
result_quantum_10customer.json,C104,C,C1,N10,Inflated,FullQubo,N10 Inflated FullQubo,total_distance,101.01139648283518
result_quantum_10customer.json,C104,C,C1,N10,Inflated,FullQubo,N10 Inflated FullQubo,total_route_duration,1479.2105215185165
result_quantum_10customer.json,C104,C,C1,N10,Inflated,FullQubo,N10 Inflated FullQubo,total_service_time,900.0
result_quantum_10customer.json,C104,C,C1,N10,Inflated,FullQubo,N10 Inflated FullQubo,total_waiting_time,478.1991250356814
result_quantum_10customer.json,C104,C,C1,N10,Inflated,AveragePartitionSolver,N10 Inflated AveragePartitionSolver,capacity_violations,0.0
result_quantum_10customer.json,C104,C,C1,N10,Inflated,AveragePartitionSolver,N10 Inflated AveragePartitionSolver,computation_time,3.895104542025365
result_quantum_10customer.json,C104,C,C1,N10,Inflated,AveragePartitionSolver,N10 Inflated AveragePartitionSolver,num_vehicles,2.0
result_quantum_10customer.json,C104,C,C1,N10,Inflated,AveragePartitionSolver,N10 Inflated AveragePartitionSolver,time_window_violations,0.0
result_quantum_10customer.json,C104,C,C1,N10,Inflated,AveragePartitionSolver,N10 Inflated AveragePartitionSolver,total_demand_served,150.0
result_quantum_10customer.json,C104,C,C1,N10,Inflated,AveragePartitionSolver,N10 Inflated AveragePartitionSolver,total_distance,102.47185877155232
result_quantum_10customer.json,C104,C,C1,N10,Inflated,AveragePartitionSolver,N10 Inflated AveragePartitionSolver,total_route_duration,1762.72470619579
result_quantum_10customer.json,C104,C,C1,N10,Inflated,AveragePartitionSolver,N10 Inflated AveragePartitionSolver,total_service_time,900.0
result_quantum_10customer.json,C104,C,C1,N10,Inflated,AveragePartitionSolver,N10 Inflated AveragePartitionSolver,total_waiting_time,760.2528474242378
result_quantum_10customer.json,C105,C,C1,N10,Uncoarsened,FullQubo,N10 Uncoarsened FullQubo,capacity_violations,0.0
result_quantum_10customer.json,C105,C,C1,N10,Uncoarsened,FullQubo,N10 Uncoarsened FullQubo,computation_time,30.377531666017603
result_quantum_10customer.json,C105,C,C1,N10,Uncoarsened,FullQubo,N10 Uncoarsened FullQubo,num_vehicles,3.0
result_quantum_10customer.json,C105,C,C1,N10,Uncoarsened,FullQubo,N10 Uncoarsened FullQubo,time_window_violations,0.0
result_quantum_10customer.json,C105,C,C1,N10,Uncoarsened,FullQubo,N10 Uncoarsened FullQubo,total_demand_served,150.0
result_quantum_10customer.json,C105,C,C1,N10,Uncoarsened,FullQubo,N10 Uncoarsened FullQubo,total_distance,137.34769665856123
result_quantum_10customer.json,C105,C,C1,N10,Uncoarsened,FullQubo,N10 Uncoarsened FullQubo,total_route_duration,2713.4078400966323
result_quantum_10customer.json,C105,C,C1,N10,Uncoarsened,FullQubo,N10 Uncoarsened FullQubo,total_service_time,900.0
result_quantum_10customer.json,C105,C,C1,N10,Uncoarsened,FullQubo,N10 Uncoarsened FullQubo,total_waiting_time,1676.0601434380715
result_quantum_10customer.json,C105,C,C1,N10,Uncoarsened,AveragePartitionSolver,N10 Uncoarsened AveragePartitionSolver,capacity_violations,0.0
result_quantum_10customer.json,C105,C,C1,N10,Uncoarsened,AveragePartitionSolver,N10 Uncoarsened AveragePartitionSolver,computation_time,30.886690790997818
result_quantum_10customer.json,C105,C,C1,N10,Uncoarsened,AveragePartitionSolver,N10 Uncoarsened AveragePartitionSolver,num_vehicles,3.0
result_quantum_10customer.json,C105,C,C1,N10,Uncoarsened,AveragePartitionSolver,N10 Uncoarsened AveragePartitionSolver,time_window_violations,0.0
result_quantum_10customer.json,C105,C,C1,N10,Uncoarsened,AveragePartitionSolver,N10 Uncoarsened AveragePartitionSolver,total_demand_served,150.0
result_quantum_10customer.json,C105,C,C1,N10,Uncoarsened,AveragePartitionSolver,N10 Uncoarsened AveragePartitionSolver,total_distance,133.5156642562703
result_quantum_10customer.json,C105,C,C1,N10,Uncoarsened,AveragePartitionSolver,N10 Uncoarsened AveragePartitionSolver,total_route_duration,2037.4215853169546
result_quantum_10customer.json,C105,C,C1,N10,Uncoarsened,AveragePartitionSolver,N10 Uncoarsened AveragePartitionSolver,total_service_time,900.0
result_quantum_10customer.json,C105,C,C1,N10,Uncoarsened,AveragePartitionSolver,N10 Uncoarsened AveragePartitionSolver,total_waiting_time,1003.9059210606845
result_quantum_10customer.json,C105,C,C1,N10,Inflated,FullQubo,N10 Inflated FullQubo,capacity_violations,0.0
result_quantum_10customer.json,C105,C,C1,N10,Inflated,FullQubo,N10 Inflated FullQubo,computation_time,3.7587613749783486
result_quantum_10customer.json,C105,C,C1,N10,Inflated,FullQubo,N10 Inflated FullQubo,num_vehicles,2.0
result_quantum_10customer.json,C105,C,C1,N10,Inflated,FullQubo,N10 Inflated FullQubo,time_window_violations,0.0
result_quantum_10customer.json,C105,C,C1,N10,Inflated,FullQubo,N10 Inflated FullQubo,total_demand_served,150.0
result_quantum_10customer.json,C105,C,C1,N10,Inflated,FullQubo,N10 Inflated FullQubo,total_distance,98.70125313068634
result_quantum_10customer.json,C105,C,C1,N10,Inflated,FullQubo,N10 Inflated FullQubo,total_route_duration,1809.7923119685443
result_quantum_10customer.json,C105,C,C1,N10,Inflated,FullQubo,N10 Inflated FullQubo,total_service_time,900.0
result_quantum_10customer.json,C105,C,C1,N10,Inflated,FullQubo,N10 Inflated FullQubo,total_waiting_time,811.0910588378578
result_quantum_10customer.json,C105,C,C1,N10,Inflated,AveragePartitionSolver,N10 Inflated AveragePartitionSolver,capacity_violations,0.0
result_quantum_10customer.json,C105,C,C1,N10,Inflated,AveragePartitionSolver,N10 Inflated AveragePartitionSolver,computation_time,3.7559463750221767
result_quantum_10customer.json,C105,C,C1,N10,Inflated,AveragePartitionSolver,N10 Inflated AveragePartitionSolver,num_vehicles,2.0
result_quantum_10customer.json,C105,C,C1,N10,Inflated,AveragePartitionSolver,N10 Inflated AveragePartitionSolver,time_window_violations,0.0
result_quantum_10customer.json,C105,C,C1,N10,Inflated,AveragePartitionSolver,N10 Inflated AveragePartitionSolver,total_demand_served,150.0
result_quantum_10customer.json,C105,C,C1,N10,Inflated,AveragePartitionSolver,N10 Inflated AveragePartitionSolver,total_distance,93.75900522722078
result_quantum_10customer.json,C105,C,C1,N10,Inflated,AveragePartitionSolver,N10 Inflated AveragePartitionSolver,total_route_duration,1809.7923119685443
result_quantum_10customer.json,C105,C,C1,N10,Inflated,AveragePartitionSolver,N10 Inflated AveragePartitionSolver,total_service_time,900.0
result_quantum_10customer.json,C105,C,C1,N10,Inflated,AveragePartitionSolver,N10 Inflated AveragePartitionSolver,total_waiting_time,816.0333067413233
result_quantum_10customer.json,C106,C,C1,N10,Uncoarsened,FullQubo,N10 Uncoarsened FullQubo,capacity_violations,0.0
result_quantum_10customer.json,C106,C,C1,N10,Uncoarsened,FullQubo,N10 Uncoarsened FullQubo,computation_time,30.035628791956697
result_quantum_10customer.json,C106,C,C1,N10,Uncoarsened,FullQubo,N10 Uncoarsened FullQubo,num_vehicles,2.0
result_quantum_10customer.json,C106,C,C1,N10,Uncoarsened,FullQubo,N10 Uncoarsened FullQubo,time_window_violations,0.0
result_quantum_10customer.json,C106,C,C1,N10,Uncoarsened,FullQubo,N10 Uncoarsened FullQubo,total_demand_served,150.0
result_quantum_10customer.json,C106,C,C1,N10,Uncoarsened,FullQubo,N10 Uncoarsened FullQubo,total_distance,97.11624161199342
result_quantum_10customer.json,C106,C,C1,N10,Uncoarsened,FullQubo,N10 Uncoarsened FullQubo,total_route_duration,1615.7812929345114
result_quantum_10customer.json,C106,C,C1,N10,Uncoarsened,FullQubo,N10 Uncoarsened FullQubo,total_service_time,900.0
result_quantum_10customer.json,C106,C,C1,N10,Uncoarsened,FullQubo,N10 Uncoarsened FullQubo,total_waiting_time,618.6650513225177
result_quantum_10customer.json,C106,C,C1,N10,Uncoarsened,AveragePartitionSolver,N10 Uncoarsened AveragePartitionSolver,capacity_violations,0.0
result_quantum_10customer.json,C106,C,C1,N10,Uncoarsened,AveragePartitionSolver,N10 Uncoarsened AveragePartitionSolver,computation_time,31.642295333032962
result_quantum_10customer.json,C106,C,C1,N10,Uncoarsened,AveragePartitionSolver,N10 Uncoarsened AveragePartitionSolver,num_vehicles,3.0
result_quantum_10customer.json,C106,C,C1,N10,Uncoarsened,AveragePartitionSolver,N10 Uncoarsened AveragePartitionSolver,time_window_violations,0.0
result_quantum_10customer.json,C106,C,C1,N10,Uncoarsened,AveragePartitionSolver,N10 Uncoarsened AveragePartitionSolver,total_demand_served,150.0
result_quantum_10customer.json,C106,C,C1,N10,Uncoarsened,AveragePartitionSolver,N10 Uncoarsened AveragePartitionSolver,total_distance,129.70772335097982
result_quantum_10customer.json,C106,C,C1,N10,Uncoarsened,AveragePartitionSolver,N10 Uncoarsened AveragePartitionSolver,total_route_duration,2283.7812929345114
result_quantum_10customer.json,C106,C,C1,N10,Uncoarsened,AveragePartitionSolver,N10 Uncoarsened AveragePartitionSolver,total_service_time,900.0
result_quantum_10customer.json,C106,C,C1,N10,Uncoarsened,AveragePartitionSolver,N10 Uncoarsened AveragePartitionSolver,total_waiting_time,1254.0735695835313
result_quantum_10customer.json,C106,C,C1,N10,Inflated,FullQubo,N10 Inflated FullQubo,capacity_violations,0.0
result_quantum_10customer.json,C106,C,C1,N10,Inflated,FullQubo,N10 Inflated FullQubo,computation_time,3.75562012498267
result_quantum_10customer.json,C106,C,C1,N10,Inflated,FullQubo,N10 Inflated FullQubo,num_vehicles,2.0
result_quantum_10customer.json,C106,C,C1,N10,Inflated,FullQubo,N10 Inflated FullQubo,time_window_violations,0.0
result_quantum_10customer.json,C106,C,C1,N10,Inflated,FullQubo,N10 Inflated FullQubo,total_demand_served,150.0
result_quantum_10customer.json,C106,C,C1,N10,Inflated,FullQubo,N10 Inflated FullQubo,total_distance,93.75900522722078
result_quantum_10customer.json,C106,C,C1,N10,Inflated,FullQubo,N10 Inflated FullQubo,total_route_duration,1827.7923119685443
result_quantum_10customer.json,C106,C,C1,N10,Inflated,FullQubo,N10 Inflated FullQubo,total_service_time,900.0
result_quantum_10customer.json,C106,C,C1,N10,Inflated,FullQubo,N10 Inflated FullQubo,total_waiting_time,834.0333067413233
result_quantum_10customer.json,C106,C,C1,N10,Inflated,AveragePartitionSolver,N10 Inflated AveragePartitionSolver,capacity_violations,0.0
result_quantum_10customer.json,C106,C,C1,N10,Inflated,AveragePartitionSolver,N10 Inflated AveragePartitionSolver,computation_time,3.75345533300424
result_quantum_10customer.json,C106,C,C1,N10,Inflated,AveragePartitionSolver,N10 Inflated AveragePartitionSolver,num_vehicles,2.0
result_quantum_10customer.json,C106,C,C1,N10,Inflated,AveragePartitionSolver,N10 Inflated AveragePartitionSolver,time_window_violations,0.0
result_quantum_10customer.json,C106,C,C1,N10,Inflated,AveragePartitionSolver,N10 Inflated AveragePartitionSolver,total_demand_served,150.0
result_quantum_10customer.json,C106,C,C1,N10,Inflated,AveragePartitionSolver,N10 Inflated AveragePartitionSolver,total_distance,93.75900522722078
result_quantum_10customer.json,C106,C,C1,N10,Inflated,AveragePartitionSolver,N10 Inflated AveragePartitionSolver,total_route_duration,1827.7923119685443
result_quantum_10customer.json,C106,C,C1,N10,Inflated,AveragePartitionSolver,N10 Inflated AveragePartitionSolver,total_service_time,900.0
result_quantum_10customer.json,C106,C,C1,N10,Inflated,AveragePartitionSolver,N10 Inflated AveragePartitionSolver,total_waiting_time,834.0333067413233
result_quantum_10customer.json,C107,C,C1,N10,Uncoarsened,FullQubo,N10 Uncoarsened FullQubo,capacity_violations,0.0
result_quantum_10customer.json,C107,C,C1,N10,Uncoarsened,FullQubo,N10 Uncoarsened FullQubo,computation_time,30.652784332982264
result_quantum_10customer.json,C107,C,C1,N10,Uncoarsened,FullQubo,N10 Uncoarsened FullQubo,num_vehicles,3.0
result_quantum_10customer.json,C107,C,C1,N10,Uncoarsened,FullQubo,N10 Uncoarsened FullQubo,time_window_violations,0.0
result_quantum_10customer.json,C107,C,C1,N10,Uncoarsened,FullQubo,N10 Uncoarsened FullQubo,total_demand_served,150.0
result_quantum_10customer.json,C107,C,C1,N10,Uncoarsened,FullQubo,N10 Uncoarsened FullQubo,total_distance,128.6764404404721
result_quantum_10customer.json,C107,C,C1,N10,Uncoarsened,FullQubo,N10 Uncoarsened FullQubo,total_route_duration,1945.7923119685443
result_quantum_10customer.json,C107,C,C1,N10,Uncoarsened,FullQubo,N10 Uncoarsened FullQubo,total_service_time,900.0
result_quantum_10customer.json,C107,C,C1,N10,Uncoarsened,FullQubo,N10 Uncoarsened FullQubo,total_waiting_time,917.1158715280721
result_quantum_10customer.json,C107,C,C1,N10,Uncoarsened,AveragePartitionSolver,N10 Uncoarsened AveragePartitionSolver,capacity_violations,0.0
result_quantum_10customer.json,C107,C,C1,N10,Uncoarsened,AveragePartitionSolver,N10 Uncoarsened AveragePartitionSolver,computation_time,30.709106749971397
result_quantum_10customer.json,C107,C,C1,N10,Uncoarsened,AveragePartitionSolver,N10 Uncoarsened AveragePartitionSolver,num_vehicles,3.0
result_quantum_10customer.json,C107,C,C1,N10,Uncoarsened,AveragePartitionSolver,N10 Uncoarsened AveragePartitionSolver,time_window_violations,0.0
result_quantum_10customer.json,C107,C,C1,N10,Uncoarsened,AveragePartitionSolver,N10 Uncoarsened AveragePartitionSolver,total_demand_served,150.0
result_quantum_10customer.json,C107,C,C1,N10,Uncoarsened,AveragePartitionSolver,N10 Uncoarsened AveragePartitionSolver,total_distance,133.55700952954132
result_quantum_10customer.json,C107,C,C1,N10,Uncoarsened,AveragePartitionSolver,N10 Uncoarsened AveragePartitionSolver,total_route_duration,2508.297069820358
result_quantum_10customer.json,C107,C,C1,N10,Uncoarsened,AveragePartitionSolver,N10 Uncoarsened AveragePartitionSolver,total_service_time,900.0
result_quantum_10customer.json,C107,C,C1,N10,Uncoarsened,AveragePartitionSolver,N10 Uncoarsened AveragePartitionSolver,total_waiting_time,1474.7400602908165
result_quantum_10customer.json,C107,C,C1,N10,Inflated,FullQubo,N10 Inflated FullQubo,capacity_violations,0.0
result_quantum_10customer.json,C107,C,C1,N10,Inflated,FullQubo,N10 Inflated FullQubo,computation_time,3.759977917012293
result_quantum_10customer.json,C107,C,C1,N10,Inflated,FullQubo,N10 Inflated FullQubo,num_vehicles,2.0
result_quantum_10customer.json,C107,C,C1,N10,Inflated,FullQubo,N10 Inflated FullQubo,time_window_violations,0.0
result_quantum_10customer.json,C107,C,C1,N10,Inflated,FullQubo,N10 Inflated FullQubo,total_demand_served,150.0
result_quantum_10customer.json,C107,C,C1,N10,Inflated,FullQubo,N10 Inflated FullQubo,total_distance,93.75900522722078
result_quantum_10customer.json,C107,C,C1,N10,Inflated,FullQubo,N10 Inflated FullQubo,total_route_duration,1731.7923119685443
result_quantum_10customer.json,C107,C,C1,N10,Inflated,FullQubo,N10 Inflated FullQubo,total_service_time,900.0
result_quantum_10customer.json,C107,C,C1,N10,Inflated,FullQubo,N10 Inflated FullQubo,total_waiting_time,738.0333067413233
result_quantum_10customer.json,C107,C,C1,N10,Inflated,AveragePartitionSolver,N10 Inflated AveragePartitionSolver,capacity_violations,0.0
result_quantum_10customer.json,C107,C,C1,N10,Inflated,AveragePartitionSolver,N10 Inflated AveragePartitionSolver,computation_time,3.763752792030573
result_quantum_10customer.json,C107,C,C1,N10,Inflated,AveragePartitionSolver,N10 Inflated AveragePartitionSolver,num_vehicles,2.0
result_quantum_10customer.json,C107,C,C1,N10,Inflated,AveragePartitionSolver,N10 Inflated AveragePartitionSolver,time_window_violations,0.0
result_quantum_10customer.json,C107,C,C1,N10,Inflated,AveragePartitionSolver,N10 Inflated AveragePartitionSolver,total_demand_served,150.0
result_quantum_10customer.json,C107,C,C1,N10,Inflated,AveragePartitionSolver,N10 Inflated AveragePartitionSolver,total_distance,98.70125313068634
result_quantum_10customer.json,C107,C,C1,N10,Inflated,AveragePartitionSolver,N10 Inflated AveragePartitionSolver,total_route_duration,1731.7923119685443
result_quantum_10customer.json,C107,C,C1,N10,Inflated,AveragePartitionSolver,N10 Inflated AveragePartitionSolver,total_service_time,900.0
result_quantum_10customer.json,C107,C,C1,N10,Inflated,AveragePartitionSolver,N10 Inflated AveragePartitionSolver,total_waiting_time,733.0910588378578
result_quantum_10customer.json,C108,C,C1,N10,Uncoarsened,FullQubo,N10 Uncoarsened FullQubo,capacity_violations,0.0
result_quantum_10customer.json,C108,C,C1,N10,Uncoarsened,FullQubo,N10 Uncoarsened FullQubo,computation_time,30.720362666994333
result_quantum_10customer.json,C108,C,C1,N10,Uncoarsened,FullQubo,N10 Uncoarsened FullQubo,num_vehicles,4.0
result_quantum_10customer.json,C108,C,C1,N10,Uncoarsened,FullQubo,N10 Uncoarsened FullQubo,time_window_violations,0.0
result_quantum_10customer.json,C108,C,C1,N10,Uncoarsened,FullQubo,N10 Uncoarsened FullQubo,total_demand_served,150.0
result_quantum_10customer.json,C108,C,C1,N10,Uncoarsened,FullQubo,N10 Uncoarsened FullQubo,total_distance,175.3068925762774
result_quantum_10customer.json,C108,C,C1,N10,Uncoarsened,FullQubo,N10 Uncoarsened FullQubo,total_route_duration,3095.507591338874
result_quantum_10customer.json,C108,C,C1,N10,Uncoarsened,FullQubo,N10 Uncoarsened FullQubo,total_service_time,900.0
result_quantum_10customer.json,C108,C,C1,N10,Uncoarsened,FullQubo,N10 Uncoarsened FullQubo,total_waiting_time,2020.2006987625969
result_quantum_10customer.json,C108,C,C1,N10,Uncoarsened,AveragePartitionSolver,N10 Uncoarsened AveragePartitionSolver,capacity_violations,0.0
result_quantum_10customer.json,C108,C,C1,N10,Uncoarsened,AveragePartitionSolver,N10 Uncoarsened AveragePartitionSolver,computation_time,30.377434250025544
result_quantum_10customer.json,C108,C,C1,N10,Uncoarsened,AveragePartitionSolver,N10 Uncoarsened AveragePartitionSolver,num_vehicles,2.0
result_quantum_10customer.json,C108,C,C1,N10,Uncoarsened,AveragePartitionSolver,N10 Uncoarsened AveragePartitionSolver,time_window_violations,0.0
result_quantum_10customer.json,C108,C,C1,N10,Uncoarsened,AveragePartitionSolver,N10 Uncoarsened AveragePartitionSolver,total_demand_served,150.0
result_quantum_10customer.json,C108,C,C1,N10,Uncoarsened,AveragePartitionSolver,N10 Uncoarsened AveragePartitionSolver,total_distance,99.56033184510966
result_quantum_10customer.json,C108,C,C1,N10,Uncoarsened,AveragePartitionSolver,N10 Uncoarsened AveragePartitionSolver,total_route_duration,1590.3868442099752
result_quantum_10customer.json,C108,C,C1,N10,Uncoarsened,AveragePartitionSolver,N10 Uncoarsened AveragePartitionSolver,total_service_time,900.0
result_quantum_10customer.json,C108,C,C1,N10,Uncoarsened,AveragePartitionSolver,N10 Uncoarsened AveragePartitionSolver,total_waiting_time,590.8265123648655
result_quantum_10customer.json,C108,C,C1,N10,Inflated,FullQubo,N10 Inflated FullQubo,capacity_violations,0.0
result_quantum_10customer.json,C108,C,C1,N10,Inflated,FullQubo,N10 Inflated FullQubo,computation_time,3.7620966249960475
result_quantum_10customer.json,C108,C,C1,N10,Inflated,FullQubo,N10 Inflated FullQubo,num_vehicles,2.0
result_quantum_10customer.json,C108,C,C1,N10,Inflated,FullQubo,N10 Inflated FullQubo,time_window_violations,0.0
result_quantum_10customer.json,C108,C,C1,N10,Inflated,FullQubo,N10 Inflated FullQubo,total_demand_served,150.0
result_quantum_10customer.json,C108,C,C1,N10,Inflated,FullQubo,N10 Inflated FullQubo,total_distance,93.75900522722078
result_quantum_10customer.json,C108,C,C1,N10,Inflated,FullQubo,N10 Inflated FullQubo,total_route_duration,1707.7923119685443
result_quantum_10customer.json,C108,C,C1,N10,Inflated,FullQubo,N10 Inflated FullQubo,total_service_time,900.0
result_quantum_10customer.json,C108,C,C1,N10,Inflated,FullQubo,N10 Inflated FullQubo,total_waiting_time,714.0333067413233
result_quantum_10customer.json,C108,C,C1,N10,Inflated,AveragePartitionSolver,N10 Inflated AveragePartitionSolver,capacity_violations,0.0
result_quantum_10customer.json,C108,C,C1,N10,Inflated,AveragePartitionSolver,N10 Inflated AveragePartitionSolver,computation_time,3.757871999987401
result_quantum_10customer.json,C108,C,C1,N10,Inflated,AveragePartitionSolver,N10 Inflated AveragePartitionSolver,num_vehicles,2.0
result_quantum_10customer.json,C108,C,C1,N10,Inflated,AveragePartitionSolver,N10 Inflated AveragePartitionSolver,time_window_violations,0.0
result_quantum_10customer.json,C108,C,C1,N10,Inflated,AveragePartitionSolver,N10 Inflated AveragePartitionSolver,total_demand_served,150.0
result_quantum_10customer.json,C108,C,C1,N10,Inflated,AveragePartitionSolver,N10 Inflated AveragePartitionSolver,total_distance,93.2687855022323
result_quantum_10customer.json,C108,C,C1,N10,Inflated,AveragePartitionSolver,N10 Inflated AveragePartitionSolver,total_route_duration,1707.7923119685443
result_quantum_10customer.json,C108,C,C1,N10,Inflated,AveragePartitionSolver,N10 Inflated AveragePartitionSolver,total_service_time,900.0
result_quantum_10customer.json,C108,C,C1,N10,Inflated,AveragePartitionSolver,N10 Inflated AveragePartitionSolver,total_waiting_time,714.5235264663118
result_quantum_10customer.json,C109,C,C1,N10,Uncoarsened,FullQubo,N10 Uncoarsened FullQubo,capacity_violations,0.0
result_quantum_10customer.json,C109,C,C1,N10,Uncoarsened,FullQubo,N10 Uncoarsened FullQubo,computation_time,30.74260499997763
result_quantum_10customer.json,C109,C,C1,N10,Uncoarsened,FullQubo,N10 Uncoarsened FullQubo,num_vehicles,3.0
result_quantum_10customer.json,C109,C,C1,N10,Uncoarsened,FullQubo,N10 Uncoarsened FullQubo,time_window_violations,0.0
result_quantum_10customer.json,C109,C,C1,N10,Uncoarsened,FullQubo,N10 Uncoarsened FullQubo,total_demand_served,150.0
result_quantum_10customer.json,C109,C,C1,N10,Uncoarsened,FullQubo,N10 Uncoarsened FullQubo,total_distance,143.88561982225437
result_quantum_10customer.json,C109,C,C1,N10,Uncoarsened,FullQubo,N10 Uncoarsened FullQubo,total_route_duration,2331.632889040099
result_quantum_10customer.json,C109,C,C1,N10,Uncoarsened,FullQubo,N10 Uncoarsened FullQubo,total_service_time,900.0
result_quantum_10customer.json,C109,C,C1,N10,Uncoarsened,FullQubo,N10 Uncoarsened FullQubo,total_waiting_time,1287.7472692178449
result_quantum_10customer.json,C109,C,C1,N10,Uncoarsened,AveragePartitionSolver,N10 Uncoarsened AveragePartitionSolver,capacity_violations,0.0
result_quantum_10customer.json,C109,C,C1,N10,Uncoarsened,AveragePartitionSolver,N10 Uncoarsened AveragePartitionSolver,computation_time,30.374995665973984
result_quantum_10customer.json,C109,C,C1,N10,Uncoarsened,AveragePartitionSolver,N10 Uncoarsened AveragePartitionSolver,num_vehicles,2.0
result_quantum_10customer.json,C109,C,C1,N10,Uncoarsened,AveragePartitionSolver,N10 Uncoarsened AveragePartitionSolver,time_window_violations,0.0
result_quantum_10customer.json,C109,C,C1,N10,Uncoarsened,AveragePartitionSolver,N10 Uncoarsened AveragePartitionSolver,total_demand_served,150.0
result_quantum_10customer.json,C109,C,C1,N10,Uncoarsened,AveragePartitionSolver,N10 Uncoarsened AveragePartitionSolver,total_distance,110.48566175012462
result_quantum_10customer.json,C109,C,C1,N10,Uncoarsened,AveragePartitionSolver,N10 Uncoarsened AveragePartitionSolver,total_route_duration,1833.2097897898675
result_quantum_10customer.json,C109,C,C1,N10,Uncoarsened,AveragePartitionSolver,N10 Uncoarsened AveragePartitionSolver,total_service_time,900.0
result_quantum_10customer.json,C109,C,C1,N10,Uncoarsened,AveragePartitionSolver,N10 Uncoarsened AveragePartitionSolver,total_waiting_time,822.7241280397429
result_quantum_10customer.json,C109,C,C1,N10,Inflated,FullQubo,N10 Inflated FullQubo,capacity_violations,0.0
result_quantum_10customer.json,C109,C,C1,N10,Inflated,FullQubo,N10 Inflated FullQubo,computation_time,3.7643690419499762
result_quantum_10customer.json,C109,C,C1,N10,Inflated,FullQubo,N10 Inflated FullQubo,num_vehicles,2.0
result_quantum_10customer.json,C109,C,C1,N10,Inflated,FullQubo,N10 Inflated FullQubo,time_window_violations,0.0
result_quantum_10customer.json,C109,C,C1,N10,Inflated,FullQubo,N10 Inflated FullQubo,total_demand_served,150.0
result_quantum_10customer.json,C109,C,C1,N10,Inflated,FullQubo,N10 Inflated FullQubo,total_distance,93.75900522722078
result_quantum_10customer.json,C109,C,C1,N10,Inflated,FullQubo,N10 Inflated FullQubo,total_route_duration,1551.7923119685443
result_quantum_10customer.json,C109,C,C1,N10,Inflated,FullQubo,N10 Inflated FullQubo,total_service_time,900.0
result_quantum_10customer.json,C109,C,C1,N10,Inflated,FullQubo,N10 Inflated FullQubo,total_waiting_time,558.0333067413234
result_quantum_10customer.json,C109,C,C1,N10,Inflated,AveragePartitionSolver,N10 Inflated AveragePartitionSolver,capacity_violations,0.0
result_quantum_10customer.json,C109,C,C1,N10,Inflated,AveragePartitionSolver,N10 Inflated AveragePartitionSolver,computation_time,3.7623102079960518
result_quantum_10customer.json,C109,C,C1,N10,Inflated,AveragePartitionSolver,N10 Inflated AveragePartitionSolver,num_vehicles,2.0
result_quantum_10customer.json,C109,C,C1,N10,Inflated,AveragePartitionSolver,N10 Inflated AveragePartitionSolver,time_window_violations,0.0
result_quantum_10customer.json,C109,C,C1,N10,Inflated,AveragePartitionSolver,N10 Inflated AveragePartitionSolver,total_demand_served,150.0
result_quantum_10customer.json,C109,C,C1,N10,Inflated,AveragePartitionSolver,N10 Inflated AveragePartitionSolver,total_distance,93.75900522722078
result_quantum_10customer.json,C109,C,C1,N10,Inflated,AveragePartitionSolver,N10 Inflated AveragePartitionSolver,total_route_duration,1551.7923119685443
result_quantum_10customer.json,C109,C,C1,N10,Inflated,AveragePartitionSolver,N10 Inflated AveragePartitionSolver,total_service_time,900.0
result_quantum_10customer.json,C109,C,C1,N10,Inflated,AveragePartitionSolver,N10 Inflated AveragePartitionSolver,total_waiting_time,558.0333067413234
result_quantum_10customer.json,C201,C,C2,N10,Uncoarsened,FullQubo,N10 Uncoarsened FullQubo,capacity_violations,0.0
result_quantum_10customer.json,C201,C,C2,N10,Uncoarsened,FullQubo,N10 Uncoarsened FullQubo,computation_time,34.32915220799623
result_quantum_10customer.json,C201,C,C2,N10,Uncoarsened,FullQubo,N10 Uncoarsened FullQubo,num_vehicles,4.0
result_quantum_10customer.json,C201,C,C2,N10,Uncoarsened,FullQubo,N10 Uncoarsened FullQubo,time_window_violations,0.0
result_quantum_10customer.json,C201,C,C2,N10,Uncoarsened,FullQubo,N10 Uncoarsened FullQubo,total_demand_served,150.0
result_quantum_10customer.json,C201,C,C2,N10,Uncoarsened,FullQubo,N10 Uncoarsened FullQubo,total_distance,252.37036982952844
result_quantum_10customer.json,C201,C,C2,N10,Uncoarsened,FullQubo,N10 Uncoarsened FullQubo,total_route_duration,8452.944703447809
result_quantum_10customer.json,C201,C,C2,N10,Uncoarsened,FullQubo,N10 Uncoarsened FullQubo,total_service_time,900.0
result_quantum_10customer.json,C201,C,C2,N10,Uncoarsened,FullQubo,N10 Uncoarsened FullQubo,total_waiting_time,7300.57433361828
result_quantum_10customer.json,C201,C,C2,N10,Uncoarsened,AveragePartitionSolver,N10 Uncoarsened AveragePartitionSolver,capacity_violations,0.0
result_quantum_10customer.json,C201,C,C2,N10,Uncoarsened,AveragePartitionSolver,N10 Uncoarsened AveragePartitionSolver,computation_time,34.1614382500411
result_quantum_10customer.json,C201,C,C2,N10,Uncoarsened,AveragePartitionSolver,N10 Uncoarsened AveragePartitionSolver,num_vehicles,4.0
result_quantum_10customer.json,C201,C,C2,N10,Uncoarsened,AveragePartitionSolver,N10 Uncoarsened AveragePartitionSolver,time_window_violations,0.0
result_quantum_10customer.json,C201,C,C2,N10,Uncoarsened,AveragePartitionSolver,N10 Uncoarsened AveragePartitionSolver,total_demand_served,150.0
result_quantum_10customer.json,C201,C,C2,N10,Uncoarsened,AveragePartitionSolver,N10 Uncoarsened AveragePartitionSolver,total_distance,333.616845204421
result_quantum_10customer.json,C201,C,C2,N10,Uncoarsened,AveragePartitionSolver,N10 Uncoarsened AveragePartitionSolver,total_route_duration,8730.881511933732
result_quantum_10customer.json,C201,C,C2,N10,Uncoarsened,AveragePartitionSolver,N10 Uncoarsened AveragePartitionSolver,total_service_time,900.0
result_quantum_10customer.json,C201,C,C2,N10,Uncoarsened,AveragePartitionSolver,N10 Uncoarsened AveragePartitionSolver,total_waiting_time,7497.264666729312
result_quantum_10customer.json,C201,C,C2,N10,Inflated,FullQubo,N10 Inflated FullQubo,capacity_violations,0.0
result_quantum_10customer.json,C201,C,C2,N10,Inflated,FullQubo,N10 Inflated FullQubo,computation_time,4.279510083026253
result_quantum_10customer.json,C201,C,C2,N10,Inflated,FullQubo,N10 Inflated FullQubo,num_vehicles,2.0
result_quantum_10customer.json,C201,C,C2,N10,Inflated,FullQubo,N10 Inflated FullQubo,time_window_violations,0.0
result_quantum_10customer.json,C201,C,C2,N10,Inflated,FullQubo,N10 Inflated FullQubo,total_demand_served,150.0
result_quantum_10customer.json,C201,C,C2,N10,Inflated,FullQubo,N10 Inflated FullQubo,total_distance,152.28566441211922
result_quantum_10customer.json,C201,C,C2,N10,Inflated,FullQubo,N10 Inflated FullQubo,total_route_duration,4365.35716326972
result_quantum_10customer.json,C201,C,C2,N10,Inflated,FullQubo,N10 Inflated FullQubo,total_service_time,900.0
result_quantum_10customer.json,C201,C,C2,N10,Inflated,FullQubo,N10 Inflated FullQubo,total_waiting_time,3313.0714988576005
result_quantum_10customer.json,C201,C,C2,N10,Inflated,AveragePartitionSolver,N10 Inflated AveragePartitionSolver,capacity_violations,0.0
result_quantum_10customer.json,C201,C,C2,N10,Inflated,AveragePartitionSolver,N10 Inflated AveragePartitionSolver,computation_time,4.288925166008994
result_quantum_10customer.json,C201,C,C2,N10,Inflated,AveragePartitionSolver,N10 Inflated AveragePartitionSolver,num_vehicles,2.0
result_quantum_10customer.json,C201,C,C2,N10,Inflated,AveragePartitionSolver,N10 Inflated AveragePartitionSolver,time_window_violations,0.0
result_quantum_10customer.json,C201,C,C2,N10,Inflated,AveragePartitionSolver,N10 Inflated AveragePartitionSolver,total_demand_served,150.0
result_quantum_10customer.json,C201,C,C2,N10,Inflated,AveragePartitionSolver,N10 Inflated AveragePartitionSolver,total_distance,152.28566441211922
result_quantum_10customer.json,C201,C,C2,N10,Inflated,AveragePartitionSolver,N10 Inflated AveragePartitionSolver,total_route_duration,4365.35716326972
result_quantum_10customer.json,C201,C,C2,N10,Inflated,AveragePartitionSolver,N10 Inflated AveragePartitionSolver,total_service_time,900.0
result_quantum_10customer.json,C201,C,C2,N10,Inflated,AveragePartitionSolver,N10 Inflated AveragePartitionSolver,total_waiting_time,3313.0714988576005
result_quantum_10customer.json,C202,C,C2,N10,Uncoarsened,FullQubo,N10 Uncoarsened FullQubo,capacity_violations,0.0
result_quantum_10customer.json,C202,C,C2,N10,Uncoarsened,FullQubo,N10 Uncoarsened FullQubo,computation_time,34.20928879198618
result_quantum_10customer.json,C202,C,C2,N10,Uncoarsened,FullQubo,N10 Uncoarsened FullQubo,num_vehicles,4.0
result_quantum_10customer.json,C202,C,C2,N10,Uncoarsened,FullQubo,N10 Uncoarsened FullQubo,time_window_violations,0.0
result_quantum_10customer.json,C202,C,C2,N10,Uncoarsened,FullQubo,N10 Uncoarsened FullQubo,total_demand_served,150.0
result_quantum_10customer.json,C202,C,C2,N10,Uncoarsened,FullQubo,N10 Uncoarsened FullQubo,total_distance,315.7768195564175
result_quantum_10customer.json,C202,C,C2,N10,Uncoarsened,FullQubo,N10 Uncoarsened FullQubo,total_route_duration,6709.297441484661
result_quantum_10customer.json,C202,C,C2,N10,Uncoarsened,FullQubo,N10 Uncoarsened FullQubo,total_service_time,900.0
result_quantum_10customer.json,C202,C,C2,N10,Uncoarsened,FullQubo,N10 Uncoarsened FullQubo,total_waiting_time,5493.5206219282445
result_quantum_10customer.json,C202,C,C2,N10,Uncoarsened,AveragePartitionSolver,N10 Uncoarsened AveragePartitionSolver,capacity_violations,0.0
result_quantum_10customer.json,C202,C,C2,N10,Uncoarsened,AveragePartitionSolver,N10 Uncoarsened AveragePartitionSolver,computation_time,35.018044125055894
result_quantum_10customer.json,C202,C,C2,N10,Uncoarsened,AveragePartitionSolver,N10 Uncoarsened AveragePartitionSolver,num_vehicles,3.0
result_quantum_10customer.json,C202,C,C2,N10,Uncoarsened,AveragePartitionSolver,N10 Uncoarsened AveragePartitionSolver,time_window_violations,0.0
result_quantum_10customer.json,C202,C,C2,N10,Uncoarsened,AveragePartitionSolver,N10 Uncoarsened AveragePartitionSolver,total_demand_served,150.0
result_quantum_10customer.json,C202,C,C2,N10,Uncoarsened,AveragePartitionSolver,N10 Uncoarsened AveragePartitionSolver,total_distance,310.46254851235176
result_quantum_10customer.json,C202,C,C2,N10,Uncoarsened,AveragePartitionSolver,N10 Uncoarsened AveragePartitionSolver,total_route_duration,6051.2875901386105
result_quantum_10customer.json,C202,C,C2,N10,Uncoarsened,AveragePartitionSolver,N10 Uncoarsened AveragePartitionSolver,total_service_time,900.0
result_quantum_10customer.json,C202,C,C2,N10,Uncoarsened,AveragePartitionSolver,N10 Uncoarsened AveragePartitionSolver,total_waiting_time,4840.82504162626
result_quantum_10customer.json,C202,C,C2,N10,Inflated,FullQubo,N10 Inflated FullQubo,capacity_violations,0.0
result_quantum_10customer.json,C202,C,C2,N10,Inflated,FullQubo,N10 Inflated FullQubo,computation_time,4.265657166950405
result_quantum_10customer.json,C202,C,C2,N10,Inflated,FullQubo,N10 Inflated FullQubo,num_vehicles,2.0
result_quantum_10customer.json,C202,C,C2,N10,Inflated,FullQubo,N10 Inflated FullQubo,time_window_violations,0.0
result_quantum_10customer.json,C202,C,C2,N10,Inflated,FullQubo,N10 Inflated FullQubo,total_demand_served,150.0
result_quantum_10customer.json,C202,C,C2,N10,Inflated,FullQubo,N10 Inflated FullQubo,total_distance,164.22213730914953
result_quantum_10customer.json,C202,C,C2,N10,Inflated,FullQubo,N10 Inflated FullQubo,total_route_duration,4846.786068906317
result_quantum_10customer.json,C202,C,C2,N10,Inflated,FullQubo,N10 Inflated FullQubo,total_service_time,900.0
result_quantum_10customer.json,C202,C,C2,N10,Inflated,FullQubo,N10 Inflated FullQubo,total_waiting_time,3782.563931597167
result_quantum_10customer.json,C202,C,C2,N10,Inflated,AveragePartitionSolver,N10 Inflated AveragePartitionSolver,capacity_violations,0.0
result_quantum_10customer.json,C202,C,C2,N10,Inflated,AveragePartitionSolver,N10 Inflated AveragePartitionSolver,computation_time,4.264930082950741
result_quantum_10customer.json,C202,C,C2,N10,Inflated,AveragePartitionSolver,N10 Inflated AveragePartitionSolver,num_vehicles,2.0
result_quantum_10customer.json,C202,C,C2,N10,Inflated,AveragePartitionSolver,N10 Inflated AveragePartitionSolver,time_window_violations,0.0
result_quantum_10customer.json,C202,C,C2,N10,Inflated,AveragePartitionSolver,N10 Inflated AveragePartitionSolver,total_demand_served,150.0
result_quantum_10customer.json,C202,C,C2,N10,Inflated,AveragePartitionSolver,N10 Inflated AveragePartitionSolver,total_distance,195.8819324086175
result_quantum_10customer.json,C202,C,C2,N10,Inflated,AveragePartitionSolver,N10 Inflated AveragePartitionSolver,total_route_duration,3210.323892293344
result_quantum_10customer.json,C202,C,C2,N10,Inflated,AveragePartitionSolver,N10 Inflated AveragePartitionSolver,total_service_time,900.0
result_quantum_10customer.json,C202,C,C2,N10,Inflated,AveragePartitionSolver,N10 Inflated AveragePartitionSolver,total_waiting_time,2114.4419598847267
result_quantum_10customer.json,C203,C,C2,N10,Uncoarsened,FullQubo,N10 Uncoarsened FullQubo,capacity_violations,0.0
result_quantum_10customer.json,C203,C,C2,N10,Uncoarsened,FullQubo,N10 Uncoarsened FullQubo,computation_time,34.856247124960646
result_quantum_10customer.json,C203,C,C2,N10,Uncoarsened,FullQubo,N10 Uncoarsened FullQubo,num_vehicles,2.0
result_quantum_10customer.json,C203,C,C2,N10,Uncoarsened,FullQubo,N10 Uncoarsened FullQubo,time_window_violations,0.0
result_quantum_10customer.json,C203,C,C2,N10,Uncoarsened,FullQubo,N10 Uncoarsened FullQubo,total_demand_served,150.0
result_quantum_10customer.json,C203,C,C2,N10,Uncoarsened,FullQubo,N10 Uncoarsened FullQubo,total_distance,269.6094196666189
result_quantum_10customer.json,C203,C,C2,N10,Uncoarsened,FullQubo,N10 Uncoarsened FullQubo,total_route_duration,6146.861747262368
result_quantum_10customer.json,C203,C,C2,N10,Uncoarsened,FullQubo,N10 Uncoarsened FullQubo,total_service_time,900.0
result_quantum_10customer.json,C203,C,C2,N10,Uncoarsened,FullQubo,N10 Uncoarsened FullQubo,total_waiting_time,4977.252327595749
result_quantum_10customer.json,C203,C,C2,N10,Uncoarsened,AveragePartitionSolver,N10 Uncoarsened AveragePartitionSolver,capacity_violations,0.0
result_quantum_10customer.json,C203,C,C2,N10,Uncoarsened,AveragePartitionSolver,N10 Uncoarsened AveragePartitionSolver,computation_time,34.77343679202022
result_quantum_10customer.json,C203,C,C2,N10,Uncoarsened,AveragePartitionSolver,N10 Uncoarsened AveragePartitionSolver,num_vehicles,3.0
result_quantum_10customer.json,C203,C,C2,N10,Uncoarsened,AveragePartitionSolver,N10 Uncoarsened AveragePartitionSolver,time_window_violations,0.0
result_quantum_10customer.json,C203,C,C2,N10,Uncoarsened,AveragePartitionSolver,N10 Uncoarsened AveragePartitionSolver,total_demand_served,150.0
result_quantum_10customer.json,C203,C,C2,N10,Uncoarsened,AveragePartitionSolver,N10 Uncoarsened AveragePartitionSolver,total_distance,308.9320462102788
result_quantum_10customer.json,C203,C,C2,N10,Uncoarsened,AveragePartitionSolver,N10 Uncoarsened AveragePartitionSolver,total_route_duration,6030.239454592225
result_quantum_10customer.json,C203,C,C2,N10,Uncoarsened,AveragePartitionSolver,N10 Uncoarsened AveragePartitionSolver,total_service_time,900.0
result_quantum_10customer.json,C203,C,C2,N10,Uncoarsened,AveragePartitionSolver,N10 Uncoarsened AveragePartitionSolver,total_waiting_time,4821.3074083819465
result_quantum_10customer.json,C203,C,C2,N10,Inflated,FullQubo,N10 Inflated FullQubo,capacity_violations,0.0
result_quantum_10customer.json,C203,C,C2,N10,Inflated,FullQubo,N10 Inflated FullQubo,computation_time,4.275615666992962
result_quantum_10customer.json,C203,C,C2,N10,Inflated,FullQubo,N10 Inflated FullQubo,num_vehicles,2.0
result_quantum_10customer.json,C203,C,C2,N10,Inflated,FullQubo,N10 Inflated FullQubo,time_window_violations,0.0
result_quantum_10customer.json,C203,C,C2,N10,Inflated,FullQubo,N10 Inflated FullQubo,total_demand_served,150.0
result_quantum_10customer.json,C203,C,C2,N10,Inflated,FullQubo,N10 Inflated FullQubo,total_distance,195.8819324086175
result_quantum_10customer.json,C203,C,C2,N10,Inflated,FullQubo,N10 Inflated FullQubo,total_route_duration,3210.323892293344
result_quantum_10customer.json,C203,C,C2,N10,Inflated,FullQubo,N10 Inflated FullQubo,total_service_time,900.0
result_quantum_10customer.json,C203,C,C2,N10,Inflated,FullQubo,N10 Inflated FullQubo,total_waiting_time,2114.4419598847267
result_quantum_10customer.json,C203,C,C2,N10,Inflated,AveragePartitionSolver,N10 Inflated AveragePartitionSolver,capacity_violations,0.0
result_quantum_10customer.json,C203,C,C2,N10,Inflated,AveragePartitionSolver,N10 Inflated AveragePartitionSolver,computation_time,4.264994666969869
result_quantum_10customer.json,C203,C,C2,N10,Inflated,AveragePartitionSolver,N10 Inflated AveragePartitionSolver,num_vehicles,2.0
result_quantum_10customer.json,C203,C,C2,N10,Inflated,AveragePartitionSolver,N10 Inflated AveragePartitionSolver,time_window_violations,0.0
result_quantum_10customer.json,C203,C,C2,N10,Inflated,AveragePartitionSolver,N10 Inflated AveragePartitionSolver,total_demand_served,150.0
result_quantum_10customer.json,C203,C,C2,N10,Inflated,AveragePartitionSolver,N10 Inflated AveragePartitionSolver,total_distance,181.33355036092485
result_quantum_10customer.json,C203,C,C2,N10,Inflated,AveragePartitionSolver,N10 Inflated AveragePartitionSolver,total_route_duration,4863.897481958092
result_quantum_10customer.json,C203,C,C2,N10,Inflated,AveragePartitionSolver,N10 Inflated AveragePartitionSolver,total_service_time,900.0
result_quantum_10customer.json,C203,C,C2,N10,Inflated,AveragePartitionSolver,N10 Inflated AveragePartitionSolver,total_waiting_time,3782.563931597167
result_quantum_10customer.json,C204,C,C2,N10,Uncoarsened,FullQubo,N10 Uncoarsened FullQubo,capacity_violations,0.0
result_quantum_10customer.json,C204,C,C2,N10,Uncoarsened,FullQubo,N10 Uncoarsened FullQubo,computation_time,35.005968207959086
result_quantum_10customer.json,C204,C,C2,N10,Uncoarsened,FullQubo,N10 Uncoarsened FullQubo,num_vehicles,3.0
result_quantum_10customer.json,C204,C,C2,N10,Uncoarsened,FullQubo,N10 Uncoarsened FullQubo,time_window_violations,0.0
result_quantum_10customer.json,C204,C,C2,N10,Uncoarsened,FullQubo,N10 Uncoarsened FullQubo,total_demand_served,150.0
result_quantum_10customer.json,C204,C,C2,N10,Uncoarsened,FullQubo,N10 Uncoarsened FullQubo,total_distance,274.0797195738852
result_quantum_10customer.json,C204,C,C2,N10,Uncoarsened,FullQubo,N10 Uncoarsened FullQubo,total_route_duration,6211.434622450672
result_quantum_10customer.json,C204,C,C2,N10,Uncoarsened,FullQubo,N10 Uncoarsened FullQubo,total_service_time,900.0
result_quantum_10customer.json,C204,C,C2,N10,Uncoarsened,FullQubo,N10 Uncoarsened FullQubo,total_waiting_time,5037.354902876787
result_quantum_10customer.json,C204,C,C2,N10,Uncoarsened,AveragePartitionSolver,N10 Uncoarsened AveragePartitionSolver,capacity_violations,0.0
result_quantum_10customer.json,C204,C,C2,N10,Uncoarsened,AveragePartitionSolver,N10 Uncoarsened AveragePartitionSolver,computation_time,35.09560999996029
result_quantum_10customer.json,C204,C,C2,N10,Uncoarsened,AveragePartitionSolver,N10 Uncoarsened AveragePartitionSolver,num_vehicles,3.0
result_quantum_10customer.json,C204,C,C2,N10,Uncoarsened,AveragePartitionSolver,N10 Uncoarsened AveragePartitionSolver,time_window_violations,0.0
result_quantum_10customer.json,C204,C,C2,N10,Uncoarsened,AveragePartitionSolver,N10 Uncoarsened AveragePartitionSolver,total_demand_served,150.0
result_quantum_10customer.json,C204,C,C2,N10,Uncoarsened,AveragePartitionSolver,N10 Uncoarsened AveragePartitionSolver,total_distance,290.47967118717685
result_quantum_10customer.json,C204,C,C2,N10,Uncoarsened,AveragePartitionSolver,N10 Uncoarsened AveragePartitionSolver,total_route_duration,6075.030788628749
result_quantum_10customer.json,C204,C,C2,N10,Uncoarsened,AveragePartitionSolver,N10 Uncoarsened AveragePartitionSolver,total_service_time,900.0
result_quantum_10customer.json,C204,C,C2,N10,Uncoarsened,AveragePartitionSolver,N10 Uncoarsened AveragePartitionSolver,total_waiting_time,4884.551117441573
result_quantum_10customer.json,C204,C,C2,N10,Inflated,FullQubo,N10 Inflated FullQubo,capacity_violations,0.0
result_quantum_10customer.json,C204,C,C2,N10,Inflated,FullQubo,N10 Inflated FullQubo,computation_time,4.274008915992454
result_quantum_10customer.json,C204,C,C2,N10,Inflated,FullQubo,N10 Inflated FullQubo,num_vehicles,2.0
result_quantum_10customer.json,C204,C,C2,N10,Inflated,FullQubo,N10 Inflated FullQubo,time_window_violations,0.0
result_quantum_10customer.json,C204,C,C2,N10,Inflated,FullQubo,N10 Inflated FullQubo,total_demand_served,150.0
result_quantum_10customer.json,C204,C,C2,N10,Inflated,FullQubo,N10 Inflated FullQubo,total_distance,170.8767927981002
result_quantum_10customer.json,C204,C,C2,N10,Inflated,FullQubo,N10 Inflated FullQubo,total_route_duration,4975.795467990391
result_quantum_10customer.json,C204,C,C2,N10,Inflated,FullQubo,N10 Inflated FullQubo,total_service_time,900.0
result_quantum_10customer.json,C204,C,C2,N10,Inflated,FullQubo,N10 Inflated FullQubo,total_waiting_time,3904.9186751922907
result_quantum_10customer.json,C204,C,C2,N10,Inflated,AveragePartitionSolver,N10 Inflated AveragePartitionSolver,capacity_violations,0.0
result_quantum_10customer.json,C204,C,C2,N10,Inflated,AveragePartitionSolver,N10 Inflated AveragePartitionSolver,computation_time,4.264467374945525
result_quantum_10customer.json,C204,C,C2,N10,Inflated,AveragePartitionSolver,N10 Inflated AveragePartitionSolver,num_vehicles,2.0
result_quantum_10customer.json,C204,C,C2,N10,Inflated,AveragePartitionSolver,N10 Inflated AveragePartitionSolver,time_window_violations,0.0
result_quantum_10customer.json,C204,C,C2,N10,Inflated,AveragePartitionSolver,N10 Inflated AveragePartitionSolver,total_demand_served,150.0
result_quantum_10customer.json,C204,C,C2,N10,Inflated,AveragePartitionSolver,N10 Inflated AveragePartitionSolver,total_distance,176.02742700855225
result_quantum_10customer.json,C204,C,C2,N10,Inflated,AveragePartitionSolver,N10 Inflated AveragePartitionSolver,total_route_duration,4659.6468566249
result_quantum_10customer.json,C204,C,C2,N10,Inflated,AveragePartitionSolver,N10 Inflated AveragePartitionSolver,total_service_time,900.0
result_quantum_10customer.json,C204,C,C2,N10,Inflated,AveragePartitionSolver,N10 Inflated AveragePartitionSolver,total_waiting_time,3583.6194296163467
result_quantum_10customer.json,C205,C,C2,N10,Uncoarsened,FullQubo,N10 Uncoarsened FullQubo,capacity_violations,0.0
result_quantum_10customer.json,C205,C,C2,N10,Uncoarsened,FullQubo,N10 Uncoarsened FullQubo,computation_time,34.99603683297755
result_quantum_10customer.json,C205,C,C2,N10,Uncoarsened,FullQubo,N10 Uncoarsened FullQubo,num_vehicles,2.0
result_quantum_10customer.json,C205,C,C2,N10,Uncoarsened,FullQubo,N10 Uncoarsened FullQubo,time_window_violations,0.0
result_quantum_10customer.json,C205,C,C2,N10,Uncoarsened,FullQubo,N10 Uncoarsened FullQubo,total_demand_served,150.0
result_quantum_10customer.json,C205,C,C2,N10,Uncoarsened,FullQubo,N10 Uncoarsened FullQubo,total_distance,245.17751546338596
result_quantum_10customer.json,C205,C,C2,N10,Uncoarsened,FullQubo,N10 Uncoarsened FullQubo,total_route_duration,5726.424958403931
result_quantum_10customer.json,C205,C,C2,N10,Uncoarsened,FullQubo,N10 Uncoarsened FullQubo,total_service_time,900.0
result_quantum_10customer.json,C205,C,C2,N10,Uncoarsened,FullQubo,N10 Uncoarsened FullQubo,total_waiting_time,4581.247442940545
result_quantum_10customer.json,C205,C,C2,N10,Uncoarsened,AveragePartitionSolver,N10 Uncoarsened AveragePartitionSolver,capacity_violations,0.0
result_quantum_10customer.json,C205,C,C2,N10,Uncoarsened,AveragePartitionSolver,N10 Uncoarsened AveragePartitionSolver,computation_time,35.58231354196323
result_quantum_10customer.json,C205,C,C2,N10,Uncoarsened,AveragePartitionSolver,N10 Uncoarsened AveragePartitionSolver,num_vehicles,3.0
result_quantum_10customer.json,C205,C,C2,N10,Uncoarsened,AveragePartitionSolver,N10 Uncoarsened AveragePartitionSolver,time_window_violations,0.0
result_quantum_10customer.json,C205,C,C2,N10,Uncoarsened,AveragePartitionSolver,N10 Uncoarsened AveragePartitionSolver,total_demand_served,150.0
result_quantum_10customer.json,C205,C,C2,N10,Uncoarsened,AveragePartitionSolver,N10 Uncoarsened AveragePartitionSolver,total_distance,238.89674880405312
result_quantum_10customer.json,C205,C,C2,N10,Uncoarsened,AveragePartitionSolver,N10 Uncoarsened AveragePartitionSolver,total_route_duration,6652.975721993517
result_quantum_10customer.json,C205,C,C2,N10,Uncoarsened,AveragePartitionSolver,N10 Uncoarsened AveragePartitionSolver,total_service_time,900.0
result_quantum_10customer.json,C205,C,C2,N10,Uncoarsened,AveragePartitionSolver,N10 Uncoarsened AveragePartitionSolver,total_waiting_time,5514.078973189465
result_quantum_10customer.json,C205,C,C2,N10,Inflated,FullQubo,N10 Inflated FullQubo,capacity_violations,0.0
result_quantum_10customer.json,C205,C,C2,N10,Inflated,FullQubo,N10 Inflated FullQubo,computation_time,4.306958500004839
result_quantum_10customer.json,C205,C,C2,N10,Inflated,FullQubo,N10 Inflated FullQubo,num_vehicles,2.0
result_quantum_10customer.json,C205,C,C2,N10,Inflated,FullQubo,N10 Inflated FullQubo,time_window_violations,0.0
result_quantum_10customer.json,C205,C,C2,N10,Inflated,FullQubo,N10 Inflated FullQubo,total_demand_served,150.0
result_quantum_10customer.json,C205,C,C2,N10,Inflated,FullQubo,N10 Inflated FullQubo,total_distance,198.8574234604397
result_quantum_10customer.json,C205,C,C2,N10,Inflated,FullQubo,N10 Inflated FullQubo,total_route_duration,3258.0778408347555
result_quantum_10customer.json,C205,C,C2,N10,Inflated,FullQubo,N10 Inflated FullQubo,total_service_time,900.0
result_quantum_10customer.json,C205,C,C2,N10,Inflated,FullQubo,N10 Inflated FullQubo,total_waiting_time,2159.220417374316
result_quantum_10customer.json,C205,C,C2,N10,Inflated,AveragePartitionSolver,N10 Inflated AveragePartitionSolver,capacity_violations,0.0
result_quantum_10customer.json,C205,C,C2,N10,Inflated,AveragePartitionSolver,N10 Inflated AveragePartitionSolver,computation_time,4.281611957994755
result_quantum_10customer.json,C205,C,C2,N10,Inflated,AveragePartitionSolver,N10 Inflated AveragePartitionSolver,num_vehicles,2.0
result_quantum_10customer.json,C205,C,C2,N10,Inflated,AveragePartitionSolver,N10 Inflated AveragePartitionSolver,time_window_violations,0.0
result_quantum_10customer.json,C205,C,C2,N10,Inflated,AveragePartitionSolver,N10 Inflated AveragePartitionSolver,total_demand_served,150.0
result_quantum_10customer.json,C205,C,C2,N10,Inflated,AveragePartitionSolver,N10 Inflated AveragePartitionSolver,total_distance,152.28566441211922
result_quantum_10customer.json,C205,C,C2,N10,Inflated,AveragePartitionSolver,N10 Inflated AveragePartitionSolver,total_route_duration,4205.35716326972
result_quantum_10customer.json,C205,C,C2,N10,Inflated,AveragePartitionSolver,N10 Inflated AveragePartitionSolver,total_service_time,900.0
result_quantum_10customer.json,C205,C,C2,N10,Inflated,AveragePartitionSolver,N10 Inflated AveragePartitionSolver,total_waiting_time,3153.0714988576005
result_quantum_10customer.json,C206,C,C2,N10,Uncoarsened,FullQubo,N10 Uncoarsened FullQubo,capacity_violations,0.0
result_quantum_10customer.json,C206,C,C2,N10,Uncoarsened,FullQubo,N10 Uncoarsened FullQubo,computation_time,34.979375416995026
result_quantum_10customer.json,C206,C,C2,N10,Uncoarsened,FullQubo,N10 Uncoarsened FullQubo,num_vehicles,3.0
result_quantum_10customer.json,C206,C,C2,N10,Uncoarsened,FullQubo,N10 Uncoarsened FullQubo,time_window_violations,0.0
result_quantum_10customer.json,C206,C,C2,N10,Uncoarsened,FullQubo,N10 Uncoarsened FullQubo,total_demand_served,150.0
result_quantum_10customer.json,C206,C,C2,N10,Uncoarsened,FullQubo,N10 Uncoarsened FullQubo,total_distance,229.73556853617447
result_quantum_10customer.json,C206,C,C2,N10,Uncoarsened,FullQubo,N10 Uncoarsened FullQubo,total_route_duration,3368.228011615963
result_quantum_10customer.json,C206,C,C2,N10,Uncoarsened,FullQubo,N10 Uncoarsened FullQubo,total_service_time,900.0
result_quantum_10customer.json,C206,C,C2,N10,Uncoarsened,FullQubo,N10 Uncoarsened FullQubo,total_waiting_time,2238.4924430797882
result_quantum_10customer.json,C206,C,C2,N10,Uncoarsened,AveragePartitionSolver,N10 Uncoarsened AveragePartitionSolver,capacity_violations,0.0
result_quantum_10customer.json,C206,C,C2,N10,Uncoarsened,AveragePartitionSolver,N10 Uncoarsened AveragePartitionSolver,computation_time,34.25397608295316
result_quantum_10customer.json,C206,C,C2,N10,Uncoarsened,AveragePartitionSolver,N10 Uncoarsened AveragePartitionSolver,num_vehicles,4.0
result_quantum_10customer.json,C206,C,C2,N10,Uncoarsened,AveragePartitionSolver,N10 Uncoarsened AveragePartitionSolver,time_window_violations,0.0
result_quantum_10customer.json,C206,C,C2,N10,Uncoarsened,AveragePartitionSolver,N10 Uncoarsened AveragePartitionSolver,total_demand_served,150.0
result_quantum_10customer.json,C206,C,C2,N10,Uncoarsened,AveragePartitionSolver,N10 Uncoarsened AveragePartitionSolver,total_distance,279.69310784698644
result_quantum_10customer.json,C206,C,C2,N10,Uncoarsened,AveragePartitionSolver,N10 Uncoarsened AveragePartitionSolver,total_route_duration,7073.847702072591
result_quantum_10customer.json,C206,C,C2,N10,Uncoarsened,AveragePartitionSolver,N10 Uncoarsened AveragePartitionSolver,total_service_time,900.0
result_quantum_10customer.json,C206,C,C2,N10,Uncoarsened,AveragePartitionSolver,N10 Uncoarsened AveragePartitionSolver,total_waiting_time,5894.154594225605
result_quantum_10customer.json,C206,C,C2,N10,Inflated,FullQubo,N10 Inflated FullQubo,capacity_violations,0.0
result_quantum_10customer.json,C206,C,C2,N10,Inflated,FullQubo,N10 Inflated FullQubo,computation_time,4.264352290949319
result_quantum_10customer.json,C206,C,C2,N10,Inflated,FullQubo,N10 Inflated FullQubo,num_vehicles,2.0
result_quantum_10customer.json,C206,C,C2,N10,Inflated,FullQubo,N10 Inflated FullQubo,time_window_violations,0.0
result_quantum_10customer.json,C206,C,C2,N10,Inflated,FullQubo,N10 Inflated FullQubo,total_demand_served,150.0
result_quantum_10customer.json,C206,C,C2,N10,Inflated,FullQubo,N10 Inflated FullQubo,total_distance,198.8574234604397
result_quantum_10customer.json,C206,C,C2,N10,Inflated,FullQubo,N10 Inflated FullQubo,total_route_duration,3156.475515567713
result_quantum_10customer.json,C206,C,C2,N10,Inflated,FullQubo,N10 Inflated FullQubo,total_service_time,900.0
result_quantum_10customer.json,C206,C,C2,N10,Inflated,FullQubo,N10 Inflated FullQubo,total_waiting_time,2057.6180921072732
result_quantum_10customer.json,C206,C,C2,N10,Inflated,AveragePartitionSolver,N10 Inflated AveragePartitionSolver,capacity_violations,0.0
result_quantum_10customer.json,C206,C,C2,N10,Inflated,AveragePartitionSolver,N10 Inflated AveragePartitionSolver,computation_time,4.271899415994994
result_quantum_10customer.json,C206,C,C2,N10,Inflated,AveragePartitionSolver,N10 Inflated AveragePartitionSolver,num_vehicles,2.0
result_quantum_10customer.json,C206,C,C2,N10,Inflated,AveragePartitionSolver,N10 Inflated AveragePartitionSolver,time_window_violations,0.0
result_quantum_10customer.json,C206,C,C2,N10,Inflated,AveragePartitionSolver,N10 Inflated AveragePartitionSolver,total_demand_served,150.0
result_quantum_10customer.json,C206,C,C2,N10,Inflated,AveragePartitionSolver,N10 Inflated AveragePartitionSolver,total_distance,194.92090333731207
result_quantum_10customer.json,C206,C,C2,N10,Inflated,AveragePartitionSolver,N10 Inflated AveragePartitionSolver,total_route_duration,4095.3571632697203
result_quantum_10customer.json,C206,C,C2,N10,Inflated,AveragePartitionSolver,N10 Inflated AveragePartitionSolver,total_service_time,900.0
result_quantum_10customer.json,C206,C,C2,N10,Inflated,AveragePartitionSolver,N10 Inflated AveragePartitionSolver,total_waiting_time,3000.436259932408
result_quantum_10customer.json,C207,C,C2,N10,Uncoarsened,FullQubo,N10 Uncoarsened FullQubo,capacity_violations,0.0
result_quantum_10customer.json,C207,C,C2,N10,Uncoarsened,FullQubo,N10 Uncoarsened FullQubo,computation_time,34.872355333995074
result_quantum_10customer.json,C207,C,C2,N10,Uncoarsened,FullQubo,N10 Uncoarsened FullQubo,num_vehicles,3.0
result_quantum_10customer.json,C207,C,C2,N10,Uncoarsened,FullQubo,N10 Uncoarsened FullQubo,time_window_violations,0.0
result_quantum_10customer.json,C207,C,C2,N10,Uncoarsened,FullQubo,N10 Uncoarsened FullQubo,total_demand_served,150.0
result_quantum_10customer.json,C207,C,C2,N10,Uncoarsened,FullQubo,N10 Uncoarsened FullQubo,total_distance,293.58346532816853
result_quantum_10customer.json,C207,C,C2,N10,Uncoarsened,FullQubo,N10 Uncoarsened FullQubo,total_route_duration,5078.778818365095
result_quantum_10customer.json,C207,C,C2,N10,Uncoarsened,FullQubo,N10 Uncoarsened FullQubo,total_service_time,900.0
result_quantum_10customer.json,C207,C,C2,N10,Uncoarsened,FullQubo,N10 Uncoarsened FullQubo,total_waiting_time,3885.1953530369256
result_quantum_10customer.json,C207,C,C2,N10,Uncoarsened,AveragePartitionSolver,N10 Uncoarsened AveragePartitionSolver,capacity_violations,0.0
result_quantum_10customer.json,C207,C,C2,N10,Uncoarsened,AveragePartitionSolver,N10 Uncoarsened AveragePartitionSolver,computation_time,35.07134241703898
result_quantum_10customer.json,C207,C,C2,N10,Uncoarsened,AveragePartitionSolver,N10 Uncoarsened AveragePartitionSolver,num_vehicles,2.0
result_quantum_10customer.json,C207,C,C2,N10,Uncoarsened,AveragePartitionSolver,N10 Uncoarsened AveragePartitionSolver,time_window_violations,0.0
result_quantum_10customer.json,C207,C,C2,N10,Uncoarsened,AveragePartitionSolver,N10 Uncoarsened AveragePartitionSolver,total_demand_served,150.0
result_quantum_10customer.json,C207,C,C2,N10,Uncoarsened,AveragePartitionSolver,N10 Uncoarsened AveragePartitionSolver,total_distance,236.93811532008138
result_quantum_10customer.json,C207,C,C2,N10,Uncoarsened,AveragePartitionSolver,N10 Uncoarsened AveragePartitionSolver,total_route_duration,3879.137357606867
result_quantum_10customer.json,C207,C,C2,N10,Uncoarsened,AveragePartitionSolver,N10 Uncoarsened AveragePartitionSolver,total_service_time,900.0
result_quantum_10customer.json,C207,C,C2,N10,Uncoarsened,AveragePartitionSolver,N10 Uncoarsened AveragePartitionSolver,total_waiting_time,2742.199242286786
result_quantum_10customer.json,C207,C,C2,N10,Inflated,FullQubo,N10 Inflated FullQubo,capacity_violations,0.0
result_quantum_10customer.json,C207,C,C2,N10,Inflated,FullQubo,N10 Inflated FullQubo,computation_time,7.08759262500098
result_quantum_10customer.json,C207,C,C2,N10,Inflated,FullQubo,N10 Inflated FullQubo,num_vehicles,2.0
result_quantum_10customer.json,C207,C,C2,N10,Inflated,FullQubo,N10 Inflated FullQubo,time_window_violations,0.0
result_quantum_10customer.json,C207,C,C2,N10,Inflated,FullQubo,N10 Inflated FullQubo,total_demand_served,150.0
result_quantum_10customer.json,C207,C,C2,N10,Inflated,FullQubo,N10 Inflated FullQubo,total_distance,198.00956754741287
result_quantum_10customer.json,C207,C,C2,N10,Inflated,FullQubo,N10 Inflated FullQubo,total_route_duration,2685.3785827423285
result_quantum_10customer.json,C207,C,C2,N10,Inflated,FullQubo,N10 Inflated FullQubo,total_service_time,900.0
result_quantum_10customer.json,C207,C,C2,N10,Inflated,FullQubo,N10 Inflated FullQubo,total_waiting_time,1587.3690151949158
result_quantum_10customer.json,C207,C,C2,N10,Inflated,AveragePartitionSolver,N10 Inflated AveragePartitionSolver,capacity_violations,0.0
result_quantum_10customer.json,C207,C,C2,N10,Inflated,AveragePartitionSolver,N10 Inflated AveragePartitionSolver,computation_time,7.097451290988829
result_quantum_10customer.json,C207,C,C2,N10,Inflated,AveragePartitionSolver,N10 Inflated AveragePartitionSolver,num_vehicles,2.0
result_quantum_10customer.json,C207,C,C2,N10,Inflated,AveragePartitionSolver,N10 Inflated AveragePartitionSolver,time_window_violations,0.0
result_quantum_10customer.json,C207,C,C2,N10,Inflated,AveragePartitionSolver,N10 Inflated AveragePartitionSolver,total_demand_served,150.0
result_quantum_10customer.json,C207,C,C2,N10,Inflated,AveragePartitionSolver,N10 Inflated AveragePartitionSolver,total_distance,160.98646127806091
result_quantum_10customer.json,C207,C,C2,N10,Inflated,AveragePartitionSolver,N10 Inflated AveragePartitionSolver,total_route_duration,3780.3755515639714
result_quantum_10customer.json,C207,C,C2,N10,Inflated,AveragePartitionSolver,N10 Inflated AveragePartitionSolver,total_service_time,900.0
result_quantum_10customer.json,C207,C,C2,N10,Inflated,AveragePartitionSolver,N10 Inflated AveragePartitionSolver,total_waiting_time,2719.3890902859102
result_quantum_10customer.json,C208,C,C2,N10,Uncoarsened,FullQubo,N10 Uncoarsened FullQubo,capacity_violations,0.0
result_quantum_10customer.json,C208,C,C2,N10,Uncoarsened,FullQubo,N10 Uncoarsened FullQubo,computation_time,34.78958275000332
result_quantum_10customer.json,C208,C,C2,N10,Uncoarsened,FullQubo,N10 Uncoarsened FullQubo,num_vehicles,3.0
result_quantum_10customer.json,C208,C,C2,N10,Uncoarsened,FullQubo,N10 Uncoarsened FullQubo,time_window_violations,0.0
result_quantum_10customer.json,C208,C,C2,N10,Uncoarsened,FullQubo,N10 Uncoarsened FullQubo,total_demand_served,150.0
result_quantum_10customer.json,C208,C,C2,N10,Uncoarsened,FullQubo,N10 Uncoarsened FullQubo,total_distance,292.1073845290508
result_quantum_10customer.json,C208,C,C2,N10,Uncoarsened,FullQubo,N10 Uncoarsened FullQubo,total_route_duration,5526.690450304774
result_quantum_10customer.json,C208,C,C2,N10,Uncoarsened,FullQubo,N10 Uncoarsened FullQubo,total_service_time,900.0
result_quantum_10customer.json,C208,C,C2,N10,Uncoarsened,FullQubo,N10 Uncoarsened FullQubo,total_waiting_time,4334.583065775723
result_quantum_10customer.json,C208,C,C2,N10,Uncoarsened,AveragePartitionSolver,N10 Uncoarsened AveragePartitionSolver,capacity_violations,0.0
result_quantum_10customer.json,C208,C,C2,N10,Uncoarsened,AveragePartitionSolver,N10 Uncoarsened AveragePartitionSolver,computation_time,35.12128262495389
result_quantum_10customer.json,C208,C,C2,N10,Uncoarsened,AveragePartitionSolver,N10 Uncoarsened AveragePartitionSolver,num_vehicles,2.0
result_quantum_10customer.json,C208,C,C2,N10,Uncoarsened,AveragePartitionSolver,N10 Uncoarsened AveragePartitionSolver,time_window_violations,0.0
result_quantum_10customer.json,C208,C,C2,N10,Uncoarsened,AveragePartitionSolver,N10 Uncoarsened AveragePartitionSolver,total_demand_served,150.0
result_quantum_10customer.json,C208,C,C2,N10,Uncoarsened,AveragePartitionSolver,N10 Uncoarsened AveragePartitionSolver,total_distance,236.04212196554377
result_quantum_10customer.json,C208,C,C2,N10,Uncoarsened,AveragePartitionSolver,N10 Uncoarsened AveragePartitionSolver,total_route_duration,5519.748765983311
result_quantum_10customer.json,C208,C,C2,N10,Uncoarsened,AveragePartitionSolver,N10 Uncoarsened AveragePartitionSolver,total_service_time,900.0
result_quantum_10customer.json,C208,C,C2,N10,Uncoarsened,AveragePartitionSolver,N10 Uncoarsened AveragePartitionSolver,total_waiting_time,4383.706644017768
result_quantum_10customer.json,C208,C,C2,N10,Inflated,FullQubo,N10 Inflated FullQubo,capacity_violations,0.0
result_quantum_10customer.json,C208,C,C2,N10,Inflated,FullQubo,N10 Inflated FullQubo,computation_time,4.270314958004747
result_quantum_10customer.json,C208,C,C2,N10,Inflated,FullQubo,N10 Inflated FullQubo,num_vehicles,2.0
result_quantum_10customer.json,C208,C,C2,N10,Inflated,FullQubo,N10 Inflated FullQubo,time_window_violations,0.0
result_quantum_10customer.json,C208,C,C2,N10,Inflated,FullQubo,N10 Inflated FullQubo,total_demand_served,150.0
result_quantum_10customer.json,C208,C,C2,N10,Inflated,FullQubo,N10 Inflated FullQubo,total_distance,185.0152357161649
result_quantum_10customer.json,C208,C,C2,N10,Inflated,FullQubo,N10 Inflated FullQubo,total_route_duration,3885.3571632697203
result_quantum_10customer.json,C208,C,C2,N10,Inflated,FullQubo,N10 Inflated FullQubo,total_service_time,900.0
result_quantum_10customer.json,C208,C,C2,N10,Inflated,FullQubo,N10 Inflated FullQubo,total_waiting_time,2800.3419275535553
result_quantum_10customer.json,C208,C,C2,N10,Inflated,AveragePartitionSolver,N10 Inflated AveragePartitionSolver,capacity_violations,0.0
result_quantum_10customer.json,C208,C,C2,N10,Inflated,AveragePartitionSolver,N10 Inflated AveragePartitionSolver,computation_time,4.269306541013066
result_quantum_10customer.json,C208,C,C2,N10,Inflated,AveragePartitionSolver,N10 Inflated AveragePartitionSolver,num_vehicles,2.0
result_quantum_10customer.json,C208,C,C2,N10,Inflated,AveragePartitionSolver,N10 Inflated AveragePartitionSolver,time_window_violations,0.0
result_quantum_10customer.json,C208,C,C2,N10,Inflated,AveragePartitionSolver,N10 Inflated AveragePartitionSolver,total_demand_served,150.0
result_quantum_10customer.json,C208,C,C2,N10,Inflated,AveragePartitionSolver,N10 Inflated AveragePartitionSolver,total_distance,153.75732731347344
result_quantum_10customer.json,C208,C,C2,N10,Inflated,AveragePartitionSolver,N10 Inflated AveragePartitionSolver,total_route_duration,3121.042887601336
result_quantum_10customer.json,C208,C,C2,N10,Inflated,AveragePartitionSolver,N10 Inflated AveragePartitionSolver,total_service_time,900.0
result_quantum_10customer.json,C208,C,C2,N10,Inflated,AveragePartitionSolver,N10 Inflated AveragePartitionSolver,total_waiting_time,2067.2855602878626
result_quantum_10customer.json,R101,R,R1,N10,Uncoarsened,FullQubo,N10 Uncoarsened FullQubo,capacity_violations,0.0
result_quantum_10customer.json,R101,R,R1,N10,Uncoarsened,FullQubo,N10 Uncoarsened FullQubo,computation_time,32.236793707998004
result_quantum_10customer.json,R101,R,R1,N10,Uncoarsened,FullQubo,N10 Uncoarsened FullQubo,num_vehicles,4.0
result_quantum_10customer.json,R101,R,R1,N10,Uncoarsened,FullQubo,N10 Uncoarsened FullQubo,time_window_violations,0.0
result_quantum_10customer.json,R101,R,R1,N10,Uncoarsened,FullQubo,N10 Uncoarsened FullQubo,total_demand_served,124.0
result_quantum_10customer.json,R101,R,R1,N10,Uncoarsened,FullQubo,N10 Uncoarsened FullQubo,total_distance,331.4501021372729
result_quantum_10customer.json,R101,R,R1,N10,Uncoarsened,FullQubo,N10 Uncoarsened FullQubo,total_route_duration,650.2580343058444
result_quantum_10customer.json,R101,R,R1,N10,Uncoarsened,FullQubo,N10 Uncoarsened FullQubo,total_service_time,100.0
result_quantum_10customer.json,R101,R,R1,N10,Uncoarsened,FullQubo,N10 Uncoarsened FullQubo,total_waiting_time,218.80793216857148
result_quantum_10customer.json,R101,R,R1,N10,Uncoarsened,AveragePartitionSolver,N10 Uncoarsened AveragePartitionSolver,capacity_violations,0.0
result_quantum_10customer.json,R101,R,R1,N10,Uncoarsened,AveragePartitionSolver,N10 Uncoarsened AveragePartitionSolver,computation_time,20.46080245898338
result_quantum_10customer.json,R101,R,R1,N10,Uncoarsened,AveragePartitionSolver,N10 Uncoarsened AveragePartitionSolver,num_vehicles,5.0
result_quantum_10customer.json,R101,R,R1,N10,Uncoarsened,AveragePartitionSolver,N10 Uncoarsened AveragePartitionSolver,time_window_violations,0.0
result_quantum_10customer.json,R101,R,R1,N10,Uncoarsened,AveragePartitionSolver,N10 Uncoarsened AveragePartitionSolver,total_demand_served,124.0
result_quantum_10customer.json,R101,R,R1,N10,Uncoarsened,AveragePartitionSolver,N10 Uncoarsened AveragePartitionSolver,total_distance,370.0316109139997
result_quantum_10customer.json,R101,R,R1,N10,Uncoarsened,AveragePartitionSolver,N10 Uncoarsened AveragePartitionSolver,total_route_duration,777.7266797705031
result_quantum_10customer.json,R101,R,R1,N10,Uncoarsened,AveragePartitionSolver,N10 Uncoarsened AveragePartitionSolver,total_service_time,100.0
result_quantum_10customer.json,R101,R,R1,N10,Uncoarsened,AveragePartitionSolver,N10 Uncoarsened AveragePartitionSolver,total_waiting_time,307.6950688565034
result_quantum_10customer.json,R101,R,R1,N10,Inflated,FullQubo,N10 Inflated FullQubo,capacity_violations,0.0
result_quantum_10customer.json,R101,R,R1,N10,Inflated,FullQubo,N10 Inflated FullQubo,computation_time,10.036796416970901
result_quantum_10customer.json,R101,R,R1,N10,Inflated,FullQubo,N10 Inflated FullQubo,num_vehicles,3.0
result_quantum_10customer.json,R101,R,R1,N10,Inflated,FullQubo,N10 Inflated FullQubo,time_window_violations,1.0
result_quantum_10customer.json,R101,R,R1,N10,Inflated,FullQubo,N10 Inflated FullQubo,total_demand_served,124.0
result_quantum_10customer.json,R101,R,R1,N10,Inflated,FullQubo,N10 Inflated FullQubo,total_distance,289.4566679176021
result_quantum_10customer.json,R101,R,R1,N10,Inflated,FullQubo,N10 Inflated FullQubo,total_route_duration,528.6039402853769
result_quantum_10customer.json,R101,R,R1,N10,Inflated,FullQubo,N10 Inflated FullQubo,total_service_time,100.0
result_quantum_10customer.json,R101,R,R1,N10,Inflated,FullQubo,N10 Inflated FullQubo,total_waiting_time,139.14727236777475
result_quantum_10customer.json,R101,R,R1,N10,Inflated,AveragePartitionSolver,N10 Inflated AveragePartitionSolver,capacity_violations,0.0
result_quantum_10customer.json,R101,R,R1,N10,Inflated,AveragePartitionSolver,N10 Inflated AveragePartitionSolver,computation_time,10.117137582972646
result_quantum_10customer.json,R101,R,R1,N10,Inflated,AveragePartitionSolver,N10 Inflated AveragePartitionSolver,num_vehicles,3.0
result_quantum_10customer.json,R101,R,R1,N10,Inflated,AveragePartitionSolver,N10 Inflated AveragePartitionSolver,time_window_violations,3.0
result_quantum_10customer.json,R101,R,R1,N10,Inflated,AveragePartitionSolver,N10 Inflated AveragePartitionSolver,total_demand_served,124.0
result_quantum_10customer.json,R101,R,R1,N10,Inflated,AveragePartitionSolver,N10 Inflated AveragePartitionSolver,total_distance,280.47907125626284
result_quantum_10customer.json,R101,R,R1,N10,Inflated,AveragePartitionSolver,N10 Inflated AveragePartitionSolver,total_route_duration,539.0275630908943
result_quantum_10customer.json,R101,R,R1,N10,Inflated,AveragePartitionSolver,N10 Inflated AveragePartitionSolver,total_service_time,100.0
result_quantum_10customer.json,R101,R,R1,N10,Inflated,AveragePartitionSolver,N10 Inflated AveragePartitionSolver,total_waiting_time,158.54849183463148
result_quantum_10customer.json,R102,R,R1,N10,Uncoarsened,FullQubo,N10 Uncoarsened FullQubo,capacity_violations,0.0
result_quantum_10customer.json,R102,R,R1,N10,Uncoarsened,FullQubo,N10 Uncoarsened FullQubo,computation_time,18.43495891697239
result_quantum_10customer.json,R102,R,R1,N10,Uncoarsened,FullQubo,N10 Uncoarsened FullQubo,num_vehicles,4.0
result_quantum_10customer.json,R102,R,R1,N10,Uncoarsened,FullQubo,N10 Uncoarsened FullQubo,time_window_violations,0.0
result_quantum_10customer.json,R102,R,R1,N10,Uncoarsened,FullQubo,N10 Uncoarsened FullQubo,total_demand_served,124.0
result_quantum_10customer.json,R102,R,R1,N10,Uncoarsened,FullQubo,N10 Uncoarsened FullQubo,total_distance,314.34046987147684
result_quantum_10customer.json,R102,R,R1,N10,Uncoarsened,FullQubo,N10 Uncoarsened FullQubo,total_route_duration,704.7820899316924
result_quantum_10customer.json,R102,R,R1,N10,Uncoarsened,FullQubo,N10 Uncoarsened FullQubo,total_service_time,100.0
result_quantum_10customer.json,R102,R,R1,N10,Uncoarsened,FullQubo,N10 Uncoarsened FullQubo,total_waiting_time,290.44162006021566
result_quantum_10customer.json,R102,R,R1,N10,Uncoarsened,AveragePartitionSolver,N10 Uncoarsened AveragePartitionSolver,capacity_violations,0.0
result_quantum_10customer.json,R102,R,R1,N10,Uncoarsened,AveragePartitionSolver,N10 Uncoarsened AveragePartitionSolver,computation_time,18.38721324998187
result_quantum_10customer.json,R102,R,R1,N10,Uncoarsened,AveragePartitionSolver,N10 Uncoarsened AveragePartitionSolver,num_vehicles,4.0
result_quantum_10customer.json,R102,R,R1,N10,Uncoarsened,AveragePartitionSolver,N10 Uncoarsened AveragePartitionSolver,time_window_violations,0.0
result_quantum_10customer.json,R102,R,R1,N10,Uncoarsened,AveragePartitionSolver,N10 Uncoarsened AveragePartitionSolver,total_demand_served,124.0
result_quantum_10customer.json,R102,R,R1,N10,Uncoarsened,AveragePartitionSolver,N10 Uncoarsened AveragePartitionSolver,total_distance,343.4787916348424
result_quantum_10customer.json,R102,R,R1,N10,Uncoarsened,AveragePartitionSolver,N10 Uncoarsened AveragePartitionSolver,total_route_duration,608.3779245262579
result_quantum_10customer.json,R102,R,R1,N10,Uncoarsened,AveragePartitionSolver,N10 Uncoarsened AveragePartitionSolver,total_service_time,100.0
result_quantum_10customer.json,R102,R,R1,N10,Uncoarsened,AveragePartitionSolver,N10 Uncoarsened AveragePartitionSolver,total_waiting_time,164.8991328914155
result_quantum_10customer.json,R102,R,R1,N10,Inflated,FullQubo,N10 Inflated FullQubo,capacity_violations,0.0
result_quantum_10customer.json,R102,R,R1,N10,Inflated,FullQubo,N10 Inflated FullQubo,computation_time,2.194044000003487
result_quantum_10customer.json,R102,R,R1,N10,Inflated,FullQubo,N10 Inflated FullQubo,num_vehicles,2.0
result_quantum_10customer.json,R102,R,R1,N10,Inflated,FullQubo,N10 Inflated FullQubo,time_window_violations,5.0
result_quantum_10customer.json,R102,R,R1,N10,Inflated,FullQubo,N10 Inflated FullQubo,total_demand_served,124.0
result_quantum_10customer.json,R102,R,R1,N10,Inflated,FullQubo,N10 Inflated FullQubo,total_distance,224.6091779566608
result_quantum_10customer.json,R102,R,R1,N10,Inflated,FullQubo,N10 Inflated FullQubo,total_route_duration,500.1894189053307
result_quantum_10customer.json,R102,R,R1,N10,Inflated,FullQubo,N10 Inflated FullQubo,total_service_time,100.0
result_quantum_10customer.json,R102,R,R1,N10,Inflated,FullQubo,N10 Inflated FullQubo,total_waiting_time,175.58024094866988
result_quantum_10customer.json,R102,R,R1,N10,Inflated,AveragePartitionSolver,N10 Inflated AveragePartitionSolver,capacity_violations,0.0
result_quantum_10customer.json,R102,R,R1,N10,Inflated,AveragePartitionSolver,N10 Inflated AveragePartitionSolver,computation_time,2.1992853329866193
result_quantum_10customer.json,R102,R,R1,N10,Inflated,AveragePartitionSolver,N10 Inflated AveragePartitionSolver,num_vehicles,2.0
result_quantum_10customer.json,R102,R,R1,N10,Inflated,AveragePartitionSolver,N10 Inflated AveragePartitionSolver,time_window_violations,3.0
result_quantum_10customer.json,R102,R,R1,N10,Inflated,AveragePartitionSolver,N10 Inflated AveragePartitionSolver,total_demand_served,124.0
result_quantum_10customer.json,R102,R,R1,N10,Inflated,AveragePartitionSolver,N10 Inflated AveragePartitionSolver,total_distance,273.24273394970857
result_quantum_10customer.json,R102,R,R1,N10,Inflated,AveragePartitionSolver,N10 Inflated AveragePartitionSolver,total_route_duration,483.2074467702902
result_quantum_10customer.json,R102,R,R1,N10,Inflated,AveragePartitionSolver,N10 Inflated AveragePartitionSolver,total_service_time,100.0
result_quantum_10customer.json,R102,R,R1,N10,Inflated,AveragePartitionSolver,N10 Inflated AveragePartitionSolver,total_waiting_time,109.96471282058157
result_quantum_10customer.json,R103,R,R1,N10,Uncoarsened,FullQubo,N10 Uncoarsened FullQubo,capacity_violations,0.0
result_quantum_10customer.json,R103,R,R1,N10,Uncoarsened,FullQubo,N10 Uncoarsened FullQubo,computation_time,18.82582883402938
result_quantum_10customer.json,R103,R,R1,N10,Uncoarsened,FullQubo,N10 Uncoarsened FullQubo,num_vehicles,3.0
result_quantum_10customer.json,R103,R,R1,N10,Uncoarsened,FullQubo,N10 Uncoarsened FullQubo,time_window_violations,0.0
result_quantum_10customer.json,R103,R,R1,N10,Uncoarsened,FullQubo,N10 Uncoarsened FullQubo,total_demand_served,124.0
result_quantum_10customer.json,R103,R,R1,N10,Uncoarsened,FullQubo,N10 Uncoarsened FullQubo,total_distance,308.1002777957826
result_quantum_10customer.json,R103,R,R1,N10,Uncoarsened,FullQubo,N10 Uncoarsened FullQubo,total_route_duration,521.8920590133812
result_quantum_10customer.json,R103,R,R1,N10,Uncoarsened,FullQubo,N10 Uncoarsened FullQubo,total_service_time,100.0
result_quantum_10customer.json,R103,R,R1,N10,Uncoarsened,FullQubo,N10 Uncoarsened FullQubo,total_waiting_time,113.79178121759853
result_quantum_10customer.json,R103,R,R1,N10,Uncoarsened,AveragePartitionSolver,N10 Uncoarsened AveragePartitionSolver,capacity_violations,0.0
result_quantum_10customer.json,R103,R,R1,N10,Uncoarsened,AveragePartitionSolver,N10 Uncoarsened AveragePartitionSolver,computation_time,18.47496758302441
result_quantum_10customer.json,R103,R,R1,N10,Uncoarsened,AveragePartitionSolver,N10 Uncoarsened AveragePartitionSolver,num_vehicles,3.0
result_quantum_10customer.json,R103,R,R1,N10,Uncoarsened,AveragePartitionSolver,N10 Uncoarsened AveragePartitionSolver,time_window_violations,0.0
result_quantum_10customer.json,R103,R,R1,N10,Uncoarsened,AveragePartitionSolver,N10 Uncoarsened AveragePartitionSolver,total_demand_served,124.0
result_quantum_10customer.json,R103,R,R1,N10,Uncoarsened,AveragePartitionSolver,N10 Uncoarsened AveragePartitionSolver,total_distance,269.0570237263722
result_quantum_10customer.json,R103,R,R1,N10,Uncoarsened,AveragePartitionSolver,N10 Uncoarsened AveragePartitionSolver,total_route_duration,498.7844884436397
result_quantum_10customer.json,R103,R,R1,N10,Uncoarsened,AveragePartitionSolver,N10 Uncoarsened AveragePartitionSolver,total_service_time,100.0
result_quantum_10customer.json,R103,R,R1,N10,Uncoarsened,AveragePartitionSolver,N10 Uncoarsened AveragePartitionSolver,total_waiting_time,129.72746471726748
result_quantum_10customer.json,R103,R,R1,N10,Inflated,FullQubo,N10 Inflated FullQubo,capacity_violations,0.0
result_quantum_10customer.json,R103,R,R1,N10,Inflated,FullQubo,N10 Inflated FullQubo,computation_time,2.215573374996893
result_quantum_10customer.json,R103,R,R1,N10,Inflated,FullQubo,N10 Inflated FullQubo,num_vehicles,3.0
result_quantum_10customer.json,R103,R,R1,N10,Inflated,FullQubo,N10 Inflated FullQubo,time_window_violations,0.0
result_quantum_10customer.json,R103,R,R1,N10,Inflated,FullQubo,N10 Inflated FullQubo,total_demand_served,124.0
result_quantum_10customer.json,R103,R,R1,N10,Inflated,FullQubo,N10 Inflated FullQubo,total_distance,279.194112656536
result_quantum_10customer.json,R103,R,R1,N10,Inflated,FullQubo,N10 Inflated FullQubo,total_route_duration,511.43343210879374
result_quantum_10customer.json,R103,R,R1,N10,Inflated,FullQubo,N10 Inflated FullQubo,total_service_time,100.0
result_quantum_10customer.json,R103,R,R1,N10,Inflated,FullQubo,N10 Inflated FullQubo,total_waiting_time,132.23931945225777
result_quantum_10customer.json,R103,R,R1,N10,Inflated,AveragePartitionSolver,N10 Inflated AveragePartitionSolver,capacity_violations,0.0
result_quantum_10customer.json,R103,R,R1,N10,Inflated,AveragePartitionSolver,N10 Inflated AveragePartitionSolver,computation_time,2.2136848749942146
result_quantum_10customer.json,R103,R,R1,N10,Inflated,AveragePartitionSolver,N10 Inflated AveragePartitionSolver,num_vehicles,2.0
result_quantum_10customer.json,R103,R,R1,N10,Inflated,AveragePartitionSolver,N10 Inflated AveragePartitionSolver,time_window_violations,3.0
result_quantum_10customer.json,R103,R,R1,N10,Inflated,AveragePartitionSolver,N10 Inflated AveragePartitionSolver,total_demand_served,124.0
result_quantum_10customer.json,R103,R,R1,N10,Inflated,AveragePartitionSolver,N10 Inflated AveragePartitionSolver,total_distance,273.24273394970857
result_quantum_10customer.json,R103,R,R1,N10,Inflated,AveragePartitionSolver,N10 Inflated AveragePartitionSolver,total_route_duration,483.2074467702902
result_quantum_10customer.json,R103,R,R1,N10,Inflated,AveragePartitionSolver,N10 Inflated AveragePartitionSolver,total_service_time,100.0
result_quantum_10customer.json,R103,R,R1,N10,Inflated,AveragePartitionSolver,N10 Inflated AveragePartitionSolver,total_waiting_time,109.96471282058157
result_quantum_10customer.json,R104,R,R1,N10,Uncoarsened,FullQubo,N10 Uncoarsened FullQubo,capacity_violations,0.0
result_quantum_10customer.json,R104,R,R1,N10,Uncoarsened,FullQubo,N10 Uncoarsened FullQubo,computation_time,18.715008583967574
result_quantum_10customer.json,R104,R,R1,N10,Uncoarsened,FullQubo,N10 Uncoarsened FullQubo,num_vehicles,3.0
result_quantum_10customer.json,R104,R,R1,N10,Uncoarsened,FullQubo,N10 Uncoarsened FullQubo,time_window_violations,0.0
result_quantum_10customer.json,R104,R,R1,N10,Uncoarsened,FullQubo,N10 Uncoarsened FullQubo,total_demand_served,124.0
result_quantum_10customer.json,R104,R,R1,N10,Uncoarsened,FullQubo,N10 Uncoarsened FullQubo,total_distance,341.8280276871977
result_quantum_10customer.json,R104,R,R1,N10,Uncoarsened,FullQubo,N10 Uncoarsened FullQubo,total_route_duration,495.7982545584195
result_quantum_10customer.json,R104,R,R1,N10,Uncoarsened,FullQubo,N10 Uncoarsened FullQubo,total_service_time,100.0
result_quantum_10customer.json,R104,R,R1,N10,Uncoarsened,FullQubo,N10 Uncoarsened FullQubo,total_waiting_time,53.97022687122184
result_quantum_10customer.json,R104,R,R1,N10,Uncoarsened,AveragePartitionSolver,N10 Uncoarsened AveragePartitionSolver,capacity_violations,0.0
result_quantum_10customer.json,R104,R,R1,N10,Uncoarsened,AveragePartitionSolver,N10 Uncoarsened AveragePartitionSolver,computation_time,18.59589270799188
result_quantum_10customer.json,R104,R,R1,N10,Uncoarsened,AveragePartitionSolver,N10 Uncoarsened AveragePartitionSolver,num_vehicles,3.0
result_quantum_10customer.json,R104,R,R1,N10,Uncoarsened,AveragePartitionSolver,N10 Uncoarsened AveragePartitionSolver,time_window_violations,0.0
result_quantum_10customer.json,R104,R,R1,N10,Uncoarsened,AveragePartitionSolver,N10 Uncoarsened AveragePartitionSolver,total_demand_served,124.0
result_quantum_10customer.json,R104,R,R1,N10,Uncoarsened,AveragePartitionSolver,N10 Uncoarsened AveragePartitionSolver,total_distance,321.0465318692018
result_quantum_10customer.json,R104,R,R1,N10,Uncoarsened,AveragePartitionSolver,N10 Uncoarsened AveragePartitionSolver,total_route_duration,560.899210915638
result_quantum_10customer.json,R104,R,R1,N10,Uncoarsened,AveragePartitionSolver,N10 Uncoarsened AveragePartitionSolver,total_service_time,100.0
result_quantum_10customer.json,R104,R,R1,N10,Uncoarsened,AveragePartitionSolver,N10 Uncoarsened AveragePartitionSolver,total_waiting_time,139.8526790464362
result_quantum_10customer.json,R104,R,R1,N10,Inflated,FullQubo,N10 Inflated FullQubo,capacity_violations,0.0
result_quantum_10customer.json,R104,R,R1,N10,Inflated,FullQubo,N10 Inflated FullQubo,computation_time,2.2555538750020787
result_quantum_10customer.json,R104,R,R1,N10,Inflated,FullQubo,N10 Inflated FullQubo,num_vehicles,2.0
result_quantum_10customer.json,R104,R,R1,N10,Inflated,FullQubo,N10 Inflated FullQubo,time_window_violations,5.0
result_quantum_10customer.json,R104,R,R1,N10,Inflated,FullQubo,N10 Inflated FullQubo,total_demand_served,124.0
result_quantum_10customer.json,R104,R,R1,N10,Inflated,FullQubo,N10 Inflated FullQubo,total_distance,259.4281210790317
result_quantum_10customer.json,R104,R,R1,N10,Inflated,FullQubo,N10 Inflated FullQubo,total_route_duration,505.70272771070796
result_quantum_10customer.json,R104,R,R1,N10,Inflated,FullQubo,N10 Inflated FullQubo,total_service_time,100.0
result_quantum_10customer.json,R104,R,R1,N10,Inflated,FullQubo,N10 Inflated FullQubo,total_waiting_time,146.2746066316762
result_quantum_10customer.json,R104,R,R1,N10,Inflated,AveragePartitionSolver,N10 Inflated AveragePartitionSolver,capacity_violations,0.0
result_quantum_10customer.json,R104,R,R1,N10,Inflated,AveragePartitionSolver,N10 Inflated AveragePartitionSolver,computation_time,2.2833164170151576
result_quantum_10customer.json,R104,R,R1,N10,Inflated,AveragePartitionSolver,N10 Inflated AveragePartitionSolver,num_vehicles,3.0
result_quantum_10customer.json,R104,R,R1,N10,Inflated,AveragePartitionSolver,N10 Inflated AveragePartitionSolver,time_window_violations,0.0
result_quantum_10customer.json,R104,R,R1,N10,Inflated,AveragePartitionSolver,N10 Inflated AveragePartitionSolver,total_demand_served,124.0
result_quantum_10customer.json,R104,R,R1,N10,Inflated,AveragePartitionSolver,N10 Inflated AveragePartitionSolver,total_distance,259.5436022281637
result_quantum_10customer.json,R104,R,R1,N10,Inflated,AveragePartitionSolver,N10 Inflated AveragePartitionSolver,total_route_duration,557.3984498085098
result_quantum_10customer.json,R104,R,R1,N10,Inflated,AveragePartitionSolver,N10 Inflated AveragePartitionSolver,total_service_time,100.0
result_quantum_10customer.json,R104,R,R1,N10,Inflated,AveragePartitionSolver,N10 Inflated AveragePartitionSolver,total_waiting_time,197.85484758034607
result_quantum_10customer.json,R105,R,R1,N10,Uncoarsened,FullQubo,N10 Uncoarsened FullQubo,capacity_violations,0.0
result_quantum_10customer.json,R105,R,R1,N10,Uncoarsened,FullQubo,N10 Uncoarsened FullQubo,computation_time,18.608065209002234
result_quantum_10customer.json,R105,R,R1,N10,Uncoarsened,FullQubo,N10 Uncoarsened FullQubo,num_vehicles,3.0
result_quantum_10customer.json,R105,R,R1,N10,Uncoarsened,FullQubo,N10 Uncoarsened FullQubo,time_window_violations,0.0
result_quantum_10customer.json,R105,R,R1,N10,Uncoarsened,FullQubo,N10 Uncoarsened FullQubo,total_demand_served,124.0
result_quantum_10customer.json,R105,R,R1,N10,Uncoarsened,FullQubo,N10 Uncoarsened FullQubo,total_distance,275.01331555661886
result_quantum_10customer.json,R105,R,R1,N10,Uncoarsened,FullQubo,N10 Uncoarsened FullQubo,total_route_duration,491.4510370328326
result_quantum_10customer.json,R105,R,R1,N10,Uncoarsened,FullQubo,N10 Uncoarsened FullQubo,total_service_time,100.0
result_quantum_10customer.json,R105,R,R1,N10,Uncoarsened,FullQubo,N10 Uncoarsened FullQubo,total_waiting_time,116.43772147621371
result_quantum_10customer.json,R105,R,R1,N10,Uncoarsened,AveragePartitionSolver,N10 Uncoarsened AveragePartitionSolver,capacity_violations,0.0
result_quantum_10customer.json,R105,R,R1,N10,Uncoarsened,AveragePartitionSolver,N10 Uncoarsened AveragePartitionSolver,computation_time,18.682065333006904
result_quantum_10customer.json,R105,R,R1,N10,Uncoarsened,AveragePartitionSolver,N10 Uncoarsened AveragePartitionSolver,num_vehicles,5.0
result_quantum_10customer.json,R105,R,R1,N10,Uncoarsened,AveragePartitionSolver,N10 Uncoarsened AveragePartitionSolver,time_window_violations,0.0
result_quantum_10customer.json,R105,R,R1,N10,Uncoarsened,AveragePartitionSolver,N10 Uncoarsened AveragePartitionSolver,total_demand_served,124.0
result_quantum_10customer.json,R105,R,R1,N10,Uncoarsened,AveragePartitionSolver,N10 Uncoarsened AveragePartitionSolver,total_distance,358.6527801827888
result_quantum_10customer.json,R105,R,R1,N10,Uncoarsened,AveragePartitionSolver,N10 Uncoarsened AveragePartitionSolver,total_route_duration,714.5922619775372
result_quantum_10customer.json,R105,R,R1,N10,Uncoarsened,AveragePartitionSolver,N10 Uncoarsened AveragePartitionSolver,total_service_time,100.0
result_quantum_10customer.json,R105,R,R1,N10,Uncoarsened,AveragePartitionSolver,N10 Uncoarsened AveragePartitionSolver,total_waiting_time,255.93948179474833
result_quantum_10customer.json,R105,R,R1,N10,Inflated,FullQubo,N10 Inflated FullQubo,capacity_violations,0.0
result_quantum_10customer.json,R105,R,R1,N10,Inflated,FullQubo,N10 Inflated FullQubo,computation_time,3.7469717080239207
result_quantum_10customer.json,R105,R,R1,N10,Inflated,FullQubo,N10 Inflated FullQubo,num_vehicles,2.0
result_quantum_10customer.json,R105,R,R1,N10,Inflated,FullQubo,N10 Inflated FullQubo,time_window_violations,8.0
result_quantum_10customer.json,R105,R,R1,N10,Inflated,FullQubo,N10 Inflated FullQubo,total_demand_served,124.0
result_quantum_10customer.json,R105,R,R1,N10,Inflated,FullQubo,N10 Inflated FullQubo,total_distance,262.1495554932004
result_quantum_10customer.json,R105,R,R1,N10,Inflated,FullQubo,N10 Inflated FullQubo,total_route_duration,541.4307095090797
result_quantum_10customer.json,R105,R,R1,N10,Inflated,FullQubo,N10 Inflated FullQubo,total_service_time,100.0
result_quantum_10customer.json,R105,R,R1,N10,Inflated,FullQubo,N10 Inflated FullQubo,total_waiting_time,179.2811540158794
result_quantum_10customer.json,R105,R,R1,N10,Inflated,AveragePartitionSolver,N10 Inflated AveragePartitionSolver,capacity_violations,0.0
result_quantum_10customer.json,R105,R,R1,N10,Inflated,AveragePartitionSolver,N10 Inflated AveragePartitionSolver,computation_time,3.7405661669909023
result_quantum_10customer.json,R105,R,R1,N10,Inflated,AveragePartitionSolver,N10 Inflated AveragePartitionSolver,num_vehicles,2.0
result_quantum_10customer.json,R105,R,R1,N10,Inflated,AveragePartitionSolver,N10 Inflated AveragePartitionSolver,time_window_violations,4.0
result_quantum_10customer.json,R105,R,R1,N10,Inflated,AveragePartitionSolver,N10 Inflated AveragePartitionSolver,total_demand_served,124.0
result_quantum_10customer.json,R105,R,R1,N10,Inflated,AveragePartitionSolver,N10 Inflated AveragePartitionSolver,total_distance,260.9913093489889
result_quantum_10customer.json,R105,R,R1,N10,Inflated,AveragePartitionSolver,N10 Inflated AveragePartitionSolver,total_route_duration,423.4705314489856
result_quantum_10customer.json,R105,R,R1,N10,Inflated,AveragePartitionSolver,N10 Inflated AveragePartitionSolver,total_service_time,100.0
result_quantum_10customer.json,R105,R,R1,N10,Inflated,AveragePartitionSolver,N10 Inflated AveragePartitionSolver,total_waiting_time,62.479222099996676
result_quantum_10customer.json,R106,R,R1,N10,Uncoarsened,FullQubo,N10 Uncoarsened FullQubo,capacity_violations,0.0
result_quantum_10customer.json,R106,R,R1,N10,Uncoarsened,FullQubo,N10 Uncoarsened FullQubo,computation_time,18.804149250034243
result_quantum_10customer.json,R106,R,R1,N10,Uncoarsened,FullQubo,N10 Uncoarsened FullQubo,num_vehicles,4.0
result_quantum_10customer.json,R106,R,R1,N10,Uncoarsened,FullQubo,N10 Uncoarsened FullQubo,time_window_violations,0.0
result_quantum_10customer.json,R106,R,R1,N10,Uncoarsened,FullQubo,N10 Uncoarsened FullQubo,total_demand_served,124.0
result_quantum_10customer.json,R106,R,R1,N10,Uncoarsened,FullQubo,N10 Uncoarsened FullQubo,total_distance,327.99647363010763
result_quantum_10customer.json,R106,R,R1,N10,Uncoarsened,FullQubo,N10 Uncoarsened FullQubo,total_route_duration,617.3448644275246
result_quantum_10customer.json,R106,R,R1,N10,Uncoarsened,FullQubo,N10 Uncoarsened FullQubo,total_service_time,100.0
result_quantum_10customer.json,R106,R,R1,N10,Uncoarsened,FullQubo,N10 Uncoarsened FullQubo,total_waiting_time,189.34839079741693
result_quantum_10customer.json,R106,R,R1,N10,Uncoarsened,AveragePartitionSolver,N10 Uncoarsened AveragePartitionSolver,capacity_violations,0.0
result_quantum_10customer.json,R106,R,R1,N10,Uncoarsened,AveragePartitionSolver,N10 Uncoarsened AveragePartitionSolver,computation_time,18.249131624994334
result_quantum_10customer.json,R106,R,R1,N10,Uncoarsened,AveragePartitionSolver,N10 Uncoarsened AveragePartitionSolver,num_vehicles,4.0
result_quantum_10customer.json,R106,R,R1,N10,Uncoarsened,AveragePartitionSolver,N10 Uncoarsened AveragePartitionSolver,time_window_violations,0.0
result_quantum_10customer.json,R106,R,R1,N10,Uncoarsened,AveragePartitionSolver,N10 Uncoarsened AveragePartitionSolver,total_demand_served,124.0
result_quantum_10customer.json,R106,R,R1,N10,Uncoarsened,AveragePartitionSolver,N10 Uncoarsened AveragePartitionSolver,total_distance,325.8330545087672
result_quantum_10customer.json,R106,R,R1,N10,Uncoarsened,AveragePartitionSolver,N10 Uncoarsened AveragePartitionSolver,total_route_duration,541.779869933202
result_quantum_10customer.json,R106,R,R1,N10,Uncoarsened,AveragePartitionSolver,N10 Uncoarsened AveragePartitionSolver,total_service_time,100.0
result_quantum_10customer.json,R106,R,R1,N10,Uncoarsened,AveragePartitionSolver,N10 Uncoarsened AveragePartitionSolver,total_waiting_time,115.94681542443477
result_quantum_10customer.json,R106,R,R1,N10,Inflated,FullQubo,N10 Inflated FullQubo,capacity_violations,0.0
result_quantum_10customer.json,R106,R,R1,N10,Inflated,FullQubo,N10 Inflated FullQubo,computation_time,2.155409333994612
result_quantum_10customer.json,R106,R,R1,N10,Inflated,FullQubo,N10 Inflated FullQubo,num_vehicles,2.0
result_quantum_10customer.json,R106,R,R1,N10,Inflated,FullQubo,N10 Inflated FullQubo,time_window_violations,3.0
result_quantum_10customer.json,R106,R,R1,N10,Inflated,FullQubo,N10 Inflated FullQubo,total_demand_served,124.0
result_quantum_10customer.json,R106,R,R1,N10,Inflated,FullQubo,N10 Inflated FullQubo,total_distance,257.33620104582087
result_quantum_10customer.json,R106,R,R1,N10,Inflated,FullQubo,N10 Inflated FullQubo,total_route_duration,413.19104862616695
result_quantum_10customer.json,R106,R,R1,N10,Inflated,FullQubo,N10 Inflated FullQubo,total_service_time,100.0
result_quantum_10customer.json,R106,R,R1,N10,Inflated,FullQubo,N10 Inflated FullQubo,total_waiting_time,55.854847580346075
result_quantum_10customer.json,R106,R,R1,N10,Inflated,AveragePartitionSolver,N10 Inflated AveragePartitionSolver,capacity_violations,0.0
result_quantum_10customer.json,R106,R,R1,N10,Inflated,AveragePartitionSolver,N10 Inflated AveragePartitionSolver,computation_time,2.1515642080339603
result_quantum_10customer.json,R106,R,R1,N10,Inflated,AveragePartitionSolver,N10 Inflated AveragePartitionSolver,num_vehicles,3.0
result_quantum_10customer.json,R106,R,R1,N10,Inflated,AveragePartitionSolver,N10 Inflated AveragePartitionSolver,time_window_violations,0.0
result_quantum_10customer.json,R106,R,R1,N10,Inflated,AveragePartitionSolver,N10 Inflated AveragePartitionSolver,total_demand_served,124.0
result_quantum_10customer.json,R106,R,R1,N10,Inflated,AveragePartitionSolver,N10 Inflated AveragePartitionSolver,total_distance,269.90580707937625
result_quantum_10customer.json,R106,R,R1,N10,Inflated,AveragePartitionSolver,N10 Inflated AveragePartitionSolver,total_route_duration,474.14512653163405
result_quantum_10customer.json,R106,R,R1,N10,Inflated,AveragePartitionSolver,N10 Inflated AveragePartitionSolver,total_service_time,100.0
result_quantum_10customer.json,R106,R,R1,N10,Inflated,AveragePartitionSolver,N10 Inflated AveragePartitionSolver,total_waiting_time,104.23931945225777
result_quantum_10customer.json,R107,R,R1,N10,Uncoarsened,FullQubo,N10 Uncoarsened FullQubo,capacity_violations,0.0
result_quantum_10customer.json,R107,R,R1,N10,Uncoarsened,FullQubo,N10 Uncoarsened FullQubo,computation_time,18.2787831670139
result_quantum_10customer.json,R107,R,R1,N10,Uncoarsened,FullQubo,N10 Uncoarsened FullQubo,num_vehicles,3.0
result_quantum_10customer.json,R107,R,R1,N10,Uncoarsened,FullQubo,N10 Uncoarsened FullQubo,time_window_violations,0.0
result_quantum_10customer.json,R107,R,R1,N10,Uncoarsened,FullQubo,N10 Uncoarsened FullQubo,total_demand_served,124.0
result_quantum_10customer.json,R107,R,R1,N10,Uncoarsened,FullQubo,N10 Uncoarsened FullQubo,total_distance,316.8477631436629
result_quantum_10customer.json,R107,R,R1,N10,Uncoarsened,FullQubo,N10 Uncoarsened FullQubo,total_route_duration,549.6518020689997
result_quantum_10customer.json,R107,R,R1,N10,Uncoarsened,FullQubo,N10 Uncoarsened FullQubo,total_service_time,100.0
result_quantum_10customer.json,R107,R,R1,N10,Uncoarsened,FullQubo,N10 Uncoarsened FullQubo,total_waiting_time,132.8040389253368
result_quantum_10customer.json,R107,R,R1,N10,Uncoarsened,AveragePartitionSolver,N10 Uncoarsened AveragePartitionSolver,capacity_violations,0.0
result_quantum_10customer.json,R107,R,R1,N10,Uncoarsened,AveragePartitionSolver,N10 Uncoarsened AveragePartitionSolver,computation_time,18.080343707988504
result_quantum_10customer.json,R107,R,R1,N10,Uncoarsened,AveragePartitionSolver,N10 Uncoarsened AveragePartitionSolver,num_vehicles,4.0
result_quantum_10customer.json,R107,R,R1,N10,Uncoarsened,AveragePartitionSolver,N10 Uncoarsened AveragePartitionSolver,time_window_violations,0.0
result_quantum_10customer.json,R107,R,R1,N10,Uncoarsened,AveragePartitionSolver,N10 Uncoarsened AveragePartitionSolver,total_demand_served,124.0
result_quantum_10customer.json,R107,R,R1,N10,Uncoarsened,AveragePartitionSolver,N10 Uncoarsened AveragePartitionSolver,total_distance,305.4046797711079
result_quantum_10customer.json,R107,R,R1,N10,Uncoarsened,AveragePartitionSolver,N10 Uncoarsened AveragePartitionSolver,total_route_duration,500.8451421786712
result_quantum_10customer.json,R107,R,R1,N10,Uncoarsened,AveragePartitionSolver,N10 Uncoarsened AveragePartitionSolver,total_service_time,100.0
result_quantum_10customer.json,R107,R,R1,N10,Uncoarsened,AveragePartitionSolver,N10 Uncoarsened AveragePartitionSolver,total_waiting_time,95.44046240756333
result_quantum_10customer.json,R107,R,R1,N10,Inflated,FullQubo,N10 Inflated FullQubo,capacity_violations,0.0
result_quantum_10customer.json,R107,R,R1,N10,Inflated,FullQubo,N10 Inflated FullQubo,computation_time,2.1518699169973843
result_quantum_10customer.json,R107,R,R1,N10,Inflated,FullQubo,N10 Inflated FullQubo,num_vehicles,2.0
result_quantum_10customer.json,R107,R,R1,N10,Inflated,FullQubo,N10 Inflated FullQubo,time_window_violations,2.0
result_quantum_10customer.json,R107,R,R1,N10,Inflated,FullQubo,N10 Inflated FullQubo,total_demand_served,124.0
result_quantum_10customer.json,R107,R,R1,N10,Inflated,FullQubo,N10 Inflated FullQubo,total_distance,247.31690150633912
result_quantum_10customer.json,R107,R,R1,N10,Inflated,FullQubo,N10 Inflated FullQubo,total_route_duration,407.975980009927
result_quantum_10customer.json,R107,R,R1,N10,Inflated,FullQubo,N10 Inflated FullQubo,total_service_time,100.0
result_quantum_10customer.json,R107,R,R1,N10,Inflated,FullQubo,N10 Inflated FullQubo,total_waiting_time,60.65907850358791
result_quantum_10customer.json,R107,R,R1,N10,Inflated,AveragePartitionSolver,N10 Inflated AveragePartitionSolver,capacity_violations,0.0
result_quantum_10customer.json,R107,R,R1,N10,Inflated,AveragePartitionSolver,N10 Inflated AveragePartitionSolver,computation_time,2.157395457965322
result_quantum_10customer.json,R107,R,R1,N10,Inflated,AveragePartitionSolver,N10 Inflated AveragePartitionSolver,num_vehicles,2.0
result_quantum_10customer.json,R107,R,R1,N10,Inflated,AveragePartitionSolver,N10 Inflated AveragePartitionSolver,time_window_violations,3.0
result_quantum_10customer.json,R107,R,R1,N10,Inflated,AveragePartitionSolver,N10 Inflated AveragePartitionSolver,total_demand_served,124.0
result_quantum_10customer.json,R107,R,R1,N10,Inflated,AveragePartitionSolver,N10 Inflated AveragePartitionSolver,total_distance,266.94174156456353
result_quantum_10customer.json,R107,R,R1,N10,Inflated,AveragePartitionSolver,N10 Inflated AveragePartitionSolver,total_route_duration,429.60082006815145
result_quantum_10customer.json,R107,R,R1,N10,Inflated,AveragePartitionSolver,N10 Inflated AveragePartitionSolver,total_service_time,100.0
result_quantum_10customer.json,R107,R,R1,N10,Inflated,AveragePartitionSolver,N10 Inflated AveragePartitionSolver,total_waiting_time,62.65907850358791
result_quantum_10customer.json,R108,R,R1,N10,Uncoarsened,FullQubo,N10 Uncoarsened FullQubo,capacity_violations,0.0
result_quantum_10customer.json,R108,R,R1,N10,Uncoarsened,FullQubo,N10 Uncoarsened FullQubo,computation_time,18.596775708021596
result_quantum_10customer.json,R108,R,R1,N10,Uncoarsened,FullQubo,N10 Uncoarsened FullQubo,num_vehicles,3.0
result_quantum_10customer.json,R108,R,R1,N10,Uncoarsened,FullQubo,N10 Uncoarsened FullQubo,time_window_violations,0.0
result_quantum_10customer.json,R108,R,R1,N10,Uncoarsened,FullQubo,N10 Uncoarsened FullQubo,total_demand_served,124.0
result_quantum_10customer.json,R108,R,R1,N10,Uncoarsened,FullQubo,N10 Uncoarsened FullQubo,total_distance,355.71854854672955
result_quantum_10customer.json,R108,R,R1,N10,Uncoarsened,FullQubo,N10 Uncoarsened FullQubo,total_route_duration,510.70292735956525
result_quantum_10customer.json,R108,R,R1,N10,Uncoarsened,FullQubo,N10 Uncoarsened FullQubo,total_service_time,100.0
result_quantum_10customer.json,R108,R,R1,N10,Uncoarsened,FullQubo,N10 Uncoarsened FullQubo,total_waiting_time,54.98437881283576
result_quantum_10customer.json,R108,R,R1,N10,Uncoarsened,AveragePartitionSolver,N10 Uncoarsened AveragePartitionSolver,capacity_violations,0.0
result_quantum_10customer.json,R108,R,R1,N10,Uncoarsened,AveragePartitionSolver,N10 Uncoarsened AveragePartitionSolver,computation_time,18.58507033402566
result_quantum_10customer.json,R108,R,R1,N10,Uncoarsened,AveragePartitionSolver,N10 Uncoarsened AveragePartitionSolver,num_vehicles,5.0
result_quantum_10customer.json,R108,R,R1,N10,Uncoarsened,AveragePartitionSolver,N10 Uncoarsened AveragePartitionSolver,time_window_violations,0.0
result_quantum_10customer.json,R108,R,R1,N10,Uncoarsened,AveragePartitionSolver,N10 Uncoarsened AveragePartitionSolver,total_demand_served,124.0
result_quantum_10customer.json,R108,R,R1,N10,Uncoarsened,AveragePartitionSolver,N10 Uncoarsened AveragePartitionSolver,total_distance,355.89557305381584
result_quantum_10customer.json,R108,R,R1,N10,Uncoarsened,AveragePartitionSolver,N10 Uncoarsened AveragePartitionSolver,total_route_duration,615.7753650268764
result_quantum_10customer.json,R108,R,R1,N10,Uncoarsened,AveragePartitionSolver,N10 Uncoarsened AveragePartitionSolver,total_service_time,100.0
result_quantum_10customer.json,R108,R,R1,N10,Uncoarsened,AveragePartitionSolver,N10 Uncoarsened AveragePartitionSolver,total_waiting_time,159.87979197306055
result_quantum_10customer.json,R108,R,R1,N10,Inflated,FullQubo,N10 Inflated FullQubo,capacity_violations,0.0
result_quantum_10customer.json,R108,R,R1,N10,Inflated,FullQubo,N10 Inflated FullQubo,computation_time,2.2289006669889204
result_quantum_10customer.json,R108,R,R1,N10,Inflated,FullQubo,N10 Inflated FullQubo,num_vehicles,2.0
result_quantum_10customer.json,R108,R,R1,N10,Inflated,FullQubo,N10 Inflated FullQubo,time_window_violations,3.0
result_quantum_10customer.json,R108,R,R1,N10,Inflated,FullQubo,N10 Inflated FullQubo,total_demand_served,124.0
result_quantum_10customer.json,R108,R,R1,N10,Inflated,FullQubo,N10 Inflated FullQubo,total_distance,233.6475346607767
result_quantum_10customer.json,R108,R,R1,N10,Inflated,FullQubo,N10 Inflated FullQubo,total_route_duration,387.50238224112275
result_quantum_10customer.json,R108,R,R1,N10,Inflated,FullQubo,N10 Inflated FullQubo,total_service_time,100.0
result_quantum_10customer.json,R108,R,R1,N10,Inflated,FullQubo,N10 Inflated FullQubo,total_waiting_time,53.854847580346075
result_quantum_10customer.json,R108,R,R1,N10,Inflated,AveragePartitionSolver,N10 Inflated AveragePartitionSolver,capacity_violations,0.0
result_quantum_10customer.json,R108,R,R1,N10,Inflated,AveragePartitionSolver,N10 Inflated AveragePartitionSolver,computation_time,2.2292482500197366
result_quantum_10customer.json,R108,R,R1,N10,Inflated,AveragePartitionSolver,N10 Inflated AveragePartitionSolver,num_vehicles,2.0
result_quantum_10customer.json,R108,R,R1,N10,Inflated,AveragePartitionSolver,N10 Inflated AveragePartitionSolver,time_window_violations,3.0
result_quantum_10customer.json,R108,R,R1,N10,Inflated,AveragePartitionSolver,N10 Inflated AveragePartitionSolver,total_demand_served,124.0
result_quantum_10customer.json,R108,R,R1,N10,Inflated,AveragePartitionSolver,N10 Inflated AveragePartitionSolver,total_distance,233.6475346607767
result_quantum_10customer.json,R108,R,R1,N10,Inflated,AveragePartitionSolver,N10 Inflated AveragePartitionSolver,total_route_duration,387.50238224112275
result_quantum_10customer.json,R108,R,R1,N10,Inflated,AveragePartitionSolver,N10 Inflated AveragePartitionSolver,total_service_time,100.0
result_quantum_10customer.json,R108,R,R1,N10,Inflated,AveragePartitionSolver,N10 Inflated AveragePartitionSolver,total_waiting_time,53.854847580346075
result_quantum_10customer.json,R109,R,R1,N10,Uncoarsened,FullQubo,N10 Uncoarsened FullQubo,capacity_violations,0.0
result_quantum_10customer.json,R109,R,R1,N10,Uncoarsened,FullQubo,N10 Uncoarsened FullQubo,computation_time,18.318243708985392
result_quantum_10customer.json,R109,R,R1,N10,Uncoarsened,FullQubo,N10 Uncoarsened FullQubo,num_vehicles,3.0
result_quantum_10customer.json,R109,R,R1,N10,Uncoarsened,FullQubo,N10 Uncoarsened FullQubo,time_window_violations,0.0
result_quantum_10customer.json,R109,R,R1,N10,Uncoarsened,FullQubo,N10 Uncoarsened FullQubo,total_demand_served,124.0
result_quantum_10customer.json,R109,R,R1,N10,Uncoarsened,FullQubo,N10 Uncoarsened FullQubo,total_distance,332.41693452948095
result_quantum_10customer.json,R109,R,R1,N10,Uncoarsened,FullQubo,N10 Uncoarsened FullQubo,total_route_duration,520.7089521562086
result_quantum_10customer.json,R109,R,R1,N10,Uncoarsened,FullQubo,N10 Uncoarsened FullQubo,total_service_time,100.0
result_quantum_10customer.json,R109,R,R1,N10,Uncoarsened,FullQubo,N10 Uncoarsened FullQubo,total_waiting_time,88.29201762672764
result_quantum_10customer.json,R109,R,R1,N10,Uncoarsened,AveragePartitionSolver,N10 Uncoarsened AveragePartitionSolver,capacity_violations,0.0
result_quantum_10customer.json,R109,R,R1,N10,Uncoarsened,AveragePartitionSolver,N10 Uncoarsened AveragePartitionSolver,computation_time,18.261554041993804
result_quantum_10customer.json,R109,R,R1,N10,Uncoarsened,AveragePartitionSolver,N10 Uncoarsened AveragePartitionSolver,num_vehicles,4.0
result_quantum_10customer.json,R109,R,R1,N10,Uncoarsened,AveragePartitionSolver,N10 Uncoarsened AveragePartitionSolver,time_window_violations,0.0
result_quantum_10customer.json,R109,R,R1,N10,Uncoarsened,AveragePartitionSolver,N10 Uncoarsened AveragePartitionSolver,total_demand_served,124.0
result_quantum_10customer.json,R109,R,R1,N10,Uncoarsened,AveragePartitionSolver,N10 Uncoarsened AveragePartitionSolver,total_distance,288.9531398284168
result_quantum_10customer.json,R109,R,R1,N10,Uncoarsened,AveragePartitionSolver,N10 Uncoarsened AveragePartitionSolver,total_route_duration,573.1989167303236
result_quantum_10customer.json,R109,R,R1,N10,Uncoarsened,AveragePartitionSolver,N10 Uncoarsened AveragePartitionSolver,total_service_time,100.0
result_quantum_10customer.json,R109,R,R1,N10,Uncoarsened,AveragePartitionSolver,N10 Uncoarsened AveragePartitionSolver,total_waiting_time,184.24577690190674
result_quantum_10customer.json,R109,R,R1,N10,Inflated,FullQubo,N10 Inflated FullQubo,capacity_violations,0.0
result_quantum_10customer.json,R109,R,R1,N10,Inflated,FullQubo,N10 Inflated FullQubo,computation_time,2.153927500010468
result_quantum_10customer.json,R109,R,R1,N10,Inflated,FullQubo,N10 Inflated FullQubo,num_vehicles,2.0
result_quantum_10customer.json,R109,R,R1,N10,Inflated,FullQubo,N10 Inflated FullQubo,time_window_violations,2.0
result_quantum_10customer.json,R109,R,R1,N10,Inflated,FullQubo,N10 Inflated FullQubo,total_demand_served,124.0
result_quantum_10customer.json,R109,R,R1,N10,Inflated,FullQubo,N10 Inflated FullQubo,total_distance,255.19803703428693
result_quantum_10customer.json,R109,R,R1,N10,Inflated,FullQubo,N10 Inflated FullQubo,total_route_duration,410.7684751848085
result_quantum_10customer.json,R109,R,R1,N10,Inflated,FullQubo,N10 Inflated FullQubo,total_service_time,100.0
result_quantum_10customer.json,R109,R,R1,N10,Inflated,FullQubo,N10 Inflated FullQubo,total_waiting_time,55.570438150521596
result_quantum_10customer.json,R109,R,R1,N10,Inflated,AveragePartitionSolver,N10 Inflated AveragePartitionSolver,capacity_violations,0.0
result_quantum_10customer.json,R109,R,R1,N10,Inflated,AveragePartitionSolver,N10 Inflated AveragePartitionSolver,computation_time,2.1546130839851685
result_quantum_10customer.json,R109,R,R1,N10,Inflated,AveragePartitionSolver,N10 Inflated AveragePartitionSolver,num_vehicles,3.0
result_quantum_10customer.json,R109,R,R1,N10,Inflated,AveragePartitionSolver,N10 Inflated AveragePartitionSolver,time_window_violations,0.0
result_quantum_10customer.json,R109,R,R1,N10,Inflated,AveragePartitionSolver,N10 Inflated AveragePartitionSolver,total_demand_served,124.0
result_quantum_10customer.json,R109,R,R1,N10,Inflated,AveragePartitionSolver,N10 Inflated AveragePartitionSolver,total_distance,266.976052229294
result_quantum_10customer.json,R109,R,R1,N10,Inflated,AveragePartitionSolver,N10 Inflated AveragePartitionSolver,total_route_duration,462.33328694421914
result_quantum_10customer.json,R109,R,R1,N10,Inflated,AveragePartitionSolver,N10 Inflated AveragePartitionSolver,total_service_time,100.0
result_quantum_10customer.json,R109,R,R1,N10,Inflated,AveragePartitionSolver,N10 Inflated AveragePartitionSolver,total_waiting_time,95.35723471492517
result_quantum_10customer.json,R110,R,R1,N10,Uncoarsened,FullQubo,N10 Uncoarsened FullQubo,capacity_violations,0.0
result_quantum_10customer.json,R110,R,R1,N10,Uncoarsened,FullQubo,N10 Uncoarsened FullQubo,computation_time,18.061232333013322
result_quantum_10customer.json,R110,R,R1,N10,Uncoarsened,FullQubo,N10 Uncoarsened FullQubo,num_vehicles,4.0
result_quantum_10customer.json,R110,R,R1,N10,Uncoarsened,FullQubo,N10 Uncoarsened FullQubo,time_window_violations,0.0
result_quantum_10customer.json,R110,R,R1,N10,Uncoarsened,FullQubo,N10 Uncoarsened FullQubo,total_demand_served,124.0
result_quantum_10customer.json,R110,R,R1,N10,Uncoarsened,FullQubo,N10 Uncoarsened FullQubo,total_distance,329.4321099599309
result_quantum_10customer.json,R110,R,R1,N10,Uncoarsened,FullQubo,N10 Uncoarsened FullQubo,total_route_duration,553.0229454496713
result_quantum_10customer.json,R110,R,R1,N10,Uncoarsened,FullQubo,N10 Uncoarsened FullQubo,total_service_time,100.0
result_quantum_10customer.json,R110,R,R1,N10,Uncoarsened,FullQubo,N10 Uncoarsened FullQubo,total_waiting_time,123.59083548974039
result_quantum_10customer.json,R110,R,R1,N10,Uncoarsened,AveragePartitionSolver,N10 Uncoarsened AveragePartitionSolver,capacity_violations,0.0
result_quantum_10customer.json,R110,R,R1,N10,Uncoarsened,AveragePartitionSolver,N10 Uncoarsened AveragePartitionSolver,computation_time,18.354229792021215
result_quantum_10customer.json,R110,R,R1,N10,Uncoarsened,AveragePartitionSolver,N10 Uncoarsened AveragePartitionSolver,num_vehicles,4.0
result_quantum_10customer.json,R110,R,R1,N10,Uncoarsened,AveragePartitionSolver,N10 Uncoarsened AveragePartitionSolver,time_window_violations,0.0
result_quantum_10customer.json,R110,R,R1,N10,Uncoarsened,AveragePartitionSolver,N10 Uncoarsened AveragePartitionSolver,total_demand_served,124.0
result_quantum_10customer.json,R110,R,R1,N10,Uncoarsened,AveragePartitionSolver,N10 Uncoarsened AveragePartitionSolver,total_distance,339.9194727921642
result_quantum_10customer.json,R110,R,R1,N10,Uncoarsened,AveragePartitionSolver,N10 Uncoarsened AveragePartitionSolver,total_route_duration,540.4747022206876
result_quantum_10customer.json,R110,R,R1,N10,Uncoarsened,AveragePartitionSolver,N10 Uncoarsened AveragePartitionSolver,total_service_time,100.0
result_quantum_10customer.json,R110,R,R1,N10,Uncoarsened,AveragePartitionSolver,N10 Uncoarsened AveragePartitionSolver,total_waiting_time,100.55522942852343
result_quantum_10customer.json,R110,R,R1,N10,Inflated,FullQubo,N10 Inflated FullQubo,capacity_violations,0.0
result_quantum_10customer.json,R110,R,R1,N10,Inflated,FullQubo,N10 Inflated FullQubo,computation_time,2.156287459016312
result_quantum_10customer.json,R110,R,R1,N10,Inflated,FullQubo,N10 Inflated FullQubo,num_vehicles,2.0
result_quantum_10customer.json,R110,R,R1,N10,Inflated,FullQubo,N10 Inflated FullQubo,time_window_violations,1.0
result_quantum_10customer.json,R110,R,R1,N10,Inflated,FullQubo,N10 Inflated FullQubo,total_demand_served,124.0
result_quantum_10customer.json,R110,R,R1,N10,Inflated,FullQubo,N10 Inflated FullQubo,total_distance,238.1970333431331
result_quantum_10customer.json,R110,R,R1,N10,Inflated,FullQubo,N10 Inflated FullQubo,total_route_duration,374.35775679888815
result_quantum_10customer.json,R110,R,R1,N10,Inflated,FullQubo,N10 Inflated FullQubo,total_service_time,100.0
result_quantum_10customer.json,R110,R,R1,N10,Inflated,FullQubo,N10 Inflated FullQubo,total_waiting_time,36.16072345575502
result_quantum_10customer.json,R110,R,R1,N10,Inflated,AveragePartitionSolver,N10 Inflated AveragePartitionSolver,capacity_violations,0.0
result_quantum_10customer.json,R110,R,R1,N10,Inflated,AveragePartitionSolver,N10 Inflated AveragePartitionSolver,computation_time,2.156776332994923
result_quantum_10customer.json,R110,R,R1,N10,Inflated,AveragePartitionSolver,N10 Inflated AveragePartitionSolver,num_vehicles,2.0
result_quantum_10customer.json,R110,R,R1,N10,Inflated,AveragePartitionSolver,N10 Inflated AveragePartitionSolver,time_window_violations,1.0
result_quantum_10customer.json,R110,R,R1,N10,Inflated,AveragePartitionSolver,N10 Inflated AveragePartitionSolver,total_demand_served,124.0
result_quantum_10customer.json,R110,R,R1,N10,Inflated,AveragePartitionSolver,N10 Inflated AveragePartitionSolver,total_distance,238.1970333431331
result_quantum_10customer.json,R110,R,R1,N10,Inflated,AveragePartitionSolver,N10 Inflated AveragePartitionSolver,total_route_duration,374.35775679888815
result_quantum_10customer.json,R110,R,R1,N10,Inflated,AveragePartitionSolver,N10 Inflated AveragePartitionSolver,total_service_time,100.0
result_quantum_10customer.json,R110,R,R1,N10,Inflated,AveragePartitionSolver,N10 Inflated AveragePartitionSolver,total_waiting_time,36.16072345575502
result_quantum_10customer.json,R111,R,R1,N10,Uncoarsened,FullQubo,N10 Uncoarsened FullQubo,capacity_violations,0.0
result_quantum_10customer.json,R111,R,R1,N10,Uncoarsened,FullQubo,N10 Uncoarsened FullQubo,computation_time,18.424546999973245
result_quantum_10customer.json,R111,R,R1,N10,Uncoarsened,FullQubo,N10 Uncoarsened FullQubo,num_vehicles,4.0
result_quantum_10customer.json,R111,R,R1,N10,Uncoarsened,FullQubo,N10 Uncoarsened FullQubo,time_window_violations,0.0
result_quantum_10customer.json,R111,R,R1,N10,Uncoarsened,FullQubo,N10 Uncoarsened FullQubo,total_demand_served,124.0
result_quantum_10customer.json,R111,R,R1,N10,Uncoarsened,FullQubo,N10 Uncoarsened FullQubo,total_distance,344.15094722444223
result_quantum_10customer.json,R111,R,R1,N10,Uncoarsened,FullQubo,N10 Uncoarsened FullQubo,total_route_duration,531.7746462622802
result_quantum_10customer.json,R111,R,R1,N10,Uncoarsened,FullQubo,N10 Uncoarsened FullQubo,total_service_time,100.0
result_quantum_10customer.json,R111,R,R1,N10,Uncoarsened,FullQubo,N10 Uncoarsened FullQubo,total_waiting_time,87.62369903783787
result_quantum_10customer.json,R111,R,R1,N10,Uncoarsened,AveragePartitionSolver,N10 Uncoarsened AveragePartitionSolver,capacity_violations,0.0
result_quantum_10customer.json,R111,R,R1,N10,Uncoarsened,AveragePartitionSolver,N10 Uncoarsened AveragePartitionSolver,computation_time,18.3719771670294
result_quantum_10customer.json,R111,R,R1,N10,Uncoarsened,AveragePartitionSolver,N10 Uncoarsened AveragePartitionSolver,num_vehicles,4.0
result_quantum_10customer.json,R111,R,R1,N10,Uncoarsened,AveragePartitionSolver,N10 Uncoarsened AveragePartitionSolver,time_window_violations,0.0
result_quantum_10customer.json,R111,R,R1,N10,Uncoarsened,AveragePartitionSolver,N10 Uncoarsened AveragePartitionSolver,total_demand_served,124.0
result_quantum_10customer.json,R111,R,R1,N10,Uncoarsened,AveragePartitionSolver,N10 Uncoarsened AveragePartitionSolver,total_distance,379.59623460323115
result_quantum_10customer.json,R111,R,R1,N10,Uncoarsened,AveragePartitionSolver,N10 Uncoarsened AveragePartitionSolver,total_route_duration,636.3691007229996
result_quantum_10customer.json,R111,R,R1,N10,Uncoarsened,AveragePartitionSolver,N10 Uncoarsened AveragePartitionSolver,total_service_time,100.0
result_quantum_10customer.json,R111,R,R1,N10,Uncoarsened,AveragePartitionSolver,N10 Uncoarsened AveragePartitionSolver,total_waiting_time,156.7728661197686
result_quantum_10customer.json,R111,R,R1,N10,Inflated,FullQubo,N10 Inflated FullQubo,capacity_violations,0.0
result_quantum_10customer.json,R111,R,R1,N10,Inflated,FullQubo,N10 Inflated FullQubo,computation_time,2.157876417040825
result_quantum_10customer.json,R111,R,R1,N10,Inflated,FullQubo,N10 Inflated FullQubo,num_vehicles,2.0
result_quantum_10customer.json,R111,R,R1,N10,Inflated,FullQubo,N10 Inflated FullQubo,time_window_violations,3.0
result_quantum_10customer.json,R111,R,R1,N10,Inflated,FullQubo,N10 Inflated FullQubo,total_demand_served,124.0
result_quantum_10customer.json,R111,R,R1,N10,Inflated,FullQubo,N10 Inflated FullQubo,total_distance,266.31869378788747
result_quantum_10customer.json,R111,R,R1,N10,Inflated,FullQubo,N10 Inflated FullQubo,total_route_duration,465.88331354939305
result_quantum_10customer.json,R111,R,R1,N10,Inflated,FullQubo,N10 Inflated FullQubo,total_service_time,100.0
result_quantum_10customer.json,R111,R,R1,N10,Inflated,FullQubo,N10 Inflated FullQubo,total_waiting_time,99.56461976150563
result_quantum_10customer.json,R111,R,R1,N10,Inflated,AveragePartitionSolver,N10 Inflated AveragePartitionSolver,capacity_violations,0.0
result_quantum_10customer.json,R111,R,R1,N10,Inflated,AveragePartitionSolver,N10 Inflated AveragePartitionSolver,computation_time,2.1566319999983534
result_quantum_10customer.json,R111,R,R1,N10,Inflated,AveragePartitionSolver,N10 Inflated AveragePartitionSolver,num_vehicles,2.0
result_quantum_10customer.json,R111,R,R1,N10,Inflated,AveragePartitionSolver,N10 Inflated AveragePartitionSolver,time_window_violations,3.0
result_quantum_10customer.json,R111,R,R1,N10,Inflated,AveragePartitionSolver,N10 Inflated AveragePartitionSolver,total_demand_served,124.0
result_quantum_10customer.json,R111,R,R1,N10,Inflated,AveragePartitionSolver,N10 Inflated AveragePartitionSolver,total_distance,251.37685341519972
result_quantum_10customer.json,R111,R,R1,N10,Inflated,AveragePartitionSolver,N10 Inflated AveragePartitionSolver,total_route_duration,450.9414731767053
result_quantum_10customer.json,R111,R,R1,N10,Inflated,AveragePartitionSolver,N10 Inflated AveragePartitionSolver,total_service_time,100.0
result_quantum_10customer.json,R111,R,R1,N10,Inflated,AveragePartitionSolver,N10 Inflated AveragePartitionSolver,total_waiting_time,99.56461976150563
result_quantum_10customer.json,R112,R,R1,N10,Uncoarsened,FullQubo,N10 Uncoarsened FullQubo,capacity_violations,0.0
result_quantum_10customer.json,R112,R,R1,N10,Uncoarsened,FullQubo,N10 Uncoarsened FullQubo,computation_time,18.311804833007045
result_quantum_10customer.json,R112,R,R1,N10,Uncoarsened,FullQubo,N10 Uncoarsened FullQubo,num_vehicles,3.0
result_quantum_10customer.json,R112,R,R1,N10,Uncoarsened,FullQubo,N10 Uncoarsened FullQubo,time_window_violations,0.0
result_quantum_10customer.json,R112,R,R1,N10,Uncoarsened,FullQubo,N10 Uncoarsened FullQubo,total_demand_served,124.0
result_quantum_10customer.json,R112,R,R1,N10,Uncoarsened,FullQubo,N10 Uncoarsened FullQubo,total_distance,322.8648652049938
result_quantum_10customer.json,R112,R,R1,N10,Uncoarsened,FullQubo,N10 Uncoarsened FullQubo,total_route_duration,452.3682518570588
result_quantum_10customer.json,R112,R,R1,N10,Uncoarsened,FullQubo,N10 Uncoarsened FullQubo,total_service_time,100.0
result_quantum_10customer.json,R112,R,R1,N10,Uncoarsened,FullQubo,N10 Uncoarsened FullQubo,total_waiting_time,29.50338665206498
result_quantum_10customer.json,R112,R,R1,N10,Uncoarsened,AveragePartitionSolver,N10 Uncoarsened AveragePartitionSolver,capacity_violations,0.0
result_quantum_10customer.json,R112,R,R1,N10,Uncoarsened,AveragePartitionSolver,N10 Uncoarsened AveragePartitionSolver,computation_time,18.526022874983028
result_quantum_10customer.json,R112,R,R1,N10,Uncoarsened,AveragePartitionSolver,N10 Uncoarsened AveragePartitionSolver,num_vehicles,4.0
result_quantum_10customer.json,R112,R,R1,N10,Uncoarsened,AveragePartitionSolver,N10 Uncoarsened AveragePartitionSolver,time_window_violations,0.0
result_quantum_10customer.json,R112,R,R1,N10,Uncoarsened,AveragePartitionSolver,N10 Uncoarsened AveragePartitionSolver,total_demand_served,124.0
result_quantum_10customer.json,R112,R,R1,N10,Uncoarsened,AveragePartitionSolver,N10 Uncoarsened AveragePartitionSolver,total_distance,319.30838706511463
result_quantum_10customer.json,R112,R,R1,N10,Uncoarsened,AveragePartitionSolver,N10 Uncoarsened AveragePartitionSolver,total_route_duration,515.7570869311239
result_quantum_10customer.json,R112,R,R1,N10,Uncoarsened,AveragePartitionSolver,N10 Uncoarsened AveragePartitionSolver,total_service_time,100.0
result_quantum_10customer.json,R112,R,R1,N10,Uncoarsened,AveragePartitionSolver,N10 Uncoarsened AveragePartitionSolver,total_waiting_time,96.44869986600943
result_quantum_10customer.json,R112,R,R1,N10,Inflated,FullQubo,N10 Inflated FullQubo,capacity_violations,0.0
result_quantum_10customer.json,R112,R,R1,N10,Inflated,FullQubo,N10 Inflated FullQubo,computation_time,2.1619043329847045
result_quantum_10customer.json,R112,R,R1,N10,Inflated,FullQubo,N10 Inflated FullQubo,num_vehicles,2.0
result_quantum_10customer.json,R112,R,R1,N10,Inflated,FullQubo,N10 Inflated FullQubo,time_window_violations,0.0
result_quantum_10customer.json,R112,R,R1,N10,Inflated,FullQubo,N10 Inflated FullQubo,total_demand_served,124.0
result_quantum_10customer.json,R112,R,R1,N10,Inflated,FullQubo,N10 Inflated FullQubo,total_distance,214.25997876978045
result_quantum_10customer.json,R112,R,R1,N10,Inflated,FullQubo,N10 Inflated FullQubo,total_route_duration,388.5516777662201
result_quantum_10customer.json,R112,R,R1,N10,Inflated,FullQubo,N10 Inflated FullQubo,total_service_time,100.0
result_quantum_10customer.json,R112,R,R1,N10,Inflated,FullQubo,N10 Inflated FullQubo,total_waiting_time,74.29169899643965
result_quantum_10customer.json,R112,R,R1,N10,Inflated,AveragePartitionSolver,N10 Inflated AveragePartitionSolver,capacity_violations,0.0
result_quantum_10customer.json,R112,R,R1,N10,Inflated,AveragePartitionSolver,N10 Inflated AveragePartitionSolver,computation_time,2.166549500019755
result_quantum_10customer.json,R112,R,R1,N10,Inflated,AveragePartitionSolver,N10 Inflated AveragePartitionSolver,num_vehicles,3.0
result_quantum_10customer.json,R112,R,R1,N10,Inflated,AveragePartitionSolver,N10 Inflated AveragePartitionSolver,time_window_violations,0.0
result_quantum_10customer.json,R112,R,R1,N10,Inflated,AveragePartitionSolver,N10 Inflated AveragePartitionSolver,total_demand_served,124.0
result_quantum_10customer.json,R112,R,R1,N10,Inflated,AveragePartitionSolver,N10 Inflated AveragePartitionSolver,total_distance,234.37952335196314
result_quantum_10customer.json,R112,R,R1,N10,Inflated,AveragePartitionSolver,N10 Inflated AveragePartitionSolver,total_route_duration,392.9269503130457
result_quantum_10customer.json,R112,R,R1,N10,Inflated,AveragePartitionSolver,N10 Inflated AveragePartitionSolver,total_service_time,100.0
result_quantum_10customer.json,R112,R,R1,N10,Inflated,AveragePartitionSolver,N10 Inflated AveragePartitionSolver,total_waiting_time,58.54742696108265
result_quantum_10customer.json,R201,R,R2,N10,Uncoarsened,FullQubo,N10 Uncoarsened FullQubo,capacity_violations,0.0
result_quantum_10customer.json,R201,R,R2,N10,Uncoarsened,FullQubo,N10 Uncoarsened FullQubo,computation_time,21.13511924998602
result_quantum_10customer.json,R201,R,R2,N10,Uncoarsened,FullQubo,N10 Uncoarsened FullQubo,num_vehicles,3.0
result_quantum_10customer.json,R201,R,R2,N10,Uncoarsened,FullQubo,N10 Uncoarsened FullQubo,time_window_violations,0.0
result_quantum_10customer.json,R201,R,R2,N10,Uncoarsened,FullQubo,N10 Uncoarsened FullQubo,total_demand_served,124.0
result_quantum_10customer.json,R201,R,R2,N10,Uncoarsened,FullQubo,N10 Uncoarsened FullQubo,total_distance,281.8378893674021
result_quantum_10customer.json,R201,R,R2,N10,Uncoarsened,FullQubo,N10 Uncoarsened FullQubo,total_route_duration,1881.4118860992269
result_quantum_10customer.json,R201,R,R2,N10,Uncoarsened,FullQubo,N10 Uncoarsened FullQubo,total_service_time,100.0
result_quantum_10customer.json,R201,R,R2,N10,Uncoarsened,FullQubo,N10 Uncoarsened FullQubo,total_waiting_time,1499.5739967318248
result_quantum_10customer.json,R201,R,R2,N10,Uncoarsened,AveragePartitionSolver,N10 Uncoarsened AveragePartitionSolver,capacity_violations,0.0
result_quantum_10customer.json,R201,R,R2,N10,Uncoarsened,AveragePartitionSolver,N10 Uncoarsened AveragePartitionSolver,computation_time,21.10716129199136
result_quantum_10customer.json,R201,R,R2,N10,Uncoarsened,AveragePartitionSolver,N10 Uncoarsened AveragePartitionSolver,num_vehicles,3.0
result_quantum_10customer.json,R201,R,R2,N10,Uncoarsened,AveragePartitionSolver,N10 Uncoarsened AveragePartitionSolver,time_window_violations,0.0
result_quantum_10customer.json,R201,R,R2,N10,Uncoarsened,AveragePartitionSolver,N10 Uncoarsened AveragePartitionSolver,total_demand_served,124.0
result_quantum_10customer.json,R201,R,R2,N10,Uncoarsened,AveragePartitionSolver,N10 Uncoarsened AveragePartitionSolver,total_distance,352.8845705776085
result_quantum_10customer.json,R201,R,R2,N10,Uncoarsened,AveragePartitionSolver,N10 Uncoarsened AveragePartitionSolver,total_route_duration,1514.5631641512073
result_quantum_10customer.json,R201,R,R2,N10,Uncoarsened,AveragePartitionSolver,N10 Uncoarsened AveragePartitionSolver,total_service_time,100.0
result_quantum_10customer.json,R201,R,R2,N10,Uncoarsened,AveragePartitionSolver,N10 Uncoarsened AveragePartitionSolver,total_waiting_time,1061.6785935735986
result_quantum_10customer.json,R201,R,R2,N10,Inflated,FullQubo,N10 Inflated FullQubo,capacity_violations,0.0
result_quantum_10customer.json,R201,R,R2,N10,Inflated,FullQubo,N10 Inflated FullQubo,computation_time,9.875213416991755
result_quantum_10customer.json,R201,R,R2,N10,Inflated,FullQubo,N10 Inflated FullQubo,num_vehicles,2.0
result_quantum_10customer.json,R201,R,R2,N10,Inflated,FullQubo,N10 Inflated FullQubo,time_window_violations,0.0
result_quantum_10customer.json,R201,R,R2,N10,Inflated,FullQubo,N10 Inflated FullQubo,total_demand_served,124.0
result_quantum_10customer.json,R201,R,R2,N10,Inflated,FullQubo,N10 Inflated FullQubo,total_distance,260.3312514638587
result_quantum_10customer.json,R201,R,R2,N10,Inflated,FullQubo,N10 Inflated FullQubo,total_route_duration,1445.2315462117278
result_quantum_10customer.json,R201,R,R2,N10,Inflated,FullQubo,N10 Inflated FullQubo,total_service_time,100.0
result_quantum_10customer.json,R201,R,R2,N10,Inflated,FullQubo,N10 Inflated FullQubo,total_waiting_time,1084.900294747869
result_quantum_10customer.json,R201,R,R2,N10,Inflated,AveragePartitionSolver,N10 Inflated AveragePartitionSolver,capacity_violations,0.0
result_quantum_10customer.json,R201,R,R2,N10,Inflated,AveragePartitionSolver,N10 Inflated AveragePartitionSolver,computation_time,9.900651292002294
result_quantum_10customer.json,R201,R,R2,N10,Inflated,AveragePartitionSolver,N10 Inflated AveragePartitionSolver,num_vehicles,3.0
result_quantum_10customer.json,R201,R,R2,N10,Inflated,AveragePartitionSolver,N10 Inflated AveragePartitionSolver,time_window_violations,0.0
result_quantum_10customer.json,R201,R,R2,N10,Inflated,AveragePartitionSolver,N10 Inflated AveragePartitionSolver,total_demand_served,124.0
result_quantum_10customer.json,R201,R,R2,N10,Inflated,AveragePartitionSolver,N10 Inflated AveragePartitionSolver,total_distance,283.107503047702
result_quantum_10customer.json,R201,R,R2,N10,Inflated,AveragePartitionSolver,N10 Inflated AveragePartitionSolver,total_route_duration,1616.2315462117278
result_quantum_10customer.json,R201,R,R2,N10,Inflated,AveragePartitionSolver,N10 Inflated AveragePartitionSolver,total_service_time,100.0
result_quantum_10customer.json,R201,R,R2,N10,Inflated,AveragePartitionSolver,N10 Inflated AveragePartitionSolver,total_waiting_time,1233.1240431640258
result_quantum_10customer.json,R202,R,R2,N10,Uncoarsened,FullQubo,N10 Uncoarsened FullQubo,capacity_violations,0.0
result_quantum_10customer.json,R202,R,R2,N10,Uncoarsened,FullQubo,N10 Uncoarsened FullQubo,computation_time,21.16157741699135
result_quantum_10customer.json,R202,R,R2,N10,Uncoarsened,FullQubo,N10 Uncoarsened FullQubo,num_vehicles,2.0
result_quantum_10customer.json,R202,R,R2,N10,Uncoarsened,FullQubo,N10 Uncoarsened FullQubo,time_window_violations,0.0
result_quantum_10customer.json,R202,R,R2,N10,Uncoarsened,FullQubo,N10 Uncoarsened FullQubo,total_demand_served,124.0
result_quantum_10customer.json,R202,R,R2,N10,Uncoarsened,FullQubo,N10 Uncoarsened FullQubo,total_distance,330.65455112666183
result_quantum_10customer.json,R202,R,R2,N10,Uncoarsened,FullQubo,N10 Uncoarsened FullQubo,total_route_duration,1517.0720417367463
result_quantum_10customer.json,R202,R,R2,N10,Uncoarsened,FullQubo,N10 Uncoarsened FullQubo,total_service_time,100.0
result_quantum_10customer.json,R202,R,R2,N10,Uncoarsened,FullQubo,N10 Uncoarsened FullQubo,total_waiting_time,1086.4174906100843
result_quantum_10customer.json,R202,R,R2,N10,Uncoarsened,AveragePartitionSolver,N10 Uncoarsened AveragePartitionSolver,capacity_violations,0.0
result_quantum_10customer.json,R202,R,R2,N10,Uncoarsened,AveragePartitionSolver,N10 Uncoarsened AveragePartitionSolver,computation_time,21.131184249999933
result_quantum_10customer.json,R202,R,R2,N10,Uncoarsened,AveragePartitionSolver,N10 Uncoarsened AveragePartitionSolver,num_vehicles,3.0
result_quantum_10customer.json,R202,R,R2,N10,Uncoarsened,AveragePartitionSolver,N10 Uncoarsened AveragePartitionSolver,time_window_violations,0.0
result_quantum_10customer.json,R202,R,R2,N10,Uncoarsened,AveragePartitionSolver,N10 Uncoarsened AveragePartitionSolver,total_demand_served,124.0
result_quantum_10customer.json,R202,R,R2,N10,Uncoarsened,AveragePartitionSolver,N10 Uncoarsened AveragePartitionSolver,total_distance,319.65527501156225
result_quantum_10customer.json,R202,R,R2,N10,Uncoarsened,AveragePartitionSolver,N10 Uncoarsened AveragePartitionSolver,total_route_duration,1226.648885576452
result_quantum_10customer.json,R202,R,R2,N10,Uncoarsened,AveragePartitionSolver,N10 Uncoarsened AveragePartitionSolver,total_service_time,100.0
result_quantum_10customer.json,R202,R,R2,N10,Uncoarsened,AveragePartitionSolver,N10 Uncoarsened AveragePartitionSolver,total_waiting_time,806.9936105648897
result_quantum_10customer.json,R202,R,R2,N10,Inflated,FullQubo,N10 Inflated FullQubo,capacity_violations,0.0
result_quantum_10customer.json,R202,R,R2,N10,Inflated,FullQubo,N10 Inflated FullQubo,computation_time,2.5841455420013517
result_quantum_10customer.json,R202,R,R2,N10,Inflated,FullQubo,N10 Inflated FullQubo,num_vehicles,2.0
result_quantum_10customer.json,R202,R,R2,N10,Inflated,FullQubo,N10 Inflated FullQubo,time_window_violations,0.0
result_quantum_10customer.json,R202,R,R2,N10,Inflated,FullQubo,N10 Inflated FullQubo,total_demand_served,124.0
result_quantum_10customer.json,R202,R,R2,N10,Inflated,FullQubo,N10 Inflated FullQubo,total_distance,280.48775867811366
result_quantum_10customer.json,R202,R,R2,N10,Inflated,FullQubo,N10 Inflated FullQubo,total_route_duration,1325.495097567964
result_quantum_10customer.json,R202,R,R2,N10,Inflated,FullQubo,N10 Inflated FullQubo,total_service_time,100.0
result_quantum_10customer.json,R202,R,R2,N10,Inflated,FullQubo,N10 Inflated FullQubo,total_waiting_time,945.0073388898502
result_quantum_10customer.json,R202,R,R2,N10,Inflated,AveragePartitionSolver,N10 Inflated AveragePartitionSolver,capacity_violations,0.0
result_quantum_10customer.json,R202,R,R2,N10,Inflated,AveragePartitionSolver,N10 Inflated AveragePartitionSolver,computation_time,2.5874299579882063
result_quantum_10customer.json,R202,R,R2,N10,Inflated,AveragePartitionSolver,N10 Inflated AveragePartitionSolver,num_vehicles,2.0
result_quantum_10customer.json,R202,R,R2,N10,Inflated,AveragePartitionSolver,N10 Inflated AveragePartitionSolver,time_window_violations,0.0
result_quantum_10customer.json,R202,R,R2,N10,Inflated,AveragePartitionSolver,N10 Inflated AveragePartitionSolver,total_demand_served,124.0
result_quantum_10customer.json,R202,R,R2,N10,Inflated,AveragePartitionSolver,N10 Inflated AveragePartitionSolver,total_distance,240.77565026033847
result_quantum_10customer.json,R202,R,R2,N10,Inflated,AveragePartitionSolver,N10 Inflated AveragePartitionSolver,total_route_duration,1325.495097567964
result_quantum_10customer.json,R202,R,R2,N10,Inflated,AveragePartitionSolver,N10 Inflated AveragePartitionSolver,total_service_time,100.0
result_quantum_10customer.json,R202,R,R2,N10,Inflated,AveragePartitionSolver,N10 Inflated AveragePartitionSolver,total_waiting_time,984.7194473076254
result_quantum_10customer.json,R203,R,R2,N10,Uncoarsened,FullQubo,N10 Uncoarsened FullQubo,capacity_violations,0.0
result_quantum_10customer.json,R203,R,R2,N10,Uncoarsened,FullQubo,N10 Uncoarsened FullQubo,computation_time,21.2009326670086
result_quantum_10customer.json,R203,R,R2,N10,Uncoarsened,FullQubo,N10 Uncoarsened FullQubo,num_vehicles,3.0
result_quantum_10customer.json,R203,R,R2,N10,Uncoarsened,FullQubo,N10 Uncoarsened FullQubo,time_window_violations,0.0
result_quantum_10customer.json,R203,R,R2,N10,Uncoarsened,FullQubo,N10 Uncoarsened FullQubo,total_demand_served,124.0
result_quantum_10customer.json,R203,R,R2,N10,Uncoarsened,FullQubo,N10 Uncoarsened FullQubo,total_distance,332.30196385556496
result_quantum_10customer.json,R203,R,R2,N10,Uncoarsened,FullQubo,N10 Uncoarsened FullQubo,total_route_duration,1277.584163682088
result_quantum_10customer.json,R203,R,R2,N10,Uncoarsened,FullQubo,N10 Uncoarsened FullQubo,total_service_time,100.0
result_quantum_10customer.json,R203,R,R2,N10,Uncoarsened,FullQubo,N10 Uncoarsened FullQubo,total_waiting_time,845.2821998265231
result_quantum_10customer.json,R203,R,R2,N10,Uncoarsened,AveragePartitionSolver,N10 Uncoarsened AveragePartitionSolver,capacity_violations,0.0
result_quantum_10customer.json,R203,R,R2,N10,Uncoarsened,AveragePartitionSolver,N10 Uncoarsened AveragePartitionSolver,computation_time,21.03183962503681
result_quantum_10customer.json,R203,R,R2,N10,Uncoarsened,AveragePartitionSolver,N10 Uncoarsened AveragePartitionSolver,num_vehicles,3.0
result_quantum_10customer.json,R203,R,R2,N10,Uncoarsened,AveragePartitionSolver,N10 Uncoarsened AveragePartitionSolver,time_window_violations,0.0
result_quantum_10customer.json,R203,R,R2,N10,Uncoarsened,AveragePartitionSolver,N10 Uncoarsened AveragePartitionSolver,total_demand_served,124.0
result_quantum_10customer.json,R203,R,R2,N10,Uncoarsened,AveragePartitionSolver,N10 Uncoarsened AveragePartitionSolver,total_distance,332.8546034890831
result_quantum_10customer.json,R203,R,R2,N10,Uncoarsened,AveragePartitionSolver,N10 Uncoarsened AveragePartitionSolver,total_route_duration,1282.923717027731
result_quantum_10customer.json,R203,R,R2,N10,Uncoarsened,AveragePartitionSolver,N10 Uncoarsened AveragePartitionSolver,total_service_time,100.0
result_quantum_10customer.json,R203,R,R2,N10,Uncoarsened,AveragePartitionSolver,N10 Uncoarsened AveragePartitionSolver,total_waiting_time,850.0691135386481
result_quantum_10customer.json,R203,R,R2,N10,Inflated,FullQubo,N10 Inflated FullQubo,capacity_violations,0.0
result_quantum_10customer.json,R203,R,R2,N10,Inflated,FullQubo,N10 Inflated FullQubo,computation_time,2.581723375013098
result_quantum_10customer.json,R203,R,R2,N10,Inflated,FullQubo,N10 Inflated FullQubo,num_vehicles,2.0
result_quantum_10customer.json,R203,R,R2,N10,Inflated,FullQubo,N10 Inflated FullQubo,time_window_violations,0.0
result_quantum_10customer.json,R203,R,R2,N10,Inflated,FullQubo,N10 Inflated FullQubo,total_demand_served,124.0
result_quantum_10customer.json,R203,R,R2,N10,Inflated,FullQubo,N10 Inflated FullQubo,total_distance,285.19162860595134
result_quantum_10customer.json,R203,R,R2,N10,Inflated,FullQubo,N10 Inflated FullQubo,total_route_duration,1187.7917659902887
result_quantum_10customer.json,R203,R,R2,N10,Inflated,FullQubo,N10 Inflated FullQubo,total_service_time,100.0
result_quantum_10customer.json,R203,R,R2,N10,Inflated,FullQubo,N10 Inflated FullQubo,total_waiting_time,802.6001373843375
result_quantum_10customer.json,R203,R,R2,N10,Inflated,AveragePartitionSolver,N10 Inflated AveragePartitionSolver,capacity_violations,0.0
result_quantum_10customer.json,R203,R,R2,N10,Inflated,AveragePartitionSolver,N10 Inflated AveragePartitionSolver,computation_time,2.577969582984224
result_quantum_10customer.json,R203,R,R2,N10,Inflated,AveragePartitionSolver,N10 Inflated AveragePartitionSolver,num_vehicles,2.0
result_quantum_10customer.json,R203,R,R2,N10,Inflated,AveragePartitionSolver,N10 Inflated AveragePartitionSolver,time_window_violations,0.0
result_quantum_10customer.json,R203,R,R2,N10,Inflated,AveragePartitionSolver,N10 Inflated AveragePartitionSolver,total_demand_served,124.0
result_quantum_10customer.json,R203,R,R2,N10,Inflated,AveragePartitionSolver,N10 Inflated AveragePartitionSolver,total_distance,280.48775867811366
result_quantum_10customer.json,R203,R,R2,N10,Inflated,AveragePartitionSolver,N10 Inflated AveragePartitionSolver,total_route_duration,1325.495097567964
result_quantum_10customer.json,R203,R,R2,N10,Inflated,AveragePartitionSolver,N10 Inflated AveragePartitionSolver,total_service_time,100.0
result_quantum_10customer.json,R203,R,R2,N10,Inflated,AveragePartitionSolver,N10 Inflated AveragePartitionSolver,total_waiting_time,945.0073388898502
result_quantum_10customer.json,R204,R,R2,N10,Uncoarsened,FullQubo,N10 Uncoarsened FullQubo,capacity_violations,0.0
result_quantum_10customer.json,R204,R,R2,N10,Uncoarsened,FullQubo,N10 Uncoarsened FullQubo,computation_time,21.207321666006465
result_quantum_10customer.json,R204,R,R2,N10,Uncoarsened,FullQubo,N10 Uncoarsened FullQubo,num_vehicles,2.0
result_quantum_10customer.json,R204,R,R2,N10,Uncoarsened,FullQubo,N10 Uncoarsened FullQubo,time_window_violations,0.0
result_quantum_10customer.json,R204,R,R2,N10,Uncoarsened,FullQubo,N10 Uncoarsened FullQubo,total_demand_served,124.0
result_quantum_10customer.json,R204,R,R2,N10,Uncoarsened,FullQubo,N10 Uncoarsened FullQubo,total_distance,355.82879581887585
result_quantum_10customer.json,R204,R,R2,N10,Uncoarsened,FullQubo,N10 Uncoarsened FullQubo,total_route_duration,1303.2032587202023
result_quantum_10customer.json,R204,R,R2,N10,Uncoarsened,FullQubo,N10 Uncoarsened FullQubo,total_service_time,100.0
result_quantum_10customer.json,R204,R,R2,N10,Uncoarsened,FullQubo,N10 Uncoarsened FullQubo,total_waiting_time,847.3744629013264
result_quantum_10customer.json,R204,R,R2,N10,Uncoarsened,AveragePartitionSolver,N10 Uncoarsened AveragePartitionSolver,capacity_violations,0.0
result_quantum_10customer.json,R204,R,R2,N10,Uncoarsened,AveragePartitionSolver,N10 Uncoarsened AveragePartitionSolver,computation_time,21.14555100002326
result_quantum_10customer.json,R204,R,R2,N10,Uncoarsened,AveragePartitionSolver,N10 Uncoarsened AveragePartitionSolver,num_vehicles,3.0
result_quantum_10customer.json,R204,R,R2,N10,Uncoarsened,AveragePartitionSolver,N10 Uncoarsened AveragePartitionSolver,time_window_violations,0.0
result_quantum_10customer.json,R204,R,R2,N10,Uncoarsened,AveragePartitionSolver,N10 Uncoarsened AveragePartitionSolver,total_demand_served,124.0
result_quantum_10customer.json,R204,R,R2,N10,Uncoarsened,AveragePartitionSolver,N10 Uncoarsened AveragePartitionSolver,total_distance,281.16404500323125
result_quantum_10customer.json,R204,R,R2,N10,Uncoarsened,AveragePartitionSolver,N10 Uncoarsened AveragePartitionSolver,total_route_duration,1257.1249285210356
result_quantum_10customer.json,R204,R,R2,N10,Uncoarsened,AveragePartitionSolver,N10 Uncoarsened AveragePartitionSolver,total_service_time,100.0
result_quantum_10customer.json,R204,R,R2,N10,Uncoarsened,AveragePartitionSolver,N10 Uncoarsened AveragePartitionSolver,total_waiting_time,875.9608835178044
result_quantum_10customer.json,R204,R,R2,N10,Inflated,FullQubo,N10 Inflated FullQubo,capacity_violations,0.0
result_quantum_10customer.json,R204,R,R2,N10,Inflated,FullQubo,N10 Inflated FullQubo,computation_time,2.6293122080387548
result_quantum_10customer.json,R204,R,R2,N10,Inflated,FullQubo,N10 Inflated FullQubo,num_vehicles,2.0
result_quantum_10customer.json,R204,R,R2,N10,Inflated,FullQubo,N10 Inflated FullQubo,time_window_violations,0.0
result_quantum_10customer.json,R204,R,R2,N10,Inflated,FullQubo,N10 Inflated FullQubo,total_demand_served,124.0
result_quantum_10customer.json,R204,R,R2,N10,Inflated,FullQubo,N10 Inflated FullQubo,total_distance,264.11558163797525
result_quantum_10customer.json,R204,R,R2,N10,Inflated,FullQubo,N10 Inflated FullQubo,total_route_duration,1269.4062906084919
result_quantum_10customer.json,R204,R,R2,N10,Inflated,FullQubo,N10 Inflated FullQubo,total_service_time,100.0
result_quantum_10customer.json,R204,R,R2,N10,Inflated,FullQubo,N10 Inflated FullQubo,total_waiting_time,905.2907089705166
result_quantum_10customer.json,R204,R,R2,N10,Inflated,AveragePartitionSolver,N10 Inflated AveragePartitionSolver,capacity_violations,0.0
result_quantum_10customer.json,R204,R,R2,N10,Inflated,AveragePartitionSolver,N10 Inflated AveragePartitionSolver,computation_time,2.6326210830011405
result_quantum_10customer.json,R204,R,R2,N10,Inflated,AveragePartitionSolver,N10 Inflated AveragePartitionSolver,num_vehicles,2.0
result_quantum_10customer.json,R204,R,R2,N10,Inflated,AveragePartitionSolver,N10 Inflated AveragePartitionSolver,time_window_violations,0.0
result_quantum_10customer.json,R204,R,R2,N10,Inflated,AveragePartitionSolver,N10 Inflated AveragePartitionSolver,total_demand_served,124.0
result_quantum_10customer.json,R204,R,R2,N10,Inflated,AveragePartitionSolver,N10 Inflated AveragePartitionSolver,total_distance,233.32314884344203
result_quantum_10customer.json,R204,R,R2,N10,Inflated,AveragePartitionSolver,N10 Inflated AveragePartitionSolver,total_route_duration,1223.611666532629
result_quantum_10customer.json,R204,R,R2,N10,Inflated,AveragePartitionSolver,N10 Inflated AveragePartitionSolver,total_service_time,100.0
result_quantum_10customer.json,R204,R,R2,N10,Inflated,AveragePartitionSolver,N10 Inflated AveragePartitionSolver,total_waiting_time,890.288517689187
result_quantum_10customer.json,R205,R,R2,N10,Uncoarsened,FullQubo,N10 Uncoarsened FullQubo,capacity_violations,0.0
result_quantum_10customer.json,R205,R,R2,N10,Uncoarsened,FullQubo,N10 Uncoarsened FullQubo,computation_time,20.962100750009995
result_quantum_10customer.json,R205,R,R2,N10,Uncoarsened,FullQubo,N10 Uncoarsened FullQubo,num_vehicles,4.0
result_quantum_10customer.json,R205,R,R2,N10,Uncoarsened,FullQubo,N10 Uncoarsened FullQubo,time_window_violations,0.0
result_quantum_10customer.json,R205,R,R2,N10,Uncoarsened,FullQubo,N10 Uncoarsened FullQubo,total_demand_served,124.0
result_quantum_10customer.json,R205,R,R2,N10,Uncoarsened,FullQubo,N10 Uncoarsened FullQubo,total_distance,348.2085257068538
result_quantum_10customer.json,R205,R,R2,N10,Uncoarsened,FullQubo,N10 Uncoarsened FullQubo,total_route_duration,2161.9740905004733
result_quantum_10customer.json,R205,R,R2,N10,Uncoarsened,FullQubo,N10 Uncoarsened FullQubo,total_service_time,100.0
result_quantum_10customer.json,R205,R,R2,N10,Uncoarsened,FullQubo,N10 Uncoarsened FullQubo,total_waiting_time,1713.765564793619
result_quantum_10customer.json,R205,R,R2,N10,Uncoarsened,AveragePartitionSolver,N10 Uncoarsened AveragePartitionSolver,capacity_violations,0.0
result_quantum_10customer.json,R205,R,R2,N10,Uncoarsened,AveragePartitionSolver,N10 Uncoarsened AveragePartitionSolver,computation_time,21.14494183298666
result_quantum_10customer.json,R205,R,R2,N10,Uncoarsened,AveragePartitionSolver,N10 Uncoarsened AveragePartitionSolver,num_vehicles,3.0
result_quantum_10customer.json,R205,R,R2,N10,Uncoarsened,AveragePartitionSolver,N10 Uncoarsened AveragePartitionSolver,time_window_violations,0.0
result_quantum_10customer.json,R205,R,R2,N10,Uncoarsened,AveragePartitionSolver,N10 Uncoarsened AveragePartitionSolver,total_demand_served,124.0
result_quantum_10customer.json,R205,R,R2,N10,Uncoarsened,AveragePartitionSolver,N10 Uncoarsened AveragePartitionSolver,total_distance,288.38927407166364
result_quantum_10customer.json,R205,R,R2,N10,Uncoarsened,AveragePartitionSolver,N10 Uncoarsened AveragePartitionSolver,total_route_duration,1871.3827532866426
result_quantum_10customer.json,R205,R,R2,N10,Uncoarsened,AveragePartitionSolver,N10 Uncoarsened AveragePartitionSolver,total_service_time,100.0
result_quantum_10customer.json,R205,R,R2,N10,Uncoarsened,AveragePartitionSolver,N10 Uncoarsened AveragePartitionSolver,total_waiting_time,1482.9934792149788
result_quantum_10customer.json,R205,R,R2,N10,Inflated,FullQubo,N10 Inflated FullQubo,capacity_violations,0.0
result_quantum_10customer.json,R205,R,R2,N10,Inflated,FullQubo,N10 Inflated FullQubo,computation_time,5.997707750007976
result_quantum_10customer.json,R205,R,R2,N10,Inflated,FullQubo,N10 Inflated FullQubo,num_vehicles,3.0
result_quantum_10customer.json,R205,R,R2,N10,Inflated,FullQubo,N10 Inflated FullQubo,time_window_violations,0.0
result_quantum_10customer.json,R205,R,R2,N10,Inflated,FullQubo,N10 Inflated FullQubo,total_demand_served,124.0
result_quantum_10customer.json,R205,R,R2,N10,Inflated,FullQubo,N10 Inflated FullQubo,total_distance,285.65997744889773
result_quantum_10customer.json,R205,R,R2,N10,Inflated,FullQubo,N10 Inflated FullQubo,total_route_duration,1459.2315462117278
result_quantum_10customer.json,R205,R,R2,N10,Inflated,FullQubo,N10 Inflated FullQubo,total_service_time,100.0
result_quantum_10customer.json,R205,R,R2,N10,Inflated,FullQubo,N10 Inflated FullQubo,total_waiting_time,1073.57156876283
result_quantum_10customer.json,R205,R,R2,N10,Inflated,AveragePartitionSolver,N10 Inflated AveragePartitionSolver,capacity_violations,0.0
result_quantum_10customer.json,R205,R,R2,N10,Inflated,AveragePartitionSolver,N10 Inflated AveragePartitionSolver,computation_time,5.9885151669732295
result_quantum_10customer.json,R205,R,R2,N10,Inflated,AveragePartitionSolver,N10 Inflated AveragePartitionSolver,num_vehicles,3.0
result_quantum_10customer.json,R205,R,R2,N10,Inflated,AveragePartitionSolver,N10 Inflated AveragePartitionSolver,time_window_violations,0.0
result_quantum_10customer.json,R205,R,R2,N10,Inflated,AveragePartitionSolver,N10 Inflated AveragePartitionSolver,total_demand_served,124.0
result_quantum_10customer.json,R205,R,R2,N10,Inflated,AveragePartitionSolver,N10 Inflated AveragePartitionSolver,total_distance,320.6287073888051
result_quantum_10customer.json,R205,R,R2,N10,Inflated,AveragePartitionSolver,N10 Inflated AveragePartitionSolver,total_route_duration,1709.247167398892
result_quantum_10customer.json,R205,R,R2,N10,Inflated,AveragePartitionSolver,N10 Inflated AveragePartitionSolver,total_service_time,100.0
result_quantum_10customer.json,R205,R,R2,N10,Inflated,AveragePartitionSolver,N10 Inflated AveragePartitionSolver,total_waiting_time,1288.618460010087
result_quantum_10customer.json,R206,R,R2,N10,Uncoarsened,FullQubo,N10 Uncoarsened FullQubo,capacity_violations,0.0
result_quantum_10customer.json,R206,R,R2,N10,Uncoarsened,FullQubo,N10 Uncoarsened FullQubo,computation_time,21.432491291023325
result_quantum_10customer.json,R206,R,R2,N10,Uncoarsened,FullQubo,N10 Uncoarsened FullQubo,num_vehicles,3.0
result_quantum_10customer.json,R206,R,R2,N10,Uncoarsened,FullQubo,N10 Uncoarsened FullQubo,time_window_violations,0.0
result_quantum_10customer.json,R206,R,R2,N10,Uncoarsened,FullQubo,N10 Uncoarsened FullQubo,total_demand_served,124.0
result_quantum_10customer.json,R206,R,R2,N10,Uncoarsened,FullQubo,N10 Uncoarsened FullQubo,total_distance,258.3828398802174
result_quantum_10customer.json,R206,R,R2,N10,Uncoarsened,FullQubo,N10 Uncoarsened FullQubo,total_route_duration,1137.8112397519699
result_quantum_10customer.json,R206,R,R2,N10,Uncoarsened,FullQubo,N10 Uncoarsened FullQubo,total_service_time,100.0
result_quantum_10customer.json,R206,R,R2,N10,Uncoarsened,FullQubo,N10 Uncoarsened FullQubo,total_waiting_time,779.4283998717526
result_quantum_10customer.json,R206,R,R2,N10,Uncoarsened,AveragePartitionSolver,N10 Uncoarsened AveragePartitionSolver,capacity_violations,0.0
result_quantum_10customer.json,R206,R,R2,N10,Uncoarsened,AveragePartitionSolver,N10 Uncoarsened AveragePartitionSolver,computation_time,20.79248316702433
result_quantum_10customer.json,R206,R,R2,N10,Uncoarsened,AveragePartitionSolver,N10 Uncoarsened AveragePartitionSolver,num_vehicles,4.0
result_quantum_10customer.json,R206,R,R2,N10,Uncoarsened,AveragePartitionSolver,N10 Uncoarsened AveragePartitionSolver,time_window_violations,0.0
result_quantum_10customer.json,R206,R,R2,N10,Uncoarsened,AveragePartitionSolver,N10 Uncoarsened AveragePartitionSolver,total_demand_served,124.0
result_quantum_10customer.json,R206,R,R2,N10,Uncoarsened,AveragePartitionSolver,N10 Uncoarsened AveragePartitionSolver,total_distance,323.52902628930053
result_quantum_10customer.json,R206,R,R2,N10,Uncoarsened,AveragePartitionSolver,N10 Uncoarsened AveragePartitionSolver,total_route_duration,1202.5267218045224
result_quantum_10customer.json,R206,R,R2,N10,Uncoarsened,AveragePartitionSolver,N10 Uncoarsened AveragePartitionSolver,total_service_time,100.0
result_quantum_10customer.json,R206,R,R2,N10,Uncoarsened,AveragePartitionSolver,N10 Uncoarsened AveragePartitionSolver,total_waiting_time,778.9976955152218
result_quantum_10customer.json,R206,R,R2,N10,Inflated,FullQubo,N10 Inflated FullQubo,capacity_violations,0.0
result_quantum_10customer.json,R206,R,R2,N10,Inflated,FullQubo,N10 Inflated FullQubo,computation_time,2.632639207993634
result_quantum_10customer.json,R206,R,R2,N10,Inflated,FullQubo,N10 Inflated FullQubo,num_vehicles,2.0
result_quantum_10customer.json,R206,R,R2,N10,Inflated,FullQubo,N10 Inflated FullQubo,time_window_violations,0.0
result_quantum_10customer.json,R206,R,R2,N10,Inflated,FullQubo,N10 Inflated FullQubo,total_demand_served,124.0
result_quantum_10customer.json,R206,R,R2,N10,Inflated,FullQubo,N10 Inflated FullQubo,total_distance,267.5031278701939
result_quantum_10customer.json,R206,R,R2,N10,Inflated,FullQubo,N10 Inflated FullQubo,total_route_duration,1221.433750276451
result_quantum_10customer.json,R206,R,R2,N10,Inflated,FullQubo,N10 Inflated FullQubo,total_service_time,100.0
result_quantum_10customer.json,R206,R,R2,N10,Inflated,FullQubo,N10 Inflated FullQubo,total_waiting_time,853.9306224062572
result_quantum_10customer.json,R206,R,R2,N10,Inflated,AveragePartitionSolver,N10 Inflated AveragePartitionSolver,capacity_violations,0.0
result_quantum_10customer.json,R206,R,R2,N10,Inflated,AveragePartitionSolver,N10 Inflated AveragePartitionSolver,computation_time,2.6374733329867013
result_quantum_10customer.json,R206,R,R2,N10,Inflated,AveragePartitionSolver,N10 Inflated AveragePartitionSolver,num_vehicles,2.0
result_quantum_10customer.json,R206,R,R2,N10,Inflated,AveragePartitionSolver,N10 Inflated AveragePartitionSolver,time_window_violations,0.0
result_quantum_10customer.json,R206,R,R2,N10,Inflated,AveragePartitionSolver,N10 Inflated AveragePartitionSolver,total_demand_served,124.0
result_quantum_10customer.json,R206,R,R2,N10,Inflated,AveragePartitionSolver,N10 Inflated AveragePartitionSolver,total_distance,230.04235993670972
result_quantum_10customer.json,R206,R,R2,N10,Inflated,AveragePartitionSolver,N10 Inflated AveragePartitionSolver,total_route_duration,1302.9101697848803
result_quantum_10customer.json,R206,R,R2,N10,Inflated,AveragePartitionSolver,N10 Inflated AveragePartitionSolver,total_service_time,100.0
result_quantum_10customer.json,R206,R,R2,N10,Inflated,AveragePartitionSolver,N10 Inflated AveragePartitionSolver,total_waiting_time,972.8678098481707
result_quantum_10customer.json,R207,R,R2,N10,Uncoarsened,FullQubo,N10 Uncoarsened FullQubo,capacity_violations,0.0
result_quantum_10customer.json,R207,R,R2,N10,Uncoarsened,FullQubo,N10 Uncoarsened FullQubo,computation_time,21.212838166044094
result_quantum_10customer.json,R207,R,R2,N10,Uncoarsened,FullQubo,N10 Uncoarsened FullQubo,num_vehicles,4.0
result_quantum_10customer.json,R207,R,R2,N10,Uncoarsened,FullQubo,N10 Uncoarsened FullQubo,time_window_violations,0.0
result_quantum_10customer.json,R207,R,R2,N10,Uncoarsened,FullQubo,N10 Uncoarsened FullQubo,total_demand_served,124.0
result_quantum_10customer.json,R207,R,R2,N10,Uncoarsened,FullQubo,N10 Uncoarsened FullQubo,total_distance,359.26170422314715
result_quantum_10customer.json,R207,R,R2,N10,Uncoarsened,FullQubo,N10 Uncoarsened FullQubo,total_route_duration,1715.8548047495315
result_quantum_10customer.json,R207,R,R2,N10,Uncoarsened,FullQubo,N10 Uncoarsened FullQubo,total_service_time,100.0
result_quantum_10customer.json,R207,R,R2,N10,Uncoarsened,FullQubo,N10 Uncoarsened FullQubo,total_waiting_time,1256.5931005263842
result_quantum_10customer.json,R207,R,R2,N10,Uncoarsened,AveragePartitionSolver,N10 Uncoarsened AveragePartitionSolver,capacity_violations,0.0
result_quantum_10customer.json,R207,R,R2,N10,Uncoarsened,AveragePartitionSolver,N10 Uncoarsened AveragePartitionSolver,computation_time,21.022051875013858
result_quantum_10customer.json,R207,R,R2,N10,Uncoarsened,AveragePartitionSolver,N10 Uncoarsened AveragePartitionSolver,num_vehicles,4.0
result_quantum_10customer.json,R207,R,R2,N10,Uncoarsened,AveragePartitionSolver,N10 Uncoarsened AveragePartitionSolver,time_window_violations,0.0
result_quantum_10customer.json,R207,R,R2,N10,Uncoarsened,AveragePartitionSolver,N10 Uncoarsened AveragePartitionSolver,total_demand_served,124.0
result_quantum_10customer.json,R207,R,R2,N10,Uncoarsened,AveragePartitionSolver,N10 Uncoarsened AveragePartitionSolver,total_distance,306.9571874912024
result_quantum_10customer.json,R207,R,R2,N10,Uncoarsened,AveragePartitionSolver,N10 Uncoarsened AveragePartitionSolver,total_route_duration,1194.9841217016176
result_quantum_10customer.json,R207,R,R2,N10,Uncoarsened,AveragePartitionSolver,N10 Uncoarsened AveragePartitionSolver,total_service_time,100.0
result_quantum_10customer.json,R207,R,R2,N10,Uncoarsened,AveragePartitionSolver,N10 Uncoarsened AveragePartitionSolver,total_waiting_time,788.0269342104152
result_quantum_10customer.json,R207,R,R2,N10,Inflated,FullQubo,N10 Inflated FullQubo,capacity_violations,0.0
result_quantum_10customer.json,R207,R,R2,N10,Inflated,FullQubo,N10 Inflated FullQubo,computation_time,2.6336437500431202
result_quantum_10customer.json,R207,R,R2,N10,Inflated,FullQubo,N10 Inflated FullQubo,num_vehicles,2.0
result_quantum_10customer.json,R207,R,R2,N10,Inflated,FullQubo,N10 Inflated FullQubo,time_window_violations,0.0
result_quantum_10customer.json,R207,R,R2,N10,Inflated,FullQubo,N10 Inflated FullQubo,total_demand_served,124.0
result_quantum_10customer.json,R207,R,R2,N10,Inflated,FullQubo,N10 Inflated FullQubo,total_distance,260.2267099365008
result_quantum_10customer.json,R207,R,R2,N10,Inflated,FullQubo,N10 Inflated FullQubo,total_route_duration,1112.6758046275752
result_quantum_10customer.json,R207,R,R2,N10,Inflated,FullQubo,N10 Inflated FullQubo,total_service_time,100.0
result_quantum_10customer.json,R207,R,R2,N10,Inflated,FullQubo,N10 Inflated FullQubo,total_waiting_time,752.4490946910744
result_quantum_10customer.json,R207,R,R2,N10,Inflated,AveragePartitionSolver,N10 Inflated AveragePartitionSolver,capacity_violations,0.0
result_quantum_10customer.json,R207,R,R2,N10,Inflated,AveragePartitionSolver,N10 Inflated AveragePartitionSolver,computation_time,2.633363541972358
result_quantum_10customer.json,R207,R,R2,N10,Inflated,AveragePartitionSolver,N10 Inflated AveragePartitionSolver,num_vehicles,2.0
result_quantum_10customer.json,R207,R,R2,N10,Inflated,AveragePartitionSolver,N10 Inflated AveragePartitionSolver,time_window_violations,0.0
result_quantum_10customer.json,R207,R,R2,N10,Inflated,AveragePartitionSolver,N10 Inflated AveragePartitionSolver,total_demand_served,124.0
result_quantum_10customer.json,R207,R,R2,N10,Inflated,AveragePartitionSolver,N10 Inflated AveragePartitionSolver,total_distance,272.3573678655835
result_quantum_10customer.json,R207,R,R2,N10,Inflated,AveragePartitionSolver,N10 Inflated AveragePartitionSolver,total_route_duration,701.0
result_quantum_10customer.json,R207,R,R2,N10,Inflated,AveragePartitionSolver,N10 Inflated AveragePartitionSolver,total_service_time,100.0
result_quantum_10customer.json,R207,R,R2,N10,Inflated,AveragePartitionSolver,N10 Inflated AveragePartitionSolver,total_waiting_time,328.64263213441654
result_quantum_10customer.json,R208,R,R2,N10,Uncoarsened,FullQubo,N10 Uncoarsened FullQubo,capacity_violations,0.0
result_quantum_10customer.json,R208,R,R2,N10,Uncoarsened,FullQubo,N10 Uncoarsened FullQubo,computation_time,21.149185790971387
result_quantum_10customer.json,R208,R,R2,N10,Uncoarsened,FullQubo,N10 Uncoarsened FullQubo,num_vehicles,3.0
result_quantum_10customer.json,R208,R,R2,N10,Uncoarsened,FullQubo,N10 Uncoarsened FullQubo,time_window_violations,0.0
result_quantum_10customer.json,R208,R,R2,N10,Uncoarsened,FullQubo,N10 Uncoarsened FullQubo,total_demand_served,124.0
result_quantum_10customer.json,R208,R,R2,N10,Uncoarsened,FullQubo,N10 Uncoarsened FullQubo,total_distance,330.5090723309753
result_quantum_10customer.json,R208,R,R2,N10,Uncoarsened,FullQubo,N10 Uncoarsened FullQubo,total_route_duration,1171.704545644056
result_quantum_10customer.json,R208,R,R2,N10,Uncoarsened,FullQubo,N10 Uncoarsened FullQubo,total_service_time,100.0
result_quantum_10customer.json,R208,R,R2,N10,Uncoarsened,FullQubo,N10 Uncoarsened FullQubo,total_waiting_time,741.1954733130808
result_quantum_10customer.json,R208,R,R2,N10,Uncoarsened,AveragePartitionSolver,N10 Uncoarsened AveragePartitionSolver,capacity_violations,0.0
result_quantum_10customer.json,R208,R,R2,N10,Uncoarsened,AveragePartitionSolver,N10 Uncoarsened AveragePartitionSolver,computation_time,20.945958208991215
result_quantum_10customer.json,R208,R,R2,N10,Uncoarsened,AveragePartitionSolver,N10 Uncoarsened AveragePartitionSolver,num_vehicles,4.0
result_quantum_10customer.json,R208,R,R2,N10,Uncoarsened,AveragePartitionSolver,N10 Uncoarsened AveragePartitionSolver,time_window_violations,0.0
result_quantum_10customer.json,R208,R,R2,N10,Uncoarsened,AveragePartitionSolver,N10 Uncoarsened AveragePartitionSolver,total_demand_served,124.0
result_quantum_10customer.json,R208,R,R2,N10,Uncoarsened,AveragePartitionSolver,N10 Uncoarsened AveragePartitionSolver,total_distance,339.7845792394605
result_quantum_10customer.json,R208,R,R2,N10,Uncoarsened,AveragePartitionSolver,N10 Uncoarsened AveragePartitionSolver,total_route_duration,1203.0047093062583
result_quantum_10customer.json,R208,R,R2,N10,Uncoarsened,AveragePartitionSolver,N10 Uncoarsened AveragePartitionSolver,total_service_time,100.0
result_quantum_10customer.json,R208,R,R2,N10,Uncoarsened,AveragePartitionSolver,N10 Uncoarsened AveragePartitionSolver,total_waiting_time,763.220130066798
result_quantum_10customer.json,R208,R,R2,N10,Inflated,FullQubo,N10 Inflated FullQubo,capacity_violations,0.0
result_quantum_10customer.json,R208,R,R2,N10,Inflated,FullQubo,N10 Inflated FullQubo,computation_time,2.645408791024238
result_quantum_10customer.json,R208,R,R2,N10,Inflated,FullQubo,N10 Inflated FullQubo,num_vehicles,2.0
result_quantum_10customer.json,R208,R,R2,N10,Inflated,FullQubo,N10 Inflated FullQubo,time_window_violations,0.0
result_quantum_10customer.json,R208,R,R2,N10,Inflated,FullQubo,N10 Inflated FullQubo,total_demand_served,124.0
result_quantum_10customer.json,R208,R,R2,N10,Inflated,FullQubo,N10 Inflated FullQubo,total_distance,245.8968933399471
result_quantum_10customer.json,R208,R,R2,N10,Inflated,FullQubo,N10 Inflated FullQubo,total_route_duration,1072.002423631321
result_quantum_10customer.json,R208,R,R2,N10,Inflated,FullQubo,N10 Inflated FullQubo,total_service_time,100.0
result_quantum_10customer.json,R208,R,R2,N10,Inflated,FullQubo,N10 Inflated FullQubo,total_waiting_time,726.105530291374
result_quantum_10customer.json,R208,R,R2,N10,Inflated,AveragePartitionSolver,N10 Inflated AveragePartitionSolver,capacity_violations,0.0
result_quantum_10customer.json,R208,R,R2,N10,Inflated,AveragePartitionSolver,N10 Inflated AveragePartitionSolver,computation_time,2.643949082994368
result_quantum_10customer.json,R208,R,R2,N10,Inflated,AveragePartitionSolver,N10 Inflated AveragePartitionSolver,num_vehicles,2.0
result_quantum_10customer.json,R208,R,R2,N10,Inflated,AveragePartitionSolver,N10 Inflated AveragePartitionSolver,time_window_violations,0.0
result_quantum_10customer.json,R208,R,R2,N10,Inflated,AveragePartitionSolver,N10 Inflated AveragePartitionSolver,total_demand_served,124.0
result_quantum_10customer.json,R208,R,R2,N10,Inflated,AveragePartitionSolver,N10 Inflated AveragePartitionSolver,total_distance,264.1155816379752
result_quantum_10customer.json,R208,R,R2,N10,Inflated,AveragePartitionSolver,N10 Inflated AveragePartitionSolver,total_route_duration,1140.4062906084919
result_quantum_10customer.json,R208,R,R2,N10,Inflated,AveragePartitionSolver,N10 Inflated AveragePartitionSolver,total_service_time,100.0
result_quantum_10customer.json,R208,R,R2,N10,Inflated,AveragePartitionSolver,N10 Inflated AveragePartitionSolver,total_waiting_time,776.2907089705166
result_quantum_10customer.json,R209,R,R2,N10,Uncoarsened,FullQubo,N10 Uncoarsened FullQubo,capacity_violations,0.0
result_quantum_10customer.json,R209,R,R2,N10,Uncoarsened,FullQubo,N10 Uncoarsened FullQubo,computation_time,21.268641584028956
result_quantum_10customer.json,R209,R,R2,N10,Uncoarsened,FullQubo,N10 Uncoarsened FullQubo,num_vehicles,2.0
result_quantum_10customer.json,R209,R,R2,N10,Uncoarsened,FullQubo,N10 Uncoarsened FullQubo,time_window_violations,0.0
result_quantum_10customer.json,R209,R,R2,N10,Uncoarsened,FullQubo,N10 Uncoarsened FullQubo,total_demand_served,124.0
result_quantum_10customer.json,R209,R,R2,N10,Uncoarsened,FullQubo,N10 Uncoarsened FullQubo,total_distance,234.79329917273068
result_quantum_10customer.json,R209,R,R2,N10,Uncoarsened,FullQubo,N10 Uncoarsened FullQubo,total_route_duration,1000.3828242637082
result_quantum_10customer.json,R209,R,R2,N10,Uncoarsened,FullQubo,N10 Uncoarsened FullQubo,total_service_time,100.0
result_quantum_10customer.json,R209,R,R2,N10,Uncoarsened,FullQubo,N10 Uncoarsened FullQubo,total_waiting_time,665.5895250909775
result_quantum_10customer.json,R209,R,R2,N10,Uncoarsened,AveragePartitionSolver,N10 Uncoarsened AveragePartitionSolver,capacity_violations,0.0
result_quantum_10customer.json,R209,R,R2,N10,Uncoarsened,AveragePartitionSolver,N10 Uncoarsened AveragePartitionSolver,computation_time,20.94521837501088
result_quantum_10customer.json,R209,R,R2,N10,Uncoarsened,AveragePartitionSolver,N10 Uncoarsened AveragePartitionSolver,num_vehicles,4.0
result_quantum_10customer.json,R209,R,R2,N10,Uncoarsened,AveragePartitionSolver,N10 Uncoarsened AveragePartitionSolver,time_window_violations,0.0
result_quantum_10customer.json,R209,R,R2,N10,Uncoarsened,AveragePartitionSolver,N10 Uncoarsened AveragePartitionSolver,total_demand_served,124.0
result_quantum_10customer.json,R209,R,R2,N10,Uncoarsened,AveragePartitionSolver,N10 Uncoarsened AveragePartitionSolver,total_distance,327.37967047767546
result_quantum_10customer.json,R209,R,R2,N10,Uncoarsened,AveragePartitionSolver,N10 Uncoarsened AveragePartitionSolver,total_route_duration,1618.4118860992269
result_quantum_10customer.json,R209,R,R2,N10,Uncoarsened,AveragePartitionSolver,N10 Uncoarsened AveragePartitionSolver,total_service_time,100.0
result_quantum_10customer.json,R209,R,R2,N10,Uncoarsened,AveragePartitionSolver,N10 Uncoarsened AveragePartitionSolver,total_waiting_time,1191.0322156215514
result_quantum_10customer.json,R209,R,R2,N10,Inflated,FullQubo,N10 Inflated FullQubo,capacity_violations,0.0
result_quantum_10customer.json,R209,R,R2,N10,Inflated,FullQubo,N10 Inflated FullQubo,computation_time,2.6447193340281956
result_quantum_10customer.json,R209,R,R2,N10,Inflated,FullQubo,N10 Inflated FullQubo,num_vehicles,2.0
result_quantum_10customer.json,R209,R,R2,N10,Inflated,FullQubo,N10 Inflated FullQubo,time_window_violations,0.0
result_quantum_10customer.json,R209,R,R2,N10,Inflated,FullQubo,N10 Inflated FullQubo,total_demand_served,124.0
result_quantum_10customer.json,R209,R,R2,N10,Inflated,FullQubo,N10 Inflated FullQubo,total_distance,247.66724940692518
result_quantum_10customer.json,R209,R,R2,N10,Inflated,FullQubo,N10 Inflated FullQubo,total_route_duration,1026.4678749562397
result_quantum_10customer.json,R209,R,R2,N10,Inflated,FullQubo,N10 Inflated FullQubo,total_service_time,100.0
result_quantum_10customer.json,R209,R,R2,N10,Inflated,FullQubo,N10 Inflated FullQubo,total_waiting_time,678.8006255493145
result_quantum_10customer.json,R209,R,R2,N10,Inflated,AveragePartitionSolver,N10 Inflated AveragePartitionSolver,capacity_violations,0.0
result_quantum_10customer.json,R209,R,R2,N10,Inflated,AveragePartitionSolver,N10 Inflated AveragePartitionSolver,computation_time,2.6374960410175845
result_quantum_10customer.json,R209,R,R2,N10,Inflated,AveragePartitionSolver,N10 Inflated AveragePartitionSolver,num_vehicles,2.0
result_quantum_10customer.json,R209,R,R2,N10,Inflated,AveragePartitionSolver,N10 Inflated AveragePartitionSolver,time_window_violations,0.0
result_quantum_10customer.json,R209,R,R2,N10,Inflated,AveragePartitionSolver,N10 Inflated AveragePartitionSolver,total_demand_served,124.0
result_quantum_10customer.json,R209,R,R2,N10,Inflated,AveragePartitionSolver,N10 Inflated AveragePartitionSolver,total_distance,236.71637217112618
result_quantum_10customer.json,R209,R,R2,N10,Inflated,AveragePartitionSolver,N10 Inflated AveragePartitionSolver,total_route_duration,1166.2315462117278
result_quantum_10customer.json,R209,R,R2,N10,Inflated,AveragePartitionSolver,N10 Inflated AveragePartitionSolver,total_service_time,100.0
result_quantum_10customer.json,R209,R,R2,N10,Inflated,AveragePartitionSolver,N10 Inflated AveragePartitionSolver,total_waiting_time,829.5151740406016
result_quantum_10customer.json,R210,R,R2,N10,Uncoarsened,FullQubo,N10 Uncoarsened FullQubo,capacity_violations,0.0
result_quantum_10customer.json,R210,R,R2,N10,Uncoarsened,FullQubo,N10 Uncoarsened FullQubo,computation_time,21.16146704199491
result_quantum_10customer.json,R210,R,R2,N10,Uncoarsened,FullQubo,N10 Uncoarsened FullQubo,num_vehicles,3.0
result_quantum_10customer.json,R210,R,R2,N10,Uncoarsened,FullQubo,N10 Uncoarsened FullQubo,time_window_violations,0.0
result_quantum_10customer.json,R210,R,R2,N10,Uncoarsened,FullQubo,N10 Uncoarsened FullQubo,total_demand_served,124.0
result_quantum_10customer.json,R210,R,R2,N10,Uncoarsened,FullQubo,N10 Uncoarsened FullQubo,total_distance,356.38714150127976
result_quantum_10customer.json,R210,R,R2,N10,Uncoarsened,FullQubo,N10 Uncoarsened FullQubo,total_route_duration,1617.4238942885122
result_quantum_10customer.json,R210,R,R2,N10,Uncoarsened,FullQubo,N10 Uncoarsened FullQubo,total_service_time,100.0
result_quantum_10customer.json,R210,R,R2,N10,Uncoarsened,FullQubo,N10 Uncoarsened FullQubo,total_waiting_time,1161.0367527872327
result_quantum_10customer.json,R210,R,R2,N10,Uncoarsened,AveragePartitionSolver,N10 Uncoarsened AveragePartitionSolver,capacity_violations,0.0
result_quantum_10customer.json,R210,R,R2,N10,Uncoarsened,AveragePartitionSolver,N10 Uncoarsened AveragePartitionSolver,computation_time,21.264872541010845
result_quantum_10customer.json,R210,R,R2,N10,Uncoarsened,AveragePartitionSolver,N10 Uncoarsened AveragePartitionSolver,num_vehicles,2.0
result_quantum_10customer.json,R210,R,R2,N10,Uncoarsened,AveragePartitionSolver,N10 Uncoarsened AveragePartitionSolver,time_window_violations,0.0
result_quantum_10customer.json,R210,R,R2,N10,Uncoarsened,AveragePartitionSolver,N10 Uncoarsened AveragePartitionSolver,total_demand_served,124.0
result_quantum_10customer.json,R210,R,R2,N10,Uncoarsened,AveragePartitionSolver,N10 Uncoarsened AveragePartitionSolver,total_distance,288.5182362379208
result_quantum_10customer.json,R210,R,R2,N10,Uncoarsened,AveragePartitionSolver,N10 Uncoarsened AveragePartitionSolver,total_route_duration,1130.8287315636849
result_quantum_10customer.json,R210,R,R2,N10,Uncoarsened,AveragePartitionSolver,N10 Uncoarsened AveragePartitionSolver,total_service_time,100.0
result_quantum_10customer.json,R210,R,R2,N10,Uncoarsened,AveragePartitionSolver,N10 Uncoarsened AveragePartitionSolver,total_waiting_time,742.3104953257639
result_quantum_10customer.json,R210,R,R2,N10,Inflated,FullQubo,N10 Inflated FullQubo,capacity_violations,0.0
result_quantum_10customer.json,R210,R,R2,N10,Inflated,FullQubo,N10 Inflated FullQubo,computation_time,2.5744959169533104
result_quantum_10customer.json,R210,R,R2,N10,Inflated,FullQubo,N10 Inflated FullQubo,num_vehicles,2.0
result_quantum_10customer.json,R210,R,R2,N10,Inflated,FullQubo,N10 Inflated FullQubo,time_window_violations,0.0
result_quantum_10customer.json,R210,R,R2,N10,Inflated,FullQubo,N10 Inflated FullQubo,total_demand_served,124.0
result_quantum_10customer.json,R210,R,R2,N10,Inflated,FullQubo,N10 Inflated FullQubo,total_distance,249.63414613517858
result_quantum_10customer.json,R210,R,R2,N10,Inflated,FullQubo,N10 Inflated FullQubo,total_route_duration,1266.495097567964
result_quantum_10customer.json,R210,R,R2,N10,Inflated,FullQubo,N10 Inflated FullQubo,total_service_time,100.0
result_quantum_10customer.json,R210,R,R2,N10,Inflated,FullQubo,N10 Inflated FullQubo,total_waiting_time,916.8609514327854
result_quantum_10customer.json,R210,R,R2,N10,Inflated,AveragePartitionSolver,N10 Inflated AveragePartitionSolver,capacity_violations,0.0
result_quantum_10customer.json,R210,R,R2,N10,Inflated,AveragePartitionSolver,N10 Inflated AveragePartitionSolver,computation_time,2.5728030840400606
result_quantum_10customer.json,R210,R,R2,N10,Inflated,AveragePartitionSolver,N10 Inflated AveragePartitionSolver,num_vehicles,2.0
result_quantum_10customer.json,R210,R,R2,N10,Inflated,AveragePartitionSolver,N10 Inflated AveragePartitionSolver,time_window_violations,0.0
result_quantum_10customer.json,R210,R,R2,N10,Inflated,AveragePartitionSolver,N10 Inflated AveragePartitionSolver,total_demand_served,124.0
result_quantum_10customer.json,R210,R,R2,N10,Inflated,AveragePartitionSolver,N10 Inflated AveragePartitionSolver,total_distance,269.77518730292877
result_quantum_10customer.json,R210,R,R2,N10,Inflated,AveragePartitionSolver,N10 Inflated AveragePartitionSolver,total_route_duration,1182.7917659902887
result_quantum_10customer.json,R210,R,R2,N10,Inflated,AveragePartitionSolver,N10 Inflated AveragePartitionSolver,total_service_time,100.0
result_quantum_10customer.json,R210,R,R2,N10,Inflated,AveragePartitionSolver,N10 Inflated AveragePartitionSolver,total_waiting_time,813.0165786873602
result_quantum_10customer.json,R211,R,R2,N10,Uncoarsened,FullQubo,N10 Uncoarsened FullQubo,capacity_violations,0.0
result_quantum_10customer.json,R211,R,R2,N10,Uncoarsened,FullQubo,N10 Uncoarsened FullQubo,computation_time,21.534050083020702
result_quantum_10customer.json,R211,R,R2,N10,Uncoarsened,FullQubo,N10 Uncoarsened FullQubo,num_vehicles,2.0
result_quantum_10customer.json,R211,R,R2,N10,Uncoarsened,FullQubo,N10 Uncoarsened FullQubo,time_window_violations,0.0
result_quantum_10customer.json,R211,R,R2,N10,Uncoarsened,FullQubo,N10 Uncoarsened FullQubo,total_demand_served,124.0
result_quantum_10customer.json,R211,R,R2,N10,Uncoarsened,FullQubo,N10 Uncoarsened FullQubo,total_distance,325.11012576384553
result_quantum_10customer.json,R211,R,R2,N10,Uncoarsened,FullQubo,N10 Uncoarsened FullQubo,total_route_duration,1111.4970964300824
result_quantum_10customer.json,R211,R,R2,N10,Uncoarsened,FullQubo,N10 Uncoarsened FullQubo,total_service_time,100.0
result_quantum_10customer.json,R211,R,R2,N10,Uncoarsened,FullQubo,N10 Uncoarsened FullQubo,total_waiting_time,686.3869706662368
result_quantum_10customer.json,R211,R,R2,N10,Uncoarsened,AveragePartitionSolver,N10 Uncoarsened AveragePartitionSolver,capacity_violations,0.0
result_quantum_10customer.json,R211,R,R2,N10,Uncoarsened,AveragePartitionSolver,N10 Uncoarsened AveragePartitionSolver,computation_time,21.162506708002184
result_quantum_10customer.json,R211,R,R2,N10,Uncoarsened,AveragePartitionSolver,N10 Uncoarsened AveragePartitionSolver,num_vehicles,4.0
result_quantum_10customer.json,R211,R,R2,N10,Uncoarsened,AveragePartitionSolver,N10 Uncoarsened AveragePartitionSolver,time_window_violations,0.0
result_quantum_10customer.json,R211,R,R2,N10,Uncoarsened,AveragePartitionSolver,N10 Uncoarsened AveragePartitionSolver,total_demand_served,124.0
result_quantum_10customer.json,R211,R,R2,N10,Uncoarsened,AveragePartitionSolver,N10 Uncoarsened AveragePartitionSolver,total_distance,355.30411076180945
result_quantum_10customer.json,R211,R,R2,N10,Uncoarsened,AveragePartitionSolver,N10 Uncoarsened AveragePartitionSolver,total_route_duration,1615.7855644952222
result_quantum_10customer.json,R211,R,R2,N10,Uncoarsened,AveragePartitionSolver,N10 Uncoarsened AveragePartitionSolver,total_service_time,100.0
result_quantum_10customer.json,R211,R,R2,N10,Uncoarsened,AveragePartitionSolver,N10 Uncoarsened AveragePartitionSolver,total_waiting_time,1160.4814537334125
result_quantum_10customer.json,R211,R,R2,N10,Inflated,FullQubo,N10 Inflated FullQubo,capacity_violations,0.0
result_quantum_10customer.json,R211,R,R2,N10,Inflated,FullQubo,N10 Inflated FullQubo,computation_time,2.6517494170111604
result_quantum_10customer.json,R211,R,R2,N10,Inflated,FullQubo,N10 Inflated FullQubo,num_vehicles,2.0
result_quantum_10customer.json,R211,R,R2,N10,Inflated,FullQubo,N10 Inflated FullQubo,time_window_violations,0.0
result_quantum_10customer.json,R211,R,R2,N10,Inflated,FullQubo,N10 Inflated FullQubo,total_demand_served,124.0
result_quantum_10customer.json,R211,R,R2,N10,Inflated,FullQubo,N10 Inflated FullQubo,total_distance,241.7846561335175
result_quantum_10customer.json,R211,R,R2,N10,Inflated,FullQubo,N10 Inflated FullQubo,total_route_duration,1024.051446754068
result_quantum_10customer.json,R211,R,R2,N10,Inflated,FullQubo,N10 Inflated FullQubo,total_service_time,100.0
result_quantum_10customer.json,R211,R,R2,N10,Inflated,FullQubo,N10 Inflated FullQubo,total_waiting_time,682.2667906205505
result_quantum_10customer.json,R211,R,R2,N10,Inflated,AveragePartitionSolver,N10 Inflated AveragePartitionSolver,capacity_violations,0.0
result_quantum_10customer.json,R211,R,R2,N10,Inflated,AveragePartitionSolver,N10 Inflated AveragePartitionSolver,computation_time,2.6626473749638535
result_quantum_10customer.json,R211,R,R2,N10,Inflated,AveragePartitionSolver,N10 Inflated AveragePartitionSolver,num_vehicles,2.0
result_quantum_10customer.json,R211,R,R2,N10,Inflated,AveragePartitionSolver,N10 Inflated AveragePartitionSolver,time_window_violations,0.0
result_quantum_10customer.json,R211,R,R2,N10,Inflated,AveragePartitionSolver,N10 Inflated AveragePartitionSolver,total_demand_served,124.0
result_quantum_10customer.json,R211,R,R2,N10,Inflated,AveragePartitionSolver,N10 Inflated AveragePartitionSolver,total_distance,221.99761117433033
result_quantum_10customer.json,R211,R,R2,N10,Inflated,AveragePartitionSolver,N10 Inflated AveragePartitionSolver,total_route_duration,1100.0137685902519
result_quantum_10customer.json,R211,R,R2,N10,Inflated,AveragePartitionSolver,N10 Inflated AveragePartitionSolver,total_service_time,100.0
result_quantum_10customer.json,R211,R,R2,N10,Inflated,AveragePartitionSolver,N10 Inflated AveragePartitionSolver,total_waiting_time,778.0161574159215
result_quantum_10customer.json,RC101,RC,RC1,N10,Uncoarsened,FullQubo,N10 Uncoarsened FullQubo,capacity_violations,0.0
result_quantum_10customer.json,RC101,RC,RC1,N10,Uncoarsened,FullQubo,N10 Uncoarsened FullQubo,computation_time,16.05216595804086
result_quantum_10customer.json,RC101,RC,RC1,N10,Uncoarsened,FullQubo,N10 Uncoarsened FullQubo,num_vehicles,4.0
result_quantum_10customer.json,RC101,RC,RC1,N10,Uncoarsened,FullQubo,N10 Uncoarsened FullQubo,time_window_violations,0.0
result_quantum_10customer.json,RC101,RC,RC1,N10,Uncoarsened,FullQubo,N10 Uncoarsened FullQubo,total_demand_served,220.0
result_quantum_10customer.json,RC101,RC,RC1,N10,Uncoarsened,FullQubo,N10 Uncoarsened FullQubo,total_distance,314.56460963317755
result_quantum_10customer.json,RC101,RC,RC1,N10,Uncoarsened,FullQubo,N10 Uncoarsened FullQubo,total_route_duration,675.2981745481401
result_quantum_10customer.json,RC101,RC,RC1,N10,Uncoarsened,FullQubo,N10 Uncoarsened FullQubo,total_service_time,100.0
result_quantum_10customer.json,RC101,RC,RC1,N10,Uncoarsened,FullQubo,N10 Uncoarsened FullQubo,total_waiting_time,260.73356491496247
result_quantum_10customer.json,RC101,RC,RC1,N10,Uncoarsened,AveragePartitionSolver,N10 Uncoarsened AveragePartitionSolver,capacity_violations,0.0
result_quantum_10customer.json,RC101,RC,RC1,N10,Uncoarsened,AveragePartitionSolver,N10 Uncoarsened AveragePartitionSolver,computation_time,15.96892791701248
result_quantum_10customer.json,RC101,RC,RC1,N10,Uncoarsened,AveragePartitionSolver,N10 Uncoarsened AveragePartitionSolver,num_vehicles,4.0
result_quantum_10customer.json,RC101,RC,RC1,N10,Uncoarsened,AveragePartitionSolver,N10 Uncoarsened AveragePartitionSolver,time_window_violations,0.0
result_quantum_10customer.json,RC101,RC,RC1,N10,Uncoarsened,AveragePartitionSolver,N10 Uncoarsened AveragePartitionSolver,total_demand_served,220.0
result_quantum_10customer.json,RC101,RC,RC1,N10,Uncoarsened,AveragePartitionSolver,N10 Uncoarsened AveragePartitionSolver,total_distance,368.1910125033045
result_quantum_10customer.json,RC101,RC,RC1,N10,Uncoarsened,AveragePartitionSolver,N10 Uncoarsened AveragePartitionSolver,total_route_duration,651.4620335358254
result_quantum_10customer.json,RC101,RC,RC1,N10,Uncoarsened,AveragePartitionSolver,N10 Uncoarsened AveragePartitionSolver,total_service_time,100.0
result_quantum_10customer.json,RC101,RC,RC1,N10,Uncoarsened,AveragePartitionSolver,N10 Uncoarsened AveragePartitionSolver,total_waiting_time,183.27102103252085
result_quantum_10customer.json,RC101,RC,RC1,N10,Inflated,FullQubo,N10 Inflated FullQubo,capacity_violations,0.0
result_quantum_10customer.json,RC101,RC,RC1,N10,Inflated,FullQubo,N10 Inflated FullQubo,computation_time,2.046452291018795
result_quantum_10customer.json,RC101,RC,RC1,N10,Inflated,FullQubo,N10 Inflated FullQubo,num_vehicles,2.0
result_quantum_10customer.json,RC101,RC,RC1,N10,Inflated,FullQubo,N10 Inflated FullQubo,time_window_violations,0.0
result_quantum_10customer.json,RC101,RC,RC1,N10,Inflated,FullQubo,N10 Inflated FullQubo,total_demand_served,220.0
result_quantum_10customer.json,RC101,RC,RC1,N10,Inflated,FullQubo,N10 Inflated FullQubo,total_distance,191.23298176125223
result_quantum_10customer.json,RC101,RC,RC1,N10,Inflated,FullQubo,N10 Inflated FullQubo,total_route_duration,368.74935716818914
result_quantum_10customer.json,RC101,RC,RC1,N10,Inflated,FullQubo,N10 Inflated FullQubo,total_service_time,100.0
result_quantum_10customer.json,RC101,RC,RC1,N10,Inflated,FullQubo,N10 Inflated FullQubo,total_waiting_time,77.51637540693692
result_quantum_10customer.json,RC101,RC,RC1,N10,Inflated,AveragePartitionSolver,N10 Inflated AveragePartitionSolver,capacity_violations,0.0
result_quantum_10customer.json,RC101,RC,RC1,N10,Inflated,AveragePartitionSolver,N10 Inflated AveragePartitionSolver,computation_time,2.0572072089998983
result_quantum_10customer.json,RC101,RC,RC1,N10,Inflated,AveragePartitionSolver,N10 Inflated AveragePartitionSolver,num_vehicles,2.0
result_quantum_10customer.json,RC101,RC,RC1,N10,Inflated,AveragePartitionSolver,N10 Inflated AveragePartitionSolver,time_window_violations,0.0
result_quantum_10customer.json,RC101,RC,RC1,N10,Inflated,AveragePartitionSolver,N10 Inflated AveragePartitionSolver,total_demand_served,220.0
result_quantum_10customer.json,RC101,RC,RC1,N10,Inflated,AveragePartitionSolver,N10 Inflated AveragePartitionSolver,total_distance,229.2899618089964
result_quantum_10customer.json,RC101,RC,RC1,N10,Inflated,AveragePartitionSolver,N10 Inflated AveragePartitionSolver,total_route_duration,368.74935716818914
result_quantum_10customer.json,RC101,RC,RC1,N10,Inflated,AveragePartitionSolver,N10 Inflated AveragePartitionSolver,total_service_time,100.0
result_quantum_10customer.json,RC101,RC,RC1,N10,Inflated,AveragePartitionSolver,N10 Inflated AveragePartitionSolver,total_waiting_time,39.459395359192754
result_quantum_10customer.json,RC102,RC,RC1,N10,Uncoarsened,FullQubo,N10 Uncoarsened FullQubo,capacity_violations,0.0
result_quantum_10customer.json,RC102,RC,RC1,N10,Uncoarsened,FullQubo,N10 Uncoarsened FullQubo,computation_time,16.01478612498613
result_quantum_10customer.json,RC102,RC,RC1,N10,Uncoarsened,FullQubo,N10 Uncoarsened FullQubo,num_vehicles,4.0
result_quantum_10customer.json,RC102,RC,RC1,N10,Uncoarsened,FullQubo,N10 Uncoarsened FullQubo,time_window_violations,0.0
result_quantum_10customer.json,RC102,RC,RC1,N10,Uncoarsened,FullQubo,N10 Uncoarsened FullQubo,total_demand_served,220.0
result_quantum_10customer.json,RC102,RC,RC1,N10,Uncoarsened,FullQubo,N10 Uncoarsened FullQubo,total_distance,330.81987837021455
result_quantum_10customer.json,RC102,RC,RC1,N10,Uncoarsened,FullQubo,N10 Uncoarsened FullQubo,total_route_duration,599.345348183641
result_quantum_10customer.json,RC102,RC,RC1,N10,Uncoarsened,FullQubo,N10 Uncoarsened FullQubo,total_service_time,100.0
result_quantum_10customer.json,RC102,RC,RC1,N10,Uncoarsened,FullQubo,N10 Uncoarsened FullQubo,total_waiting_time,168.52546981342658
result_quantum_10customer.json,RC102,RC,RC1,N10,Uncoarsened,AveragePartitionSolver,N10 Uncoarsened AveragePartitionSolver,capacity_violations,0.0
result_quantum_10customer.json,RC102,RC,RC1,N10,Uncoarsened,AveragePartitionSolver,N10 Uncoarsened AveragePartitionSolver,computation_time,16.268526917032432
result_quantum_10customer.json,RC102,RC,RC1,N10,Uncoarsened,AveragePartitionSolver,N10 Uncoarsened AveragePartitionSolver,num_vehicles,2.0
result_quantum_10customer.json,RC102,RC,RC1,N10,Uncoarsened,AveragePartitionSolver,N10 Uncoarsened AveragePartitionSolver,time_window_violations,0.0
result_quantum_10customer.json,RC102,RC,RC1,N10,Uncoarsened,AveragePartitionSolver,N10 Uncoarsened AveragePartitionSolver,total_demand_served,220.0
result_quantum_10customer.json,RC102,RC,RC1,N10,Uncoarsened,AveragePartitionSolver,N10 Uncoarsened AveragePartitionSolver,total_distance,241.37402973587052
result_quantum_10customer.json,RC102,RC,RC1,N10,Uncoarsened,AveragePartitionSolver,N10 Uncoarsened AveragePartitionSolver,total_route_duration,446.32368230469535
result_quantum_10customer.json,RC102,RC,RC1,N10,Uncoarsened,AveragePartitionSolver,N10 Uncoarsened AveragePartitionSolver,total_service_time,100.0
result_quantum_10customer.json,RC102,RC,RC1,N10,Uncoarsened,AveragePartitionSolver,N10 Uncoarsened AveragePartitionSolver,total_waiting_time,104.94965256882483
result_quantum_10customer.json,RC102,RC,RC1,N10,Inflated,FullQubo,N10 Inflated FullQubo,capacity_violations,0.0
result_quantum_10customer.json,RC102,RC,RC1,N10,Inflated,FullQubo,N10 Inflated FullQubo,computation_time,2.0124467909918167
result_quantum_10customer.json,RC102,RC,RC1,N10,Inflated,FullQubo,N10 Inflated FullQubo,num_vehicles,2.0
result_quantum_10customer.json,RC102,RC,RC1,N10,Inflated,FullQubo,N10 Inflated FullQubo,time_window_violations,0.0
result_quantum_10customer.json,RC102,RC,RC1,N10,Inflated,FullQubo,N10 Inflated FullQubo,total_demand_served,220.0
result_quantum_10customer.json,RC102,RC,RC1,N10,Inflated,FullQubo,N10 Inflated FullQubo,total_distance,169.8794572898442
result_quantum_10customer.json,RC102,RC,RC1,N10,Inflated,FullQubo,N10 Inflated FullQubo,total_route_duration,389.7016421310034
result_quantum_10customer.json,RC102,RC,RC1,N10,Inflated,FullQubo,N10 Inflated FullQubo,total_service_time,100.0
result_quantum_10customer.json,RC102,RC,RC1,N10,Inflated,FullQubo,N10 Inflated FullQubo,total_waiting_time,119.82218484115914
result_quantum_10customer.json,RC102,RC,RC1,N10,Inflated,AveragePartitionSolver,N10 Inflated AveragePartitionSolver,capacity_violations,0.0
result_quantum_10customer.json,RC102,RC,RC1,N10,Inflated,AveragePartitionSolver,N10 Inflated AveragePartitionSolver,computation_time,2.0146687920205295
result_quantum_10customer.json,RC102,RC,RC1,N10,Inflated,AveragePartitionSolver,N10 Inflated AveragePartitionSolver,num_vehicles,2.0
result_quantum_10customer.json,RC102,RC,RC1,N10,Inflated,AveragePartitionSolver,N10 Inflated AveragePartitionSolver,time_window_violations,0.0
result_quantum_10customer.json,RC102,RC,RC1,N10,Inflated,AveragePartitionSolver,N10 Inflated AveragePartitionSolver,total_demand_served,220.0
result_quantum_10customer.json,RC102,RC,RC1,N10,Inflated,AveragePartitionSolver,N10 Inflated AveragePartitionSolver,total_distance,169.8794572898442
result_quantum_10customer.json,RC102,RC,RC1,N10,Inflated,AveragePartitionSolver,N10 Inflated AveragePartitionSolver,total_route_duration,389.7016421310034
result_quantum_10customer.json,RC102,RC,RC1,N10,Inflated,AveragePartitionSolver,N10 Inflated AveragePartitionSolver,total_service_time,100.0
result_quantum_10customer.json,RC102,RC,RC1,N10,Inflated,AveragePartitionSolver,N10 Inflated AveragePartitionSolver,total_waiting_time,119.82218484115914
result_quantum_10customer.json,RC103,RC,RC1,N10,Uncoarsened,FullQubo,N10 Uncoarsened FullQubo,capacity_violations,0.0
result_quantum_10customer.json,RC103,RC,RC1,N10,Uncoarsened,FullQubo,N10 Uncoarsened FullQubo,computation_time,16.203299749991857
result_quantum_10customer.json,RC103,RC,RC1,N10,Uncoarsened,FullQubo,N10 Uncoarsened FullQubo,num_vehicles,4.0
result_quantum_10customer.json,RC103,RC,RC1,N10,Uncoarsened,FullQubo,N10 Uncoarsened FullQubo,time_window_violations,0.0
result_quantum_10customer.json,RC103,RC,RC1,N10,Uncoarsened,FullQubo,N10 Uncoarsened FullQubo,total_demand_served,220.0
result_quantum_10customer.json,RC103,RC,RC1,N10,Uncoarsened,FullQubo,N10 Uncoarsened FullQubo,total_distance,327.95900947608396
result_quantum_10customer.json,RC103,RC,RC1,N10,Uncoarsened,FullQubo,N10 Uncoarsened FullQubo,total_route_duration,659.0848767951843
result_quantum_10customer.json,RC103,RC,RC1,N10,Uncoarsened,FullQubo,N10 Uncoarsened FullQubo,total_service_time,100.0
result_quantum_10customer.json,RC103,RC,RC1,N10,Uncoarsened,FullQubo,N10 Uncoarsened FullQubo,total_waiting_time,231.1258673191004
result_quantum_10customer.json,RC103,RC,RC1,N10,Uncoarsened,AveragePartitionSolver,N10 Uncoarsened AveragePartitionSolver,capacity_violations,0.0
result_quantum_10customer.json,RC103,RC,RC1,N10,Uncoarsened,AveragePartitionSolver,N10 Uncoarsened AveragePartitionSolver,computation_time,16.46923045796575
result_quantum_10customer.json,RC103,RC,RC1,N10,Uncoarsened,AveragePartitionSolver,N10 Uncoarsened AveragePartitionSolver,num_vehicles,3.0
result_quantum_10customer.json,RC103,RC,RC1,N10,Uncoarsened,AveragePartitionSolver,N10 Uncoarsened AveragePartitionSolver,time_window_violations,0.0
result_quantum_10customer.json,RC103,RC,RC1,N10,Uncoarsened,AveragePartitionSolver,N10 Uncoarsened AveragePartitionSolver,total_demand_served,220.0
result_quantum_10customer.json,RC103,RC,RC1,N10,Uncoarsened,AveragePartitionSolver,N10 Uncoarsened AveragePartitionSolver,total_distance,294.99889208688415
result_quantum_10customer.json,RC103,RC,RC1,N10,Uncoarsened,AveragePartitionSolver,N10 Uncoarsened AveragePartitionSolver,total_route_duration,515.4992536069642
result_quantum_10customer.json,RC103,RC,RC1,N10,Uncoarsened,AveragePartitionSolver,N10 Uncoarsened AveragePartitionSolver,total_service_time,100.0
result_quantum_10customer.json,RC103,RC,RC1,N10,Uncoarsened,AveragePartitionSolver,N10 Uncoarsened AveragePartitionSolver,total_waiting_time,120.50036152007999
result_quantum_10customer.json,RC103,RC,RC1,N10,Inflated,FullQubo,N10 Inflated FullQubo,capacity_violations,0.0
result_quantum_10customer.json,RC103,RC,RC1,N10,Inflated,FullQubo,N10 Inflated FullQubo,computation_time,2.0105135409976356
result_quantum_10customer.json,RC103,RC,RC1,N10,Inflated,FullQubo,N10 Inflated FullQubo,num_vehicles,2.0
result_quantum_10customer.json,RC103,RC,RC1,N10,Inflated,FullQubo,N10 Inflated FullQubo,time_window_violations,0.0
result_quantum_10customer.json,RC103,RC,RC1,N10,Inflated,FullQubo,N10 Inflated FullQubo,total_demand_served,220.0
result_quantum_10customer.json,RC103,RC,RC1,N10,Inflated,FullQubo,N10 Inflated FullQubo,total_distance,169.8794572898442
result_quantum_10customer.json,RC103,RC,RC1,N10,Inflated,FullQubo,N10 Inflated FullQubo,total_route_duration,389.7016421310034
result_quantum_10customer.json,RC103,RC,RC1,N10,Inflated,FullQubo,N10 Inflated FullQubo,total_service_time,100.0
result_quantum_10customer.json,RC103,RC,RC1,N10,Inflated,FullQubo,N10 Inflated FullQubo,total_waiting_time,119.82218484115913
result_quantum_10customer.json,RC103,RC,RC1,N10,Inflated,AveragePartitionSolver,N10 Inflated AveragePartitionSolver,capacity_violations,0.0
result_quantum_10customer.json,RC103,RC,RC1,N10,Inflated,AveragePartitionSolver,N10 Inflated AveragePartitionSolver,computation_time,2.0053794590057805
result_quantum_10customer.json,RC103,RC,RC1,N10,Inflated,AveragePartitionSolver,N10 Inflated AveragePartitionSolver,num_vehicles,2.0
result_quantum_10customer.json,RC103,RC,RC1,N10,Inflated,AveragePartitionSolver,N10 Inflated AveragePartitionSolver,time_window_violations,0.0
result_quantum_10customer.json,RC103,RC,RC1,N10,Inflated,AveragePartitionSolver,N10 Inflated AveragePartitionSolver,total_demand_served,220.0
result_quantum_10customer.json,RC103,RC,RC1,N10,Inflated,AveragePartitionSolver,N10 Inflated AveragePartitionSolver,total_distance,169.8794572898442
result_quantum_10customer.json,RC103,RC,RC1,N10,Inflated,AveragePartitionSolver,N10 Inflated AveragePartitionSolver,total_route_duration,389.7016421310034
result_quantum_10customer.json,RC103,RC,RC1,N10,Inflated,AveragePartitionSolver,N10 Inflated AveragePartitionSolver,total_service_time,100.0
result_quantum_10customer.json,RC103,RC,RC1,N10,Inflated,AveragePartitionSolver,N10 Inflated AveragePartitionSolver,total_waiting_time,119.82218484115914
result_quantum_10customer.json,RC104,RC,RC1,N10,Uncoarsened,FullQubo,N10 Uncoarsened FullQubo,capacity_violations,0.0
result_quantum_10customer.json,RC104,RC,RC1,N10,Uncoarsened,FullQubo,N10 Uncoarsened FullQubo,computation_time,16.09277824999299
result_quantum_10customer.json,RC104,RC,RC1,N10,Uncoarsened,FullQubo,N10 Uncoarsened FullQubo,num_vehicles,5.0
result_quantum_10customer.json,RC104,RC,RC1,N10,Uncoarsened,FullQubo,N10 Uncoarsened FullQubo,time_window_violations,0.0
result_quantum_10customer.json,RC104,RC,RC1,N10,Uncoarsened,FullQubo,N10 Uncoarsened FullQubo,total_demand_served,220.0
result_quantum_10customer.json,RC104,RC,RC1,N10,Uncoarsened,FullQubo,N10 Uncoarsened FullQubo,total_distance,495.19551554369104
result_quantum_10customer.json,RC104,RC,RC1,N10,Uncoarsened,FullQubo,N10 Uncoarsened FullQubo,total_route_duration,709.2059374458747
result_quantum_10customer.json,RC104,RC,RC1,N10,Uncoarsened,FullQubo,N10 Uncoarsened FullQubo,total_service_time,100.0
result_quantum_10customer.json,RC104,RC,RC1,N10,Uncoarsened,FullQubo,N10 Uncoarsened FullQubo,total_waiting_time,114.01042190218357
result_quantum_10customer.json,RC104,RC,RC1,N10,Uncoarsened,AveragePartitionSolver,N10 Uncoarsened AveragePartitionSolver,capacity_violations,0.0
result_quantum_10customer.json,RC104,RC,RC1,N10,Uncoarsened,AveragePartitionSolver,N10 Uncoarsened AveragePartitionSolver,computation_time,15.888981583993882
result_quantum_10customer.json,RC104,RC,RC1,N10,Uncoarsened,AveragePartitionSolver,N10 Uncoarsened AveragePartitionSolver,num_vehicles,4.0
result_quantum_10customer.json,RC104,RC,RC1,N10,Uncoarsened,AveragePartitionSolver,N10 Uncoarsened AveragePartitionSolver,time_window_violations,0.0
result_quantum_10customer.json,RC104,RC,RC1,N10,Uncoarsened,AveragePartitionSolver,N10 Uncoarsened AveragePartitionSolver,total_demand_served,220.0
result_quantum_10customer.json,RC104,RC,RC1,N10,Uncoarsened,AveragePartitionSolver,N10 Uncoarsened AveragePartitionSolver,total_distance,386.9922172610152
result_quantum_10customer.json,RC104,RC,RC1,N10,Uncoarsened,AveragePartitionSolver,N10 Uncoarsened AveragePartitionSolver,total_route_duration,588.5171322553417
result_quantum_10customer.json,RC104,RC,RC1,N10,Uncoarsened,AveragePartitionSolver,N10 Uncoarsened AveragePartitionSolver,total_service_time,100.0
result_quantum_10customer.json,RC104,RC,RC1,N10,Uncoarsened,AveragePartitionSolver,N10 Uncoarsened AveragePartitionSolver,total_waiting_time,101.52491499432662
result_quantum_10customer.json,RC104,RC,RC1,N10,Inflated,FullQubo,N10 Inflated FullQubo,capacity_violations,0.0
result_quantum_10customer.json,RC104,RC,RC1,N10,Inflated,FullQubo,N10 Inflated FullQubo,computation_time,2.008964625012595
result_quantum_10customer.json,RC104,RC,RC1,N10,Inflated,FullQubo,N10 Inflated FullQubo,num_vehicles,2.0
result_quantum_10customer.json,RC104,RC,RC1,N10,Inflated,FullQubo,N10 Inflated FullQubo,time_window_violations,0.0
result_quantum_10customer.json,RC104,RC,RC1,N10,Inflated,FullQubo,N10 Inflated FullQubo,total_demand_served,220.0
result_quantum_10customer.json,RC104,RC,RC1,N10,Inflated,FullQubo,N10 Inflated FullQubo,total_distance,176.41644282185
result_quantum_10customer.json,RC104,RC,RC1,N10,Inflated,FullQubo,N10 Inflated FullQubo,total_route_duration,363.61988519181637
result_quantum_10customer.json,RC104,RC,RC1,N10,Inflated,FullQubo,N10 Inflated FullQubo,total_service_time,100.0
result_quantum_10customer.json,RC104,RC,RC1,N10,Inflated,FullQubo,N10 Inflated FullQubo,total_waiting_time,87.2034423699664
result_quantum_10customer.json,RC104,RC,RC1,N10,Inflated,AveragePartitionSolver,N10 Inflated AveragePartitionSolver,capacity_violations,0.0
result_quantum_10customer.json,RC104,RC,RC1,N10,Inflated,AveragePartitionSolver,N10 Inflated AveragePartitionSolver,computation_time,2.0010384579654783
result_quantum_10customer.json,RC104,RC,RC1,N10,Inflated,AveragePartitionSolver,N10 Inflated AveragePartitionSolver,num_vehicles,2.0
result_quantum_10customer.json,RC104,RC,RC1,N10,Inflated,AveragePartitionSolver,N10 Inflated AveragePartitionSolver,time_window_violations,0.0
result_quantum_10customer.json,RC104,RC,RC1,N10,Inflated,AveragePartitionSolver,N10 Inflated AveragePartitionSolver,total_demand_served,220.0
result_quantum_10customer.json,RC104,RC,RC1,N10,Inflated,AveragePartitionSolver,N10 Inflated AveragePartitionSolver,total_distance,224.84153242050854
result_quantum_10customer.json,RC104,RC,RC1,N10,Inflated,AveragePartitionSolver,N10 Inflated AveragePartitionSolver,total_route_duration,396.03246486465207
result_quantum_10customer.json,RC104,RC,RC1,N10,Inflated,AveragePartitionSolver,N10 Inflated AveragePartitionSolver,total_service_time,100.0
result_quantum_10customer.json,RC104,RC,RC1,N10,Inflated,AveragePartitionSolver,N10 Inflated AveragePartitionSolver,total_waiting_time,71.19093244414353
result_quantum_10customer.json,RC105,RC,RC1,N10,Uncoarsened,FullQubo,N10 Uncoarsened FullQubo,capacity_violations,0.0
result_quantum_10customer.json,RC105,RC,RC1,N10,Uncoarsened,FullQubo,N10 Uncoarsened FullQubo,computation_time,15.905058665957768
result_quantum_10customer.json,RC105,RC,RC1,N10,Uncoarsened,FullQubo,N10 Uncoarsened FullQubo,num_vehicles,3.0
result_quantum_10customer.json,RC105,RC,RC1,N10,Uncoarsened,FullQubo,N10 Uncoarsened FullQubo,time_window_violations,0.0
result_quantum_10customer.json,RC105,RC,RC1,N10,Uncoarsened,FullQubo,N10 Uncoarsened FullQubo,total_demand_served,220.0
result_quantum_10customer.json,RC105,RC,RC1,N10,Uncoarsened,FullQubo,N10 Uncoarsened FullQubo,total_distance,282.5617528252928
result_quantum_10customer.json,RC105,RC,RC1,N10,Uncoarsened,FullQubo,N10 Uncoarsened FullQubo,total_route_duration,577.0319065179473
result_quantum_10customer.json,RC105,RC,RC1,N10,Uncoarsened,FullQubo,N10 Uncoarsened FullQubo,total_service_time,100.0
result_quantum_10customer.json,RC105,RC,RC1,N10,Uncoarsened,FullQubo,N10 Uncoarsened FullQubo,total_waiting_time,194.47015369265455
result_quantum_10customer.json,RC105,RC,RC1,N10,Uncoarsened,AveragePartitionSolver,N10 Uncoarsened AveragePartitionSolver,capacity_violations,0.0
result_quantum_10customer.json,RC105,RC,RC1,N10,Uncoarsened,AveragePartitionSolver,N10 Uncoarsened AveragePartitionSolver,computation_time,16.187878165976144
result_quantum_10customer.json,RC105,RC,RC1,N10,Uncoarsened,AveragePartitionSolver,N10 Uncoarsened AveragePartitionSolver,num_vehicles,2.0
result_quantum_10customer.json,RC105,RC,RC1,N10,Uncoarsened,AveragePartitionSolver,N10 Uncoarsened AveragePartitionSolver,time_window_violations,2.0
result_quantum_10customer.json,RC105,RC,RC1,N10,Uncoarsened,AveragePartitionSolver,N10 Uncoarsened AveragePartitionSolver,total_demand_served,220.0
result_quantum_10customer.json,RC105,RC,RC1,N10,Uncoarsened,AveragePartitionSolver,N10 Uncoarsened AveragePartitionSolver,total_distance,263.63608422905736
result_quantum_10customer.json,RC105,RC,RC1,N10,Uncoarsened,AveragePartitionSolver,N10 Uncoarsened AveragePartitionSolver,total_route_duration,466.7290145233957
result_quantum_10customer.json,RC105,RC,RC1,N10,Uncoarsened,AveragePartitionSolver,N10 Uncoarsened AveragePartitionSolver,total_service_time,100.0
result_quantum_10customer.json,RC105,RC,RC1,N10,Uncoarsened,AveragePartitionSolver,N10 Uncoarsened AveragePartitionSolver,total_waiting_time,103.09293029433833
result_quantum_10customer.json,RC105,RC,RC1,N10,Inflated,FullQubo,N10 Inflated FullQubo,capacity_violations,0.0
result_quantum_10customer.json,RC105,RC,RC1,N10,Inflated,FullQubo,N10 Inflated FullQubo,computation_time,1.6076539999921806
result_quantum_10customer.json,RC105,RC,RC1,N10,Inflated,FullQubo,N10 Inflated FullQubo,num_vehicles,2.0
result_quantum_10customer.json,RC105,RC,RC1,N10,Inflated,FullQubo,N10 Inflated FullQubo,time_window_violations,4.0
result_quantum_10customer.json,RC105,RC,RC1,N10,Inflated,FullQubo,N10 Inflated FullQubo,total_demand_served,220.0
result_quantum_10customer.json,RC105,RC,RC1,N10,Inflated,FullQubo,N10 Inflated FullQubo,total_distance,177.0439966852728
result_quantum_10customer.json,RC105,RC,RC1,N10,Inflated,FullQubo,N10 Inflated FullQubo,total_route_duration,413.4517286432427
result_quantum_10customer.json,RC105,RC,RC1,N10,Inflated,FullQubo,N10 Inflated FullQubo,total_service_time,100.0
result_quantum_10customer.json,RC105,RC,RC1,N10,Inflated,FullQubo,N10 Inflated FullQubo,total_waiting_time,136.4077319579699
result_quantum_10customer.json,RC105,RC,RC1,N10,Inflated,AveragePartitionSolver,N10 Inflated AveragePartitionSolver,capacity_violations,0.0
result_quantum_10customer.json,RC105,RC,RC1,N10,Inflated,AveragePartitionSolver,N10 Inflated AveragePartitionSolver,computation_time,1.601402375032194
result_quantum_10customer.json,RC105,RC,RC1,N10,Inflated,AveragePartitionSolver,N10 Inflated AveragePartitionSolver,num_vehicles,2.0
result_quantum_10customer.json,RC105,RC,RC1,N10,Inflated,AveragePartitionSolver,N10 Inflated AveragePartitionSolver,time_window_violations,2.0
result_quantum_10customer.json,RC105,RC,RC1,N10,Inflated,AveragePartitionSolver,N10 Inflated AveragePartitionSolver,total_demand_served,220.0
result_quantum_10customer.json,RC105,RC,RC1,N10,Inflated,AveragePartitionSolver,N10 Inflated AveragePartitionSolver,total_distance,171.9982401388955
result_quantum_10customer.json,RC105,RC,RC1,N10,Inflated,AveragePartitionSolver,N10 Inflated AveragePartitionSolver,total_route_duration,381.65137687489994
result_quantum_10customer.json,RC105,RC,RC1,N10,Inflated,AveragePartitionSolver,N10 Inflated AveragePartitionSolver,total_service_time,100.0
result_quantum_10customer.json,RC105,RC,RC1,N10,Inflated,AveragePartitionSolver,N10 Inflated AveragePartitionSolver,total_waiting_time,109.65313673600444
result_quantum_10customer.json,RC106,RC,RC1,N10,Uncoarsened,FullQubo,N10 Uncoarsened FullQubo,capacity_violations,0.0
result_quantum_10customer.json,RC106,RC,RC1,N10,Uncoarsened,FullQubo,N10 Uncoarsened FullQubo,computation_time,16.05500137497438
result_quantum_10customer.json,RC106,RC,RC1,N10,Uncoarsened,FullQubo,N10 Uncoarsened FullQubo,num_vehicles,3.0
result_quantum_10customer.json,RC106,RC,RC1,N10,Uncoarsened,FullQubo,N10 Uncoarsened FullQubo,time_window_violations,0.0
result_quantum_10customer.json,RC106,RC,RC1,N10,Uncoarsened,FullQubo,N10 Uncoarsened FullQubo,total_demand_served,220.0
result_quantum_10customer.json,RC106,RC,RC1,N10,Uncoarsened,FullQubo,N10 Uncoarsened FullQubo,total_distance,369.4334470714836
result_quantum_10customer.json,RC106,RC,RC1,N10,Uncoarsened,FullQubo,N10 Uncoarsened FullQubo,total_route_duration,569.0804620863532
result_quantum_10customer.json,RC106,RC,RC1,N10,Uncoarsened,FullQubo,N10 Uncoarsened FullQubo,total_service_time,100.0
result_quantum_10customer.json,RC106,RC,RC1,N10,Uncoarsened,FullQubo,N10 Uncoarsened FullQubo,total_waiting_time,99.6470150148697
result_quantum_10customer.json,RC106,RC,RC1,N10,Uncoarsened,AveragePartitionSolver,N10 Uncoarsened AveragePartitionSolver,capacity_violations,0.0
result_quantum_10customer.json,RC106,RC,RC1,N10,Uncoarsened,AveragePartitionSolver,N10 Uncoarsened AveragePartitionSolver,computation_time,16.60290845797863
result_quantum_10customer.json,RC106,RC,RC1,N10,Uncoarsened,AveragePartitionSolver,N10 Uncoarsened AveragePartitionSolver,num_vehicles,3.0
result_quantum_10customer.json,RC106,RC,RC1,N10,Uncoarsened,AveragePartitionSolver,N10 Uncoarsened AveragePartitionSolver,time_window_violations,0.0
result_quantum_10customer.json,RC106,RC,RC1,N10,Uncoarsened,AveragePartitionSolver,N10 Uncoarsened AveragePartitionSolver,total_demand_served,220.0
result_quantum_10customer.json,RC106,RC,RC1,N10,Uncoarsened,AveragePartitionSolver,N10 Uncoarsened AveragePartitionSolver,total_distance,247.93906917478427
result_quantum_10customer.json,RC106,RC,RC1,N10,Uncoarsened,AveragePartitionSolver,N10 Uncoarsened AveragePartitionSolver,total_route_duration,480.2809171692959
result_quantum_10customer.json,RC106,RC,RC1,N10,Uncoarsened,AveragePartitionSolver,N10 Uncoarsened AveragePartitionSolver,total_service_time,100.0
result_quantum_10customer.json,RC106,RC,RC1,N10,Uncoarsened,AveragePartitionSolver,N10 Uncoarsened AveragePartitionSolver,total_waiting_time,132.34184799451168
result_quantum_10customer.json,RC106,RC,RC1,N10,Inflated,FullQubo,N10 Inflated FullQubo,capacity_violations,0.0
result_quantum_10customer.json,RC106,RC,RC1,N10,Inflated,FullQubo,N10 Inflated FullQubo,computation_time,2.131459458032623
result_quantum_10customer.json,RC106,RC,RC1,N10,Inflated,FullQubo,N10 Inflated FullQubo,num_vehicles,2.0
result_quantum_10customer.json,RC106,RC,RC1,N10,Inflated,FullQubo,N10 Inflated FullQubo,time_window_violations,2.0
result_quantum_10customer.json,RC106,RC,RC1,N10,Inflated,FullQubo,N10 Inflated FullQubo,total_demand_served,220.0
result_quantum_10customer.json,RC106,RC,RC1,N10,Inflated,FullQubo,N10 Inflated FullQubo,total_distance,217.74744865530454
result_quantum_10customer.json,RC106,RC,RC1,N10,Inflated,FullQubo,N10 Inflated FullQubo,total_route_duration,416.7993644174678
result_quantum_10customer.json,RC106,RC,RC1,N10,Inflated,FullQubo,N10 Inflated FullQubo,total_service_time,100.0
result_quantum_10customer.json,RC106,RC,RC1,N10,Inflated,FullQubo,N10 Inflated FullQubo,total_waiting_time,99.05191576216323
result_quantum_10customer.json,RC106,RC,RC1,N10,Inflated,AveragePartitionSolver,N10 Inflated AveragePartitionSolver,capacity_violations,0.0
result_quantum_10customer.json,RC106,RC,RC1,N10,Inflated,AveragePartitionSolver,N10 Inflated AveragePartitionSolver,computation_time,2.120504125021398
result_quantum_10customer.json,RC106,RC,RC1,N10,Inflated,AveragePartitionSolver,N10 Inflated AveragePartitionSolver,num_vehicles,2.0
result_quantum_10customer.json,RC106,RC,RC1,N10,Inflated,AveragePartitionSolver,N10 Inflated AveragePartitionSolver,time_window_violations,2.0
result_quantum_10customer.json,RC106,RC,RC1,N10,Inflated,AveragePartitionSolver,N10 Inflated AveragePartitionSolver,total_demand_served,220.0
result_quantum_10customer.json,RC106,RC,RC1,N10,Inflated,AveragePartitionSolver,N10 Inflated AveragePartitionSolver,total_distance,222.78280809479918
result_quantum_10customer.json,RC106,RC,RC1,N10,Inflated,AveragePartitionSolver,N10 Inflated AveragePartitionSolver,total_route_duration,412.6049929359583
result_quantum_10customer.json,RC106,RC,RC1,N10,Inflated,AveragePartitionSolver,N10 Inflated AveragePartitionSolver,total_service_time,100.0
result_quantum_10customer.json,RC106,RC,RC1,N10,Inflated,AveragePartitionSolver,N10 Inflated AveragePartitionSolver,total_waiting_time,89.82218484115913
result_quantum_10customer.json,RC107,RC,RC1,N10,Uncoarsened,FullQubo,N10 Uncoarsened FullQubo,capacity_violations,0.0
result_quantum_10customer.json,RC107,RC,RC1,N10,Uncoarsened,FullQubo,N10 Uncoarsened FullQubo,computation_time,16.393391583987977
result_quantum_10customer.json,RC107,RC,RC1,N10,Uncoarsened,FullQubo,N10 Uncoarsened FullQubo,num_vehicles,4.0
result_quantum_10customer.json,RC107,RC,RC1,N10,Uncoarsened,FullQubo,N10 Uncoarsened FullQubo,time_window_violations,0.0
result_quantum_10customer.json,RC107,RC,RC1,N10,Uncoarsened,FullQubo,N10 Uncoarsened FullQubo,total_demand_served,220.0
result_quantum_10customer.json,RC107,RC,RC1,N10,Uncoarsened,FullQubo,N10 Uncoarsened FullQubo,total_distance,354.263498537929
result_quantum_10customer.json,RC107,RC,RC1,N10,Uncoarsened,FullQubo,N10 Uncoarsened FullQubo,total_route_duration,602.8187940991627
result_quantum_10customer.json,RC107,RC,RC1,N10,Uncoarsened,FullQubo,N10 Uncoarsened FullQubo,total_service_time,100.0
result_quantum_10customer.json,RC107,RC,RC1,N10,Uncoarsened,FullQubo,N10 Uncoarsened FullQubo,total_waiting_time,148.5552955612337
result_quantum_10customer.json,RC107,RC,RC1,N10,Uncoarsened,AveragePartitionSolver,N10 Uncoarsened AveragePartitionSolver,capacity_violations,0.0
result_quantum_10customer.json,RC107,RC,RC1,N10,Uncoarsened,AveragePartitionSolver,N10 Uncoarsened AveragePartitionSolver,computation_time,16.231279290979728
result_quantum_10customer.json,RC107,RC,RC1,N10,Uncoarsened,AveragePartitionSolver,N10 Uncoarsened AveragePartitionSolver,num_vehicles,4.0
result_quantum_10customer.json,RC107,RC,RC1,N10,Uncoarsened,AveragePartitionSolver,N10 Uncoarsened AveragePartitionSolver,time_window_violations,0.0
result_quantum_10customer.json,RC107,RC,RC1,N10,Uncoarsened,AveragePartitionSolver,N10 Uncoarsened AveragePartitionSolver,total_demand_served,220.0
result_quantum_10customer.json,RC107,RC,RC1,N10,Uncoarsened,AveragePartitionSolver,N10 Uncoarsened AveragePartitionSolver,total_distance,399.100198484173
result_quantum_10customer.json,RC107,RC,RC1,N10,Uncoarsened,AveragePartitionSolver,N10 Uncoarsened AveragePartitionSolver,total_route_duration,585.3961708548441
result_quantum_10customer.json,RC107,RC,RC1,N10,Uncoarsened,AveragePartitionSolver,N10 Uncoarsened AveragePartitionSolver,total_service_time,100.0
result_quantum_10customer.json,RC107,RC,RC1,N10,Uncoarsened,AveragePartitionSolver,N10 Uncoarsened AveragePartitionSolver,total_waiting_time,86.29597237067111
result_quantum_10customer.json,RC107,RC,RC1,N10,Inflated,FullQubo,N10 Inflated FullQubo,capacity_violations,0.0
result_quantum_10customer.json,RC107,RC,RC1,N10,Inflated,FullQubo,N10 Inflated FullQubo,computation_time,2.1187584169674665
result_quantum_10customer.json,RC107,RC,RC1,N10,Inflated,FullQubo,N10 Inflated FullQubo,num_vehicles,2.0
result_quantum_10customer.json,RC107,RC,RC1,N10,Inflated,FullQubo,N10 Inflated FullQubo,time_window_violations,2.0
result_quantum_10customer.json,RC107,RC,RC1,N10,Inflated,FullQubo,N10 Inflated FullQubo,total_demand_served,220.0
result_quantum_10customer.json,RC107,RC,RC1,N10,Inflated,FullQubo,N10 Inflated FullQubo,total_distance,227.14063470943535
result_quantum_10customer.json,RC107,RC,RC1,N10,Inflated,FullQubo,N10 Inflated FullQubo,total_route_duration,397.02350236644384
result_quantum_10customer.json,RC107,RC,RC1,N10,Inflated,FullQubo,N10 Inflated FullQubo,total_service_time,100.0
result_quantum_10customer.json,RC107,RC,RC1,N10,Inflated,FullQubo,N10 Inflated FullQubo,total_waiting_time,69.88286765700853
result_quantum_10customer.json,RC107,RC,RC1,N10,Inflated,AveragePartitionSolver,N10 Inflated AveragePartitionSolver,capacity_violations,0.0
result_quantum_10customer.json,RC107,RC,RC1,N10,Inflated,AveragePartitionSolver,N10 Inflated AveragePartitionSolver,computation_time,2.115442999987863
result_quantum_10customer.json,RC107,RC,RC1,N10,Inflated,AveragePartitionSolver,N10 Inflated AveragePartitionSolver,num_vehicles,2.0
result_quantum_10customer.json,RC107,RC,RC1,N10,Inflated,AveragePartitionSolver,N10 Inflated AveragePartitionSolver,time_window_violations,6.0
result_quantum_10customer.json,RC107,RC,RC1,N10,Inflated,AveragePartitionSolver,N10 Inflated AveragePartitionSolver,total_demand_served,220.0
result_quantum_10customer.json,RC107,RC,RC1,N10,Inflated,AveragePartitionSolver,N10 Inflated AveragePartitionSolver,total_distance,215.8176385827943
result_quantum_10customer.json,RC107,RC,RC1,N10,Inflated,AveragePartitionSolver,N10 Inflated AveragePartitionSolver,total_route_duration,416.9653301788047
result_quantum_10customer.json,RC107,RC,RC1,N10,Inflated,AveragePartitionSolver,N10 Inflated AveragePartitionSolver,total_service_time,100.0
result_quantum_10customer.json,RC107,RC,RC1,N10,Inflated,AveragePartitionSolver,N10 Inflated AveragePartitionSolver,total_waiting_time,101.14769159601042
result_quantum_10customer.json,RC108,RC,RC1,N10,Uncoarsened,FullQubo,N10 Uncoarsened FullQubo,capacity_violations,0.0
result_quantum_10customer.json,RC108,RC,RC1,N10,Uncoarsened,FullQubo,N10 Uncoarsened FullQubo,computation_time,16.380957458983175
result_quantum_10customer.json,RC108,RC,RC1,N10,Uncoarsened,FullQubo,N10 Uncoarsened FullQubo,num_vehicles,4.0
result_quantum_10customer.json,RC108,RC,RC1,N10,Uncoarsened,FullQubo,N10 Uncoarsened FullQubo,time_window_violations,0.0
result_quantum_10customer.json,RC108,RC,RC1,N10,Uncoarsened,FullQubo,N10 Uncoarsened FullQubo,total_demand_served,220.0
result_quantum_10customer.json,RC108,RC,RC1,N10,Uncoarsened,FullQubo,N10 Uncoarsened FullQubo,total_distance,393.3406969569877
result_quantum_10customer.json,RC108,RC,RC1,N10,Uncoarsened,FullQubo,N10 Uncoarsened FullQubo,total_route_duration,665.4642243251709
result_quantum_10customer.json,RC108,RC,RC1,N10,Uncoarsened,FullQubo,N10 Uncoarsened FullQubo,total_service_time,100.0
result_quantum_10customer.json,RC108,RC,RC1,N10,Uncoarsened,FullQubo,N10 Uncoarsened FullQubo,total_waiting_time,172.12352736818315
result_quantum_10customer.json,RC108,RC,RC1,N10,Uncoarsened,AveragePartitionSolver,N10 Uncoarsened AveragePartitionSolver,capacity_violations,0.0
result_quantum_10customer.json,RC108,RC,RC1,N10,Uncoarsened,AveragePartitionSolver,N10 Uncoarsened AveragePartitionSolver,computation_time,16.491975583019666
result_quantum_10customer.json,RC108,RC,RC1,N10,Uncoarsened,AveragePartitionSolver,N10 Uncoarsened AveragePartitionSolver,num_vehicles,4.0
result_quantum_10customer.json,RC108,RC,RC1,N10,Uncoarsened,AveragePartitionSolver,N10 Uncoarsened AveragePartitionSolver,time_window_violations,0.0
result_quantum_10customer.json,RC108,RC,RC1,N10,Uncoarsened,AveragePartitionSolver,N10 Uncoarsened AveragePartitionSolver,total_demand_served,220.0
result_quantum_10customer.json,RC108,RC,RC1,N10,Uncoarsened,AveragePartitionSolver,N10 Uncoarsened AveragePartitionSolver,total_distance,373.98719131638313
result_quantum_10customer.json,RC108,RC,RC1,N10,Uncoarsened,AveragePartitionSolver,N10 Uncoarsened AveragePartitionSolver,total_route_duration,571.2673168870483
result_quantum_10customer.json,RC108,RC,RC1,N10,Uncoarsened,AveragePartitionSolver,N10 Uncoarsened AveragePartitionSolver,total_service_time,100.0
result_quantum_10customer.json,RC108,RC,RC1,N10,Uncoarsened,AveragePartitionSolver,N10 Uncoarsened AveragePartitionSolver,total_waiting_time,97.28012557066512
result_quantum_10customer.json,RC108,RC,RC1,N10,Inflated,FullQubo,N10 Inflated FullQubo,capacity_violations,0.0
result_quantum_10customer.json,RC108,RC,RC1,N10,Inflated,FullQubo,N10 Inflated FullQubo,computation_time,2.03107591700973
result_quantum_10customer.json,RC108,RC,RC1,N10,Inflated,FullQubo,N10 Inflated FullQubo,num_vehicles,2.0
result_quantum_10customer.json,RC108,RC,RC1,N10,Inflated,FullQubo,N10 Inflated FullQubo,time_window_violations,0.0
result_quantum_10customer.json,RC108,RC,RC1,N10,Inflated,FullQubo,N10 Inflated FullQubo,total_demand_served,220.0
result_quantum_10customer.json,RC108,RC,RC1,N10,Inflated,FullQubo,N10 Inflated FullQubo,total_distance,206.45500272231692
result_quantum_10customer.json,RC108,RC,RC1,N10,Inflated,FullQubo,N10 Inflated FullQubo,total_route_duration,333.53259402584865
result_quantum_10customer.json,RC108,RC,RC1,N10,Inflated,FullQubo,N10 Inflated FullQubo,total_service_time,100.0
result_quantum_10customer.json,RC108,RC,RC1,N10,Inflated,FullQubo,N10 Inflated FullQubo,total_waiting_time,27.077591303531705
result_quantum_10customer.json,RC108,RC,RC1,N10,Inflated,AveragePartitionSolver,N10 Inflated AveragePartitionSolver,capacity_violations,0.0
result_quantum_10customer.json,RC108,RC,RC1,N10,Inflated,AveragePartitionSolver,N10 Inflated AveragePartitionSolver,computation_time,2.0333242919878103
result_quantum_10customer.json,RC108,RC,RC1,N10,Inflated,AveragePartitionSolver,N10 Inflated AveragePartitionSolver,num_vehicles,2.0
result_quantum_10customer.json,RC108,RC,RC1,N10,Inflated,AveragePartitionSolver,N10 Inflated AveragePartitionSolver,time_window_violations,0.0
result_quantum_10customer.json,RC108,RC,RC1,N10,Inflated,AveragePartitionSolver,N10 Inflated AveragePartitionSolver,total_demand_served,220.0
result_quantum_10customer.json,RC108,RC,RC1,N10,Inflated,AveragePartitionSolver,N10 Inflated AveragePartitionSolver,total_distance,178.01215658199294
result_quantum_10customer.json,RC108,RC,RC1,N10,Inflated,AveragePartitionSolver,N10 Inflated AveragePartitionSolver,total_route_duration,354.11579786016875
result_quantum_10customer.json,RC108,RC,RC1,N10,Inflated,AveragePartitionSolver,N10 Inflated AveragePartitionSolver,total_service_time,100.0
result_quantum_10customer.json,RC108,RC,RC1,N10,Inflated,AveragePartitionSolver,N10 Inflated AveragePartitionSolver,total_waiting_time,76.10364127817579
result_quantum_10customer.json,RC201,RC,RC2,N10,Uncoarsened,FullQubo,N10 Uncoarsened FullQubo,capacity_violations,0.0
result_quantum_10customer.json,RC201,RC,RC2,N10,Uncoarsened,FullQubo,N10 Uncoarsened FullQubo,computation_time,19.512206125014927
result_quantum_10customer.json,RC201,RC,RC2,N10,Uncoarsened,FullQubo,N10 Uncoarsened FullQubo,num_vehicles,2.0
result_quantum_10customer.json,RC201,RC,RC2,N10,Uncoarsened,FullQubo,N10 Uncoarsened FullQubo,time_window_violations,0.0
result_quantum_10customer.json,RC201,RC,RC2,N10,Uncoarsened,FullQubo,N10 Uncoarsened FullQubo,total_demand_served,220.0
result_quantum_10customer.json,RC201,RC,RC2,N10,Uncoarsened,FullQubo,N10 Uncoarsened FullQubo,total_distance,237.5698911208937
result_quantum_10customer.json,RC201,RC,RC2,N10,Uncoarsened,FullQubo,N10 Uncoarsened FullQubo,total_route_duration,1281.7016421310032
result_quantum_10customer.json,RC201,RC,RC2,N10,Uncoarsened,FullQubo,N10 Uncoarsened FullQubo,total_service_time,100.0
result_quantum_10customer.json,RC201,RC,RC2,N10,Uncoarsened,FullQubo,N10 Uncoarsened FullQubo,total_waiting_time,944.1317510101096
result_quantum_10customer.json,RC201,RC,RC2,N10,Uncoarsened,AveragePartitionSolver,N10 Uncoarsened AveragePartitionSolver,capacity_violations,0.0
result_quantum_10customer.json,RC201,RC,RC2,N10,Uncoarsened,AveragePartitionSolver,N10 Uncoarsened AveragePartitionSolver,computation_time,19.190636374987662
result_quantum_10customer.json,RC201,RC,RC2,N10,Uncoarsened,AveragePartitionSolver,N10 Uncoarsened AveragePartitionSolver,num_vehicles,2.0
result_quantum_10customer.json,RC201,RC,RC2,N10,Uncoarsened,AveragePartitionSolver,N10 Uncoarsened AveragePartitionSolver,time_window_violations,0.0
result_quantum_10customer.json,RC201,RC,RC2,N10,Uncoarsened,AveragePartitionSolver,N10 Uncoarsened AveragePartitionSolver,total_demand_served,220.0
result_quantum_10customer.json,RC201,RC,RC2,N10,Uncoarsened,AveragePartitionSolver,N10 Uncoarsened AveragePartitionSolver,total_distance,362.7777534275272
result_quantum_10customer.json,RC201,RC,RC2,N10,Uncoarsened,AveragePartitionSolver,N10 Uncoarsened AveragePartitionSolver,total_route_duration,1411.1343782839594
result_quantum_10customer.json,RC201,RC,RC2,N10,Uncoarsened,AveragePartitionSolver,N10 Uncoarsened AveragePartitionSolver,total_service_time,100.0
result_quantum_10customer.json,RC201,RC,RC2,N10,Uncoarsened,AveragePartitionSolver,N10 Uncoarsened AveragePartitionSolver,total_waiting_time,948.3566248564321
result_quantum_10customer.json,RC201,RC,RC2,N10,Inflated,FullQubo,N10 Inflated FullQubo,capacity_violations,0.0
result_quantum_10customer.json,RC201,RC,RC2,N10,Inflated,FullQubo,N10 Inflated FullQubo,computation_time,9.023635207966436
result_quantum_10customer.json,RC201,RC,RC2,N10,Inflated,FullQubo,N10 Inflated FullQubo,num_vehicles,3.0
result_quantum_10customer.json,RC201,RC,RC2,N10,Inflated,FullQubo,N10 Inflated FullQubo,time_window_violations,0.0
result_quantum_10customer.json,RC201,RC,RC2,N10,Inflated,FullQubo,N10 Inflated FullQubo,total_demand_served,220.0
result_quantum_10customer.json,RC201,RC,RC2,N10,Inflated,FullQubo,N10 Inflated FullQubo,total_distance,411.40292639431027
result_quantum_10customer.json,RC201,RC,RC2,N10,Inflated,FullQubo,N10 Inflated FullQubo,total_route_duration,1345.1863607415116
result_quantum_10customer.json,RC201,RC,RC2,N10,Inflated,FullQubo,N10 Inflated FullQubo,total_service_time,100.0
result_quantum_10customer.json,RC201,RC,RC2,N10,Inflated,FullQubo,N10 Inflated FullQubo,total_waiting_time,833.7834343472014
result_quantum_10customer.json,RC201,RC,RC2,N10,Inflated,AveragePartitionSolver,N10 Inflated AveragePartitionSolver,capacity_violations,0.0
result_quantum_10customer.json,RC201,RC,RC2,N10,Inflated,AveragePartitionSolver,N10 Inflated AveragePartitionSolver,computation_time,9.053509000048507
result_quantum_10customer.json,RC201,RC,RC2,N10,Inflated,AveragePartitionSolver,N10 Inflated AveragePartitionSolver,num_vehicles,2.0
result_quantum_10customer.json,RC201,RC,RC2,N10,Inflated,AveragePartitionSolver,N10 Inflated AveragePartitionSolver,time_window_violations,0.0
result_quantum_10customer.json,RC201,RC,RC2,N10,Inflated,AveragePartitionSolver,N10 Inflated AveragePartitionSolver,total_demand_served,220.0
result_quantum_10customer.json,RC201,RC,RC2,N10,Inflated,AveragePartitionSolver,N10 Inflated AveragePartitionSolver,total_distance,190.31639409057132
result_quantum_10customer.json,RC201,RC,RC2,N10,Inflated,AveragePartitionSolver,N10 Inflated AveragePartitionSolver,total_route_duration,1281.7016421310032
result_quantum_10customer.json,RC201,RC,RC2,N10,Inflated,AveragePartitionSolver,N10 Inflated AveragePartitionSolver,total_service_time,100.0
result_quantum_10customer.json,RC201,RC,RC2,N10,Inflated,AveragePartitionSolver,N10 Inflated AveragePartitionSolver,total_waiting_time,991.3852480404319
result_quantum_10customer.json,RC202,RC,RC2,N10,Uncoarsened,FullQubo,N10 Uncoarsened FullQubo,capacity_violations,0.0
result_quantum_10customer.json,RC202,RC,RC2,N10,Uncoarsened,FullQubo,N10 Uncoarsened FullQubo,computation_time,18.76902849995531
result_quantum_10customer.json,RC202,RC,RC2,N10,Uncoarsened,FullQubo,N10 Uncoarsened FullQubo,num_vehicles,2.0
result_quantum_10customer.json,RC202,RC,RC2,N10,Uncoarsened,FullQubo,N10 Uncoarsened FullQubo,time_window_violations,0.0
result_quantum_10customer.json,RC202,RC,RC2,N10,Uncoarsened,FullQubo,N10 Uncoarsened FullQubo,total_demand_served,220.0
result_quantum_10customer.json,RC202,RC,RC2,N10,Uncoarsened,FullQubo,N10 Uncoarsened FullQubo,total_distance,313.1557282858025
result_quantum_10customer.json,RC202,RC,RC2,N10,Uncoarsened,FullQubo,N10 Uncoarsened FullQubo,total_route_duration,1331.8009663986584
result_quantum_10customer.json,RC202,RC,RC2,N10,Uncoarsened,FullQubo,N10 Uncoarsened FullQubo,total_service_time,100.0
result_quantum_10customer.json,RC202,RC,RC2,N10,Uncoarsened,FullQubo,N10 Uncoarsened FullQubo,total_waiting_time,918.6452381128558
result_quantum_10customer.json,RC202,RC,RC2,N10,Uncoarsened,AveragePartitionSolver,N10 Uncoarsened AveragePartitionSolver,capacity_violations,0.0
result_quantum_10customer.json,RC202,RC,RC2,N10,Uncoarsened,AveragePartitionSolver,N10 Uncoarsened AveragePartitionSolver,computation_time,18.96391270798631
result_quantum_10customer.json,RC202,RC,RC2,N10,Uncoarsened,AveragePartitionSolver,N10 Uncoarsened AveragePartitionSolver,num_vehicles,2.0
result_quantum_10customer.json,RC202,RC,RC2,N10,Uncoarsened,AveragePartitionSolver,N10 Uncoarsened AveragePartitionSolver,time_window_violations,0.0
result_quantum_10customer.json,RC202,RC,RC2,N10,Uncoarsened,AveragePartitionSolver,N10 Uncoarsened AveragePartitionSolver,total_demand_served,220.0
result_quantum_10customer.json,RC202,RC,RC2,N10,Uncoarsened,AveragePartitionSolver,N10 Uncoarsened AveragePartitionSolver,total_distance,334.1412841853928
result_quantum_10customer.json,RC202,RC,RC2,N10,Uncoarsened,AveragePartitionSolver,N10 Uncoarsened AveragePartitionSolver,total_route_duration,812.1326563862557
result_quantum_10customer.json,RC202,RC,RC2,N10,Uncoarsened,AveragePartitionSolver,N10 Uncoarsened AveragePartitionSolver,total_service_time,100.0
result_quantum_10customer.json,RC202,RC,RC2,N10,Uncoarsened,AveragePartitionSolver,N10 Uncoarsened AveragePartitionSolver,total_waiting_time,377.99137220086277
result_quantum_10customer.json,RC202,RC,RC2,N10,Inflated,FullQubo,N10 Inflated FullQubo,capacity_violations,0.0
result_quantum_10customer.json,RC202,RC,RC2,N10,Inflated,FullQubo,N10 Inflated FullQubo,computation_time,2.4767334579955786
result_quantum_10customer.json,RC202,RC,RC2,N10,Inflated,FullQubo,N10 Inflated FullQubo,num_vehicles,2.0
result_quantum_10customer.json,RC202,RC,RC2,N10,Inflated,FullQubo,N10 Inflated FullQubo,time_window_violations,0.0
result_quantum_10customer.json,RC202,RC,RC2,N10,Inflated,FullQubo,N10 Inflated FullQubo,total_demand_served,220.0
result_quantum_10customer.json,RC202,RC,RC2,N10,Inflated,FullQubo,N10 Inflated FullQubo,total_distance,216.21907004508773
result_quantum_10customer.json,RC202,RC,RC2,N10,Inflated,FullQubo,N10 Inflated FullQubo,total_route_duration,1250.6782893563236
result_quantum_10customer.json,RC202,RC,RC2,N10,Inflated,FullQubo,N10 Inflated FullQubo,total_service_time,100.0
result_quantum_10customer.json,RC202,RC,RC2,N10,Inflated,FullQubo,N10 Inflated FullQubo,total_waiting_time,934.4592193112359
result_quantum_10customer.json,RC202,RC,RC2,N10,Inflated,AveragePartitionSolver,N10 Inflated AveragePartitionSolver,capacity_violations,0.0
result_quantum_10customer.json,RC202,RC,RC2,N10,Inflated,AveragePartitionSolver,N10 Inflated AveragePartitionSolver,computation_time,2.4640432500164025
result_quantum_10customer.json,RC202,RC,RC2,N10,Inflated,AveragePartitionSolver,N10 Inflated AveragePartitionSolver,num_vehicles,2.0
result_quantum_10customer.json,RC202,RC,RC2,N10,Inflated,AveragePartitionSolver,N10 Inflated AveragePartitionSolver,time_window_violations,0.0
result_quantum_10customer.json,RC202,RC,RC2,N10,Inflated,AveragePartitionSolver,N10 Inflated AveragePartitionSolver,total_demand_served,220.0
result_quantum_10customer.json,RC202,RC,RC2,N10,Inflated,AveragePartitionSolver,N10 Inflated AveragePartitionSolver,total_distance,256.8351474170346
result_quantum_10customer.json,RC202,RC,RC2,N10,Inflated,AveragePartitionSolver,N10 Inflated AveragePartitionSolver,total_route_duration,1255.4402948966774
result_quantum_10customer.json,RC202,RC,RC2,N10,Inflated,AveragePartitionSolver,N10 Inflated AveragePartitionSolver,total_service_time,100.0
result_quantum_10customer.json,RC202,RC,RC2,N10,Inflated,AveragePartitionSolver,N10 Inflated AveragePartitionSolver,total_waiting_time,898.6051474796427
result_quantum_10customer.json,RC203,RC,RC2,N10,Uncoarsened,FullQubo,N10 Uncoarsened FullQubo,capacity_violations,0.0
result_quantum_10customer.json,RC203,RC,RC2,N10,Uncoarsened,FullQubo,N10 Uncoarsened FullQubo,computation_time,19.17354195797816
result_quantum_10customer.json,RC203,RC,RC2,N10,Uncoarsened,FullQubo,N10 Uncoarsened FullQubo,num_vehicles,3.0
result_quantum_10customer.json,RC203,RC,RC2,N10,Uncoarsened,FullQubo,N10 Uncoarsened FullQubo,time_window_violations,0.0
result_quantum_10customer.json,RC203,RC,RC2,N10,Uncoarsened,FullQubo,N10 Uncoarsened FullQubo,total_demand_served,220.0
result_quantum_10customer.json,RC203,RC,RC2,N10,Uncoarsened,FullQubo,N10 Uncoarsened FullQubo,total_distance,388.308432076232
result_quantum_10customer.json,RC203,RC,RC2,N10,Uncoarsened,FullQubo,N10 Uncoarsened FullQubo,total_route_duration,1339.3929639729413
result_quantum_10customer.json,RC203,RC,RC2,N10,Uncoarsened,FullQubo,N10 Uncoarsened FullQubo,total_service_time,100.0
result_quantum_10customer.json,RC203,RC,RC2,N10,Uncoarsened,FullQubo,N10 Uncoarsened FullQubo,total_waiting_time,851.0845318967093
result_quantum_10customer.json,RC203,RC,RC2,N10,Uncoarsened,AveragePartitionSolver,N10 Uncoarsened AveragePartitionSolver,capacity_violations,0.0
result_quantum_10customer.json,RC203,RC,RC2,N10,Uncoarsened,AveragePartitionSolver,N10 Uncoarsened AveragePartitionSolver,computation_time,18.81219758297084
result_quantum_10customer.json,RC203,RC,RC2,N10,Uncoarsened,AveragePartitionSolver,N10 Uncoarsened AveragePartitionSolver,num_vehicles,3.0
result_quantum_10customer.json,RC203,RC,RC2,N10,Uncoarsened,AveragePartitionSolver,N10 Uncoarsened AveragePartitionSolver,time_window_violations,0.0
result_quantum_10customer.json,RC203,RC,RC2,N10,Uncoarsened,AveragePartitionSolver,N10 Uncoarsened AveragePartitionSolver,total_demand_served,220.0
result_quantum_10customer.json,RC203,RC,RC2,N10,Uncoarsened,AveragePartitionSolver,N10 Uncoarsened AveragePartitionSolver,total_distance,387.6495785980984
result_quantum_10customer.json,RC203,RC,RC2,N10,Uncoarsened,AveragePartitionSolver,N10 Uncoarsened AveragePartitionSolver,total_route_duration,1232.281769104396
result_quantum_10customer.json,RC203,RC,RC2,N10,Uncoarsened,AveragePartitionSolver,N10 Uncoarsened AveragePartitionSolver,total_service_time,100.0
result_quantum_10customer.json,RC203,RC,RC2,N10,Uncoarsened,AveragePartitionSolver,N10 Uncoarsened AveragePartitionSolver,total_waiting_time,744.6321905062974
result_quantum_10customer.json,RC203,RC,RC2,N10,Inflated,FullQubo,N10 Inflated FullQubo,capacity_violations,0.0
result_quantum_10customer.json,RC203,RC,RC2,N10,Inflated,FullQubo,N10 Inflated FullQubo,computation_time,2.4708307500113733
result_quantum_10customer.json,RC203,RC,RC2,N10,Inflated,FullQubo,N10 Inflated FullQubo,num_vehicles,2.0
result_quantum_10customer.json,RC203,RC,RC2,N10,Inflated,FullQubo,N10 Inflated FullQubo,time_window_violations,0.0
result_quantum_10customer.json,RC203,RC,RC2,N10,Inflated,FullQubo,N10 Inflated FullQubo,total_demand_served,220.0
result_quantum_10customer.json,RC203,RC,RC2,N10,Inflated,FullQubo,N10 Inflated FullQubo,total_distance,261.8830125399
result_quantum_10customer.json,RC203,RC,RC2,N10,Inflated,FullQubo,N10 Inflated FullQubo,total_route_duration,1104.5965324171368
result_quantum_10customer.json,RC203,RC,RC2,N10,Inflated,FullQubo,N10 Inflated FullQubo,total_service_time,100.0
result_quantum_10customer.json,RC203,RC,RC2,N10,Inflated,FullQubo,N10 Inflated FullQubo,total_waiting_time,742.7135198772366
result_quantum_10customer.json,RC203,RC,RC2,N10,Inflated,AveragePartitionSolver,N10 Inflated AveragePartitionSolver,capacity_violations,0.0
result_quantum_10customer.json,RC203,RC,RC2,N10,Inflated,AveragePartitionSolver,N10 Inflated AveragePartitionSolver,computation_time,2.4585377080366015
result_quantum_10customer.json,RC203,RC,RC2,N10,Inflated,AveragePartitionSolver,N10 Inflated AveragePartitionSolver,num_vehicles,2.0
result_quantum_10customer.json,RC203,RC,RC2,N10,Inflated,AveragePartitionSolver,N10 Inflated AveragePartitionSolver,time_window_violations,0.0
result_quantum_10customer.json,RC203,RC,RC2,N10,Inflated,AveragePartitionSolver,N10 Inflated AveragePartitionSolver,total_demand_served,220.0
result_quantum_10customer.json,RC203,RC,RC2,N10,Inflated,AveragePartitionSolver,N10 Inflated AveragePartitionSolver,total_distance,264.8314355093748
result_quantum_10customer.json,RC203,RC,RC2,N10,Inflated,AveragePartitionSolver,N10 Inflated AveragePartitionSolver,total_route_duration,1252.3104932860351
result_quantum_10customer.json,RC203,RC,RC2,N10,Inflated,AveragePartitionSolver,N10 Inflated AveragePartitionSolver,total_service_time,100.0
result_quantum_10customer.json,RC203,RC,RC2,N10,Inflated,AveragePartitionSolver,N10 Inflated AveragePartitionSolver,total_waiting_time,887.47905777666
result_quantum_10customer.json,RC204,RC,RC2,N10,Uncoarsened,FullQubo,N10 Uncoarsened FullQubo,capacity_violations,0.0
result_quantum_10customer.json,RC204,RC,RC2,N10,Uncoarsened,FullQubo,N10 Uncoarsened FullQubo,computation_time,19.30108633398777
result_quantum_10customer.json,RC204,RC,RC2,N10,Uncoarsened,FullQubo,N10 Uncoarsened FullQubo,num_vehicles,2.0
result_quantum_10customer.json,RC204,RC,RC2,N10,Uncoarsened,FullQubo,N10 Uncoarsened FullQubo,time_window_violations,0.0
result_quantum_10customer.json,RC204,RC,RC2,N10,Uncoarsened,FullQubo,N10 Uncoarsened FullQubo,total_demand_served,220.0
result_quantum_10customer.json,RC204,RC,RC2,N10,Uncoarsened,FullQubo,N10 Uncoarsened FullQubo,total_distance,331.08516218410165
result_quantum_10customer.json,RC204,RC,RC2,N10,Uncoarsened,FullQubo,N10 Uncoarsened FullQubo,total_route_duration,1118.7380647973612
result_quantum_10customer.json,RC204,RC,RC2,N10,Uncoarsened,FullQubo,N10 Uncoarsened FullQubo,total_service_time,100.0
result_quantum_10customer.json,RC204,RC,RC2,N10,Uncoarsened,FullQubo,N10 Uncoarsened FullQubo,total_waiting_time,687.6529026132596
result_quantum_10customer.json,RC204,RC,RC2,N10,Uncoarsened,AveragePartitionSolver,N10 Uncoarsened AveragePartitionSolver,capacity_violations,0.0
result_quantum_10customer.json,RC204,RC,RC2,N10,Uncoarsened,AveragePartitionSolver,N10 Uncoarsened AveragePartitionSolver,computation_time,19.294355167017784
result_quantum_10customer.json,RC204,RC,RC2,N10,Uncoarsened,AveragePartitionSolver,N10 Uncoarsened AveragePartitionSolver,num_vehicles,3.0
result_quantum_10customer.json,RC204,RC,RC2,N10,Uncoarsened,AveragePartitionSolver,N10 Uncoarsened AveragePartitionSolver,time_window_violations,0.0
result_quantum_10customer.json,RC204,RC,RC2,N10,Uncoarsened,AveragePartitionSolver,N10 Uncoarsened AveragePartitionSolver,total_demand_served,220.0
result_quantum_10customer.json,RC204,RC,RC2,N10,Uncoarsened,AveragePartitionSolver,N10 Uncoarsened AveragePartitionSolver,total_distance,243.54321811521862
result_quantum_10customer.json,RC204,RC,RC2,N10,Uncoarsened,AveragePartitionSolver,N10 Uncoarsened AveragePartitionSolver,total_route_duration,1209.4830264144916
result_quantum_10customer.json,RC204,RC,RC2,N10,Uncoarsened,AveragePartitionSolver,N10 Uncoarsened AveragePartitionSolver,total_service_time,100.0
result_quantum_10customer.json,RC204,RC,RC2,N10,Uncoarsened,AveragePartitionSolver,N10 Uncoarsened AveragePartitionSolver,total_waiting_time,865.9398082992731
result_quantum_10customer.json,RC204,RC,RC2,N10,Inflated,FullQubo,N10 Inflated FullQubo,capacity_violations,0.0
result_quantum_10customer.json,RC204,RC,RC2,N10,Inflated,FullQubo,N10 Inflated FullQubo,computation_time,2.3799224590184167
result_quantum_10customer.json,RC204,RC,RC2,N10,Inflated,FullQubo,N10 Inflated FullQubo,num_vehicles,2.0
result_quantum_10customer.json,RC204,RC,RC2,N10,Inflated,FullQubo,N10 Inflated FullQubo,time_window_violations,0.0
result_quantum_10customer.json,RC204,RC,RC2,N10,Inflated,FullQubo,N10 Inflated FullQubo,total_demand_served,220.0
result_quantum_10customer.json,RC204,RC,RC2,N10,Inflated,FullQubo,N10 Inflated FullQubo,total_distance,205.79253028944777
result_quantum_10customer.json,RC204,RC,RC2,N10,Inflated,FullQubo,N10 Inflated FullQubo,total_route_duration,1251.195997872311
result_quantum_10customer.json,RC204,RC,RC2,N10,Inflated,FullQubo,N10 Inflated FullQubo,total_service_time,100.0
result_quantum_10customer.json,RC204,RC,RC2,N10,Inflated,FullQubo,N10 Inflated FullQubo,total_waiting_time,945.4034675828632
result_quantum_10customer.json,RC204,RC,RC2,N10,Inflated,AveragePartitionSolver,N10 Inflated AveragePartitionSolver,capacity_violations,0.0
result_quantum_10customer.json,RC204,RC,RC2,N10,Inflated,AveragePartitionSolver,N10 Inflated AveragePartitionSolver,computation_time,2.3822293750126846
result_quantum_10customer.json,RC204,RC,RC2,N10,Inflated,AveragePartitionSolver,N10 Inflated AveragePartitionSolver,num_vehicles,2.0
result_quantum_10customer.json,RC204,RC,RC2,N10,Inflated,AveragePartitionSolver,N10 Inflated AveragePartitionSolver,time_window_violations,0.0
result_quantum_10customer.json,RC204,RC,RC2,N10,Inflated,AveragePartitionSolver,N10 Inflated AveragePartitionSolver,total_demand_served,220.0
result_quantum_10customer.json,RC204,RC,RC2,N10,Inflated,AveragePartitionSolver,N10 Inflated AveragePartitionSolver,total_distance,220.1557416093517
result_quantum_10customer.json,RC204,RC,RC2,N10,Inflated,AveragePartitionSolver,N10 Inflated AveragePartitionSolver,total_route_duration,1192.332417311145
result_quantum_10customer.json,RC204,RC,RC2,N10,Inflated,AveragePartitionSolver,N10 Inflated AveragePartitionSolver,total_service_time,100.0
result_quantum_10customer.json,RC204,RC,RC2,N10,Inflated,AveragePartitionSolver,N10 Inflated AveragePartitionSolver,total_waiting_time,872.1766757017933
result_quantum_10customer.json,RC205,RC,RC2,N10,Uncoarsened,FullQubo,N10 Uncoarsened FullQubo,capacity_violations,0.0
result_quantum_10customer.json,RC205,RC,RC2,N10,Uncoarsened,FullQubo,N10 Uncoarsened FullQubo,computation_time,19.253834417031612
result_quantum_10customer.json,RC205,RC,RC2,N10,Uncoarsened,FullQubo,N10 Uncoarsened FullQubo,num_vehicles,3.0
result_quantum_10customer.json,RC205,RC,RC2,N10,Uncoarsened,FullQubo,N10 Uncoarsened FullQubo,time_window_violations,0.0
result_quantum_10customer.json,RC205,RC,RC2,N10,Uncoarsened,FullQubo,N10 Uncoarsened FullQubo,total_demand_served,220.0
result_quantum_10customer.json,RC205,RC,RC2,N10,Uncoarsened,FullQubo,N10 Uncoarsened FullQubo,total_distance,338.00396013708433
result_quantum_10customer.json,RC205,RC,RC2,N10,Uncoarsened,FullQubo,N10 Uncoarsened FullQubo,total_route_duration,1256.626862532989
result_quantum_10customer.json,RC205,RC,RC2,N10,Uncoarsened,FullQubo,N10 Uncoarsened FullQubo,total_service_time,100.0
result_quantum_10customer.json,RC205,RC,RC2,N10,Uncoarsened,FullQubo,N10 Uncoarsened FullQubo,total_waiting_time,818.6229023959045
result_quantum_10customer.json,RC205,RC,RC2,N10,Uncoarsened,AveragePartitionSolver,N10 Uncoarsened AveragePartitionSolver,capacity_violations,0.0
result_quantum_10customer.json,RC205,RC,RC2,N10,Uncoarsened,AveragePartitionSolver,N10 Uncoarsened AveragePartitionSolver,computation_time,19.110715374990832
result_quantum_10customer.json,RC205,RC,RC2,N10,Uncoarsened,AveragePartitionSolver,N10 Uncoarsened AveragePartitionSolver,num_vehicles,3.0
result_quantum_10customer.json,RC205,RC,RC2,N10,Uncoarsened,AveragePartitionSolver,N10 Uncoarsened AveragePartitionSolver,time_window_violations,0.0
result_quantum_10customer.json,RC205,RC,RC2,N10,Uncoarsened,AveragePartitionSolver,N10 Uncoarsened AveragePartitionSolver,total_demand_served,220.0
result_quantum_10customer.json,RC205,RC,RC2,N10,Uncoarsened,AveragePartitionSolver,N10 Uncoarsened AveragePartitionSolver,total_distance,416.7012826667537
result_quantum_10customer.json,RC205,RC,RC2,N10,Uncoarsened,AveragePartitionSolver,N10 Uncoarsened AveragePartitionSolver,total_route_duration,1364.4897173432869
result_quantum_10customer.json,RC205,RC,RC2,N10,Uncoarsened,AveragePartitionSolver,N10 Uncoarsened AveragePartitionSolver,total_service_time,100.0
result_quantum_10customer.json,RC205,RC,RC2,N10,Uncoarsened,AveragePartitionSolver,N10 Uncoarsened AveragePartitionSolver,total_waiting_time,847.7884346765329
result_quantum_10customer.json,RC205,RC,RC2,N10,Inflated,FullQubo,N10 Inflated FullQubo,capacity_violations,0.0
result_quantum_10customer.json,RC205,RC,RC2,N10,Inflated,FullQubo,N10 Inflated FullQubo,computation_time,2.435405209020246
result_quantum_10customer.json,RC205,RC,RC2,N10,Inflated,FullQubo,N10 Inflated FullQubo,num_vehicles,1.0
result_quantum_10customer.json,RC205,RC,RC2,N10,Inflated,FullQubo,N10 Inflated FullQubo,time_window_violations,1.0
result_quantum_10customer.json,RC205,RC,RC2,N10,Inflated,FullQubo,N10 Inflated FullQubo,total_demand_served,220.0
result_quantum_10customer.json,RC205,RC,RC2,N10,Inflated,FullQubo,N10 Inflated FullQubo,total_distance,205.2665155863087
result_quantum_10customer.json,RC205,RC,RC2,N10,Inflated,FullQubo,N10 Inflated FullQubo,total_route_duration,720.05551275464
result_quantum_10customer.json,RC205,RC,RC2,N10,Inflated,FullQubo,N10 Inflated FullQubo,total_service_time,100.0
result_quantum_10customer.json,RC205,RC,RC2,N10,Inflated,FullQubo,N10 Inflated FullQubo,total_waiting_time,414.78899716833115
result_quantum_10customer.json,RC205,RC,RC2,N10,Inflated,AveragePartitionSolver,N10 Inflated AveragePartitionSolver,capacity_violations,0.0
result_quantum_10customer.json,RC205,RC,RC2,N10,Inflated,AveragePartitionSolver,N10 Inflated AveragePartitionSolver,computation_time,2.440279125003144
result_quantum_10customer.json,RC205,RC,RC2,N10,Inflated,AveragePartitionSolver,N10 Inflated AveragePartitionSolver,num_vehicles,2.0
result_quantum_10customer.json,RC205,RC,RC2,N10,Inflated,AveragePartitionSolver,N10 Inflated AveragePartitionSolver,time_window_violations,0.0
result_quantum_10customer.json,RC205,RC,RC2,N10,Inflated,AveragePartitionSolver,N10 Inflated AveragePartitionSolver,total_demand_served,220.0
result_quantum_10customer.json,RC205,RC,RC2,N10,Inflated,AveragePartitionSolver,N10 Inflated AveragePartitionSolver,total_distance,265.3081695258066
result_quantum_10customer.json,RC205,RC,RC2,N10,Inflated,AveragePartitionSolver,N10 Inflated AveragePartitionSolver,total_route_duration,1296.6782893563236
result_quantum_10customer.json,RC205,RC,RC2,N10,Inflated,AveragePartitionSolver,N10 Inflated AveragePartitionSolver,total_service_time,100.0
result_quantum_10customer.json,RC205,RC,RC2,N10,Inflated,AveragePartitionSolver,N10 Inflated AveragePartitionSolver,total_waiting_time,931.3701198305171
result_quantum_10customer.json,RC206,RC,RC2,N10,Uncoarsened,FullQubo,N10 Uncoarsened FullQubo,capacity_violations,0.0
result_quantum_10customer.json,RC206,RC,RC2,N10,Uncoarsened,FullQubo,N10 Uncoarsened FullQubo,computation_time,18.821254375041462
result_quantum_10customer.json,RC206,RC,RC2,N10,Uncoarsened,FullQubo,N10 Uncoarsened FullQubo,num_vehicles,2.0
result_quantum_10customer.json,RC206,RC,RC2,N10,Uncoarsened,FullQubo,N10 Uncoarsened FullQubo,time_window_violations,0.0
result_quantum_10customer.json,RC206,RC,RC2,N10,Uncoarsened,FullQubo,N10 Uncoarsened FullQubo,total_demand_served,220.0
result_quantum_10customer.json,RC206,RC,RC2,N10,Uncoarsened,FullQubo,N10 Uncoarsened FullQubo,total_distance,314.3004194342746
result_quantum_10customer.json,RC206,RC,RC2,N10,Uncoarsened,FullQubo,N10 Uncoarsened FullQubo,total_route_duration,1360.7994436196527
result_quantum_10customer.json,RC206,RC,RC2,N10,Uncoarsened,FullQubo,N10 Uncoarsened FullQubo,total_service_time,100.0
result_quantum_10customer.json,RC206,RC,RC2,N10,Uncoarsened,FullQubo,N10 Uncoarsened FullQubo,total_waiting_time,946.4990241853782
result_quantum_10customer.json,RC206,RC,RC2,N10,Uncoarsened,AveragePartitionSolver,N10 Uncoarsened AveragePartitionSolver,capacity_violations,0.0
result_quantum_10customer.json,RC206,RC,RC2,N10,Uncoarsened,AveragePartitionSolver,N10 Uncoarsened AveragePartitionSolver,computation_time,19.0181246669963
result_quantum_10customer.json,RC206,RC,RC2,N10,Uncoarsened,AveragePartitionSolver,N10 Uncoarsened AveragePartitionSolver,num_vehicles,3.0
result_quantum_10customer.json,RC206,RC,RC2,N10,Uncoarsened,AveragePartitionSolver,N10 Uncoarsened AveragePartitionSolver,time_window_violations,0.0
result_quantum_10customer.json,RC206,RC,RC2,N10,Uncoarsened,AveragePartitionSolver,N10 Uncoarsened AveragePartitionSolver,total_demand_served,220.0
result_quantum_10customer.json,RC206,RC,RC2,N10,Uncoarsened,AveragePartitionSolver,N10 Uncoarsened AveragePartitionSolver,total_distance,327.0341902862171
result_quantum_10customer.json,RC206,RC,RC2,N10,Uncoarsened,AveragePartitionSolver,N10 Uncoarsened AveragePartitionSolver,total_route_duration,1661.464098442482
result_quantum_10customer.json,RC206,RC,RC2,N10,Uncoarsened,AveragePartitionSolver,N10 Uncoarsened AveragePartitionSolver,total_service_time,100.0
result_quantum_10customer.json,RC206,RC,RC2,N10,Uncoarsened,AveragePartitionSolver,N10 Uncoarsened AveragePartitionSolver,total_waiting_time,1234.429908156265
result_quantum_10customer.json,RC206,RC,RC2,N10,Inflated,FullQubo,N10 Inflated FullQubo,capacity_violations,0.0
result_quantum_10customer.json,RC206,RC,RC2,N10,Inflated,FullQubo,N10 Inflated FullQubo,computation_time,1.9153600829886273
result_quantum_10customer.json,RC206,RC,RC2,N10,Inflated,FullQubo,N10 Inflated FullQubo,num_vehicles,2.0
result_quantum_10customer.json,RC206,RC,RC2,N10,Inflated,FullQubo,N10 Inflated FullQubo,time_window_violations,0.0
result_quantum_10customer.json,RC206,RC,RC2,N10,Inflated,FullQubo,N10 Inflated FullQubo,total_demand_served,220.0
result_quantum_10customer.json,RC206,RC,RC2,N10,Inflated,FullQubo,N10 Inflated FullQubo,total_distance,233.72389983070872
result_quantum_10customer.json,RC206,RC,RC2,N10,Inflated,FullQubo,N10 Inflated FullQubo,total_route_duration,1176.7493571681894
result_quantum_10customer.json,RC206,RC,RC2,N10,Inflated,FullQubo,N10 Inflated FullQubo,total_service_time,100.0
result_quantum_10customer.json,RC206,RC,RC2,N10,Inflated,FullQubo,N10 Inflated FullQubo,total_waiting_time,843.0254573374805
result_quantum_10customer.json,RC206,RC,RC2,N10,Inflated,AveragePartitionSolver,N10 Inflated AveragePartitionSolver,capacity_violations,0.0
result_quantum_10customer.json,RC206,RC,RC2,N10,Inflated,AveragePartitionSolver,N10 Inflated AveragePartitionSolver,computation_time,1.9198237920063548
result_quantum_10customer.json,RC206,RC,RC2,N10,Inflated,AveragePartitionSolver,N10 Inflated AveragePartitionSolver,num_vehicles,2.0
result_quantum_10customer.json,RC206,RC,RC2,N10,Inflated,AveragePartitionSolver,N10 Inflated AveragePartitionSolver,time_window_violations,0.0
result_quantum_10customer.json,RC206,RC,RC2,N10,Inflated,AveragePartitionSolver,N10 Inflated AveragePartitionSolver,total_demand_served,220.0
result_quantum_10customer.json,RC206,RC,RC2,N10,Inflated,AveragePartitionSolver,N10 Inflated AveragePartitionSolver,total_distance,191.23298176125223
result_quantum_10customer.json,RC206,RC,RC2,N10,Inflated,AveragePartitionSolver,N10 Inflated AveragePartitionSolver,total_route_duration,1176.7493571681894
result_quantum_10customer.json,RC206,RC,RC2,N10,Inflated,AveragePartitionSolver,N10 Inflated AveragePartitionSolver,total_service_time,100.0
result_quantum_10customer.json,RC206,RC,RC2,N10,Inflated,AveragePartitionSolver,N10 Inflated AveragePartitionSolver,total_waiting_time,885.516375406937
result_quantum_10customer.json,RC207,RC,RC2,N10,Uncoarsened,FullQubo,N10 Uncoarsened FullQubo,capacity_violations,0.0
result_quantum_10customer.json,RC207,RC,RC2,N10,Uncoarsened,FullQubo,N10 Uncoarsened FullQubo,computation_time,18.896828791999724
result_quantum_10customer.json,RC207,RC,RC2,N10,Uncoarsened,FullQubo,N10 Uncoarsened FullQubo,num_vehicles,3.0
result_quantum_10customer.json,RC207,RC,RC2,N10,Uncoarsened,FullQubo,N10 Uncoarsened FullQubo,time_window_violations,0.0
result_quantum_10customer.json,RC207,RC,RC2,N10,Uncoarsened,FullQubo,N10 Uncoarsened FullQubo,total_demand_served,220.0
result_quantum_10customer.json,RC207,RC,RC2,N10,Uncoarsened,FullQubo,N10 Uncoarsened FullQubo,total_distance,334.1788737449084
result_quantum_10customer.json,RC207,RC,RC2,N10,Uncoarsened,FullQubo,N10 Uncoarsened FullQubo,total_route_duration,1487.437310148688
result_quantum_10customer.json,RC207,RC,RC2,N10,Uncoarsened,FullQubo,N10 Uncoarsened FullQubo,total_service_time,100.0
result_quantum_10customer.json,RC207,RC,RC2,N10,Uncoarsened,FullQubo,N10 Uncoarsened FullQubo,total_waiting_time,1053.2584364037798
result_quantum_10customer.json,RC207,RC,RC2,N10,Uncoarsened,AveragePartitionSolver,N10 Uncoarsened AveragePartitionSolver,capacity_violations,0.0
result_quantum_10customer.json,RC207,RC,RC2,N10,Uncoarsened,AveragePartitionSolver,N10 Uncoarsened AveragePartitionSolver,computation_time,19.052534624992404
result_quantum_10customer.json,RC207,RC,RC2,N10,Uncoarsened,AveragePartitionSolver,N10 Uncoarsened AveragePartitionSolver,num_vehicles,3.0
result_quantum_10customer.json,RC207,RC,RC2,N10,Uncoarsened,AveragePartitionSolver,N10 Uncoarsened AveragePartitionSolver,time_window_violations,0.0
result_quantum_10customer.json,RC207,RC,RC2,N10,Uncoarsened,AveragePartitionSolver,N10 Uncoarsened AveragePartitionSolver,total_demand_served,220.0
result_quantum_10customer.json,RC207,RC,RC2,N10,Uncoarsened,AveragePartitionSolver,N10 Uncoarsened AveragePartitionSolver,total_distance,338.946547363735
result_quantum_10customer.json,RC207,RC,RC2,N10,Uncoarsened,AveragePartitionSolver,N10 Uncoarsened AveragePartitionSolver,total_route_duration,1264.0526277110116
result_quantum_10customer.json,RC207,RC,RC2,N10,Uncoarsened,AveragePartitionSolver,N10 Uncoarsened AveragePartitionSolver,total_service_time,100.0
result_quantum_10customer.json,RC207,RC,RC2,N10,Uncoarsened,AveragePartitionSolver,N10 Uncoarsened AveragePartitionSolver,total_waiting_time,825.1060803472765
result_quantum_10customer.json,RC207,RC,RC2,N10,Inflated,FullQubo,N10 Inflated FullQubo,capacity_violations,0.0
result_quantum_10customer.json,RC207,RC,RC2,N10,Inflated,FullQubo,N10 Inflated FullQubo,computation_time,2.4843638750026003
result_quantum_10customer.json,RC207,RC,RC2,N10,Inflated,FullQubo,N10 Inflated FullQubo,num_vehicles,2.0
result_quantum_10customer.json,RC207,RC,RC2,N10,Inflated,FullQubo,N10 Inflated FullQubo,time_window_violations,0.0
result_quantum_10customer.json,RC207,RC,RC2,N10,Inflated,FullQubo,N10 Inflated FullQubo,total_demand_served,220.0
result_quantum_10customer.json,RC207,RC,RC2,N10,Inflated,FullQubo,N10 Inflated FullQubo,total_distance,263.8016122031577
result_quantum_10customer.json,RC207,RC,RC2,N10,Inflated,FullQubo,N10 Inflated FullQubo,total_route_duration,1150.7016421310032
result_quantum_10customer.json,RC207,RC,RC2,N10,Inflated,FullQubo,N10 Inflated FullQubo,total_service_time,100.0
result_quantum_10customer.json,RC207,RC,RC2,N10,Inflated,FullQubo,N10 Inflated FullQubo,total_waiting_time,786.9000299278456
result_quantum_10customer.json,RC207,RC,RC2,N10,Inflated,AveragePartitionSolver,N10 Inflated AveragePartitionSolver,capacity_violations,0.0
result_quantum_10customer.json,RC207,RC,RC2,N10,Inflated,AveragePartitionSolver,N10 Inflated AveragePartitionSolver,computation_time,2.480113167024683
result_quantum_10customer.json,RC207,RC,RC2,N10,Inflated,AveragePartitionSolver,N10 Inflated AveragePartitionSolver,num_vehicles,2.0
result_quantum_10customer.json,RC207,RC,RC2,N10,Inflated,AveragePartitionSolver,N10 Inflated AveragePartitionSolver,time_window_violations,0.0
result_quantum_10customer.json,RC207,RC,RC2,N10,Inflated,AveragePartitionSolver,N10 Inflated AveragePartitionSolver,total_demand_served,220.0
result_quantum_10customer.json,RC207,RC,RC2,N10,Inflated,AveragePartitionSolver,N10 Inflated AveragePartitionSolver,total_distance,182.64300101166322
result_quantum_10customer.json,RC207,RC,RC2,N10,Inflated,AveragePartitionSolver,N10 Inflated AveragePartitionSolver,total_route_duration,1150.7016421310032
result_quantum_10customer.json,RC207,RC,RC2,N10,Inflated,AveragePartitionSolver,N10 Inflated AveragePartitionSolver,total_service_time,100.0
result_quantum_10customer.json,RC207,RC,RC2,N10,Inflated,AveragePartitionSolver,N10 Inflated AveragePartitionSolver,total_waiting_time,868.0586411193401
result_quantum_10customer.json,RC208,RC,RC2,N10,Uncoarsened,FullQubo,N10 Uncoarsened FullQubo,capacity_violations,0.0
result_quantum_10customer.json,RC208,RC,RC2,N10,Uncoarsened,FullQubo,N10 Uncoarsened FullQubo,computation_time,19.12735108297784
result_quantum_10customer.json,RC208,RC,RC2,N10,Uncoarsened,FullQubo,N10 Uncoarsened FullQubo,num_vehicles,2.0
result_quantum_10customer.json,RC208,RC,RC2,N10,Uncoarsened,FullQubo,N10 Uncoarsened FullQubo,time_window_violations,0.0
result_quantum_10customer.json,RC208,RC,RC2,N10,Uncoarsened,FullQubo,N10 Uncoarsened FullQubo,total_demand_served,220.0
result_quantum_10customer.json,RC208,RC,RC2,N10,Uncoarsened,FullQubo,N10 Uncoarsened FullQubo,total_distance,297.75082793658447
result_quantum_10customer.json,RC208,RC,RC2,N10,Uncoarsened,FullQubo,N10 Uncoarsened FullQubo,total_route_duration,1128.6640209984466
result_quantum_10customer.json,RC208,RC,RC2,N10,Uncoarsened,FullQubo,N10 Uncoarsened FullQubo,total_service_time,100.0
result_quantum_10customer.json,RC208,RC,RC2,N10,Uncoarsened,FullQubo,N10 Uncoarsened FullQubo,total_waiting_time,730.9131930618621
result_quantum_10customer.json,RC208,RC,RC2,N10,Uncoarsened,AveragePartitionSolver,N10 Uncoarsened AveragePartitionSolver,capacity_violations,0.0
result_quantum_10customer.json,RC208,RC,RC2,N10,Uncoarsened,AveragePartitionSolver,N10 Uncoarsened AveragePartitionSolver,computation_time,18.84579275001306
result_quantum_10customer.json,RC208,RC,RC2,N10,Uncoarsened,AveragePartitionSolver,N10 Uncoarsened AveragePartitionSolver,num_vehicles,2.0
result_quantum_10customer.json,RC208,RC,RC2,N10,Uncoarsened,AveragePartitionSolver,N10 Uncoarsened AveragePartitionSolver,time_window_violations,0.0
result_quantum_10customer.json,RC208,RC,RC2,N10,Uncoarsened,AveragePartitionSolver,N10 Uncoarsened AveragePartitionSolver,total_demand_served,220.0
result_quantum_10customer.json,RC208,RC,RC2,N10,Uncoarsened,AveragePartitionSolver,N10 Uncoarsened AveragePartitionSolver,total_distance,302.0868560976093
result_quantum_10customer.json,RC208,RC,RC2,N10,Uncoarsened,AveragePartitionSolver,N10 Uncoarsened AveragePartitionSolver,total_route_duration,1002.402253846112
result_quantum_10customer.json,RC208,RC,RC2,N10,Uncoarsened,AveragePartitionSolver,N10 Uncoarsened AveragePartitionSolver,total_service_time,100.0
result_quantum_10customer.json,RC208,RC,RC2,N10,Uncoarsened,AveragePartitionSolver,N10 Uncoarsened AveragePartitionSolver,total_waiting_time,600.3153977485028
result_quantum_10customer.json,RC208,RC,RC2,N10,Inflated,FullQubo,N10 Inflated FullQubo,capacity_violations,0.0
result_quantum_10customer.json,RC208,RC,RC2,N10,Inflated,FullQubo,N10 Inflated FullQubo,computation_time,2.3972349170362577
result_quantum_10customer.json,RC208,RC,RC2,N10,Inflated,FullQubo,N10 Inflated FullQubo,num_vehicles,2.0
result_quantum_10customer.json,RC208,RC,RC2,N10,Inflated,FullQubo,N10 Inflated FullQubo,time_window_violations,0.0
result_quantum_10customer.json,RC208,RC,RC2,N10,Inflated,FullQubo,N10 Inflated FullQubo,total_demand_served,220.0
result_quantum_10customer.json,RC208,RC,RC2,N10,Inflated,FullQubo,N10 Inflated FullQubo,total_distance,207.86557152931326
result_quantum_10customer.json,RC208,RC,RC2,N10,Inflated,FullQubo,N10 Inflated FullQubo,total_route_duration,975.320669238132
result_quantum_10customer.json,RC208,RC,RC2,N10,Inflated,FullQubo,N10 Inflated FullQubo,total_service_time,100.0
result_quantum_10customer.json,RC208,RC,RC2,N10,Inflated,FullQubo,N10 Inflated FullQubo,total_waiting_time,667.4550977088188
result_quantum_10customer.json,RC208,RC,RC2,N10,Inflated,AveragePartitionSolver,N10 Inflated AveragePartitionSolver,capacity_violations,0.0
result_quantum_10customer.json,RC208,RC,RC2,N10,Inflated,AveragePartitionSolver,N10 Inflated AveragePartitionSolver,computation_time,2.390971749962773
result_quantum_10customer.json,RC208,RC,RC2,N10,Inflated,AveragePartitionSolver,N10 Inflated AveragePartitionSolver,num_vehicles,1.0
result_quantum_10customer.json,RC208,RC,RC2,N10,Inflated,AveragePartitionSolver,N10 Inflated AveragePartitionSolver,time_window_violations,0.0
result_quantum_10customer.json,RC208,RC,RC2,N10,Inflated,AveragePartitionSolver,N10 Inflated AveragePartitionSolver,total_demand_served,220.0
result_quantum_10customer.json,RC208,RC,RC2,N10,Inflated,AveragePartitionSolver,N10 Inflated AveragePartitionSolver,total_distance,157.0535437045295
result_quantum_10customer.json,RC208,RC,RC2,N10,Inflated,AveragePartitionSolver,N10 Inflated AveragePartitionSolver,total_route_duration,579.7422549630368
result_quantum_10customer.json,RC208,RC,RC2,N10,Inflated,AveragePartitionSolver,N10 Inflated AveragePartitionSolver,total_service_time,100.0
result_quantum_10customer.json,RC208,RC,RC2,N10,Inflated,AveragePartitionSolver,N10 Inflated AveragePartitionSolver,total_waiting_time,322.6887112585073
result_quantum_5customer.json,C101,C,C1,N5,Uncoarsened,FullQubo,N5 Uncoarsened FullQubo,capacity_violations,0.0
result_quantum_5customer.json,C101,C,C1,N5,Uncoarsened,FullQubo,N5 Uncoarsened FullQubo,computation_time,7.080472624977119
result_quantum_5customer.json,C101,C,C1,N5,Uncoarsened,FullQubo,N5 Uncoarsened FullQubo,num_vehicles,2.0
result_quantum_5customer.json,C101,C,C1,N5,Uncoarsened,FullQubo,N5 Uncoarsened FullQubo,time_window_violations,0.0
result_quantum_5customer.json,C101,C,C1,N5,Uncoarsened,FullQubo,N5 Uncoarsened FullQubo,total_demand_served,70.0
result_quantum_5customer.json,C101,C,C1,N5,Uncoarsened,FullQubo,N5 Uncoarsened FullQubo,total_distance,77.5405860470541
result_quantum_5customer.json,C101,C,C1,N5,Uncoarsened,FullQubo,N5 Uncoarsened FullQubo,total_route_duration,1860.7923119685443
result_quantum_5customer.json,C101,C,C1,N5,Uncoarsened,FullQubo,N5 Uncoarsened FullQubo,total_service_time,450.0
result_quantum_5customer.json,C101,C,C1,N5,Uncoarsened,FullQubo,N5 Uncoarsened FullQubo,total_waiting_time,1333.25172592149
result_quantum_5customer.json,C101,C,C1,N5,Uncoarsened,AveragePartitionSolver,N5 Uncoarsened AveragePartitionSolver,capacity_violations,0.0
result_quantum_5customer.json,C101,C,C1,N5,Uncoarsened,AveragePartitionSolver,N5 Uncoarsened AveragePartitionSolver,computation_time,6.795511542004533
result_quantum_5customer.json,C101,C,C1,N5,Uncoarsened,AveragePartitionSolver,N5 Uncoarsened AveragePartitionSolver,num_vehicles,2.0
result_quantum_5customer.json,C101,C,C1,N5,Uncoarsened,AveragePartitionSolver,N5 Uncoarsened AveragePartitionSolver,time_window_violations,0.0
result_quantum_5customer.json,C101,C,C1,N5,Uncoarsened,AveragePartitionSolver,N5 Uncoarsened AveragePartitionSolver,total_demand_served,70.0
result_quantum_5customer.json,C101,C,C1,N5,Uncoarsened,AveragePartitionSolver,N5 Uncoarsened AveragePartitionSolver,total_distance,81.38528316222167
result_quantum_5customer.json,C101,C,C1,N5,Uncoarsened,AveragePartitionSolver,N5 Uncoarsened AveragePartitionSolver,total_route_duration,1956.2970698203576
result_quantum_5customer.json,C101,C,C1,N5,Uncoarsened,AveragePartitionSolver,N5 Uncoarsened AveragePartitionSolver,total_service_time,450.0
result_quantum_5customer.json,C101,C,C1,N5,Uncoarsened,AveragePartitionSolver,N5 Uncoarsened AveragePartitionSolver,total_waiting_time,1424.911786658136
result_quantum_5customer.json,C101,C,C1,N5,Inflated,FullQubo,N5 Inflated FullQubo,capacity_violations,0.0
result_quantum_5customer.json,C101,C,C1,N5,Inflated,FullQubo,N5 Inflated FullQubo,computation_time,1.99537641601637
result_quantum_5customer.json,C101,C,C1,N5,Inflated,FullQubo,N5 Inflated FullQubo,num_vehicles,2.0
result_quantum_5customer.json,C101,C,C1,N5,Inflated,FullQubo,N5 Inflated FullQubo,time_window_violations,0.0
result_quantum_5customer.json,C101,C,C1,N5,Inflated,FullQubo,N5 Inflated FullQubo,total_demand_served,70.0
result_quantum_5customer.json,C101,C,C1,N5,Inflated,FullQubo,N5 Inflated FullQubo,total_distance,74.65512469102688
result_quantum_5customer.json,C101,C,C1,N5,Inflated,FullQubo,N5 Inflated FullQubo,total_route_duration,1237.938803139288
result_quantum_5customer.json,C101,C,C1,N5,Inflated,FullQubo,N5 Inflated FullQubo,total_service_time,450.0
result_quantum_5customer.json,C101,C,C1,N5,Inflated,FullQubo,N5 Inflated FullQubo,total_waiting_time,713.2836784482612
result_quantum_5customer.json,C101,C,C1,N5,Inflated,AveragePartitionSolver,N5 Inflated AveragePartitionSolver,capacity_violations,0.0
result_quantum_5customer.json,C101,C,C1,N5,Inflated,AveragePartitionSolver,N5 Inflated AveragePartitionSolver,computation_time,1.9978624169598334
result_quantum_5customer.json,C101,C,C1,N5,Inflated,AveragePartitionSolver,N5 Inflated AveragePartitionSolver,num_vehicles,2.0
result_quantum_5customer.json,C101,C,C1,N5,Inflated,AveragePartitionSolver,N5 Inflated AveragePartitionSolver,time_window_violations,0.0
result_quantum_5customer.json,C101,C,C1,N5,Inflated,AveragePartitionSolver,N5 Inflated AveragePartitionSolver,total_demand_served,70.0
result_quantum_5customer.json,C101,C,C1,N5,Inflated,AveragePartitionSolver,N5 Inflated AveragePartitionSolver,total_distance,74.65512469102688
result_quantum_5customer.json,C101,C,C1,N5,Inflated,AveragePartitionSolver,N5 Inflated AveragePartitionSolver,total_route_duration,1237.938803139288
result_quantum_5customer.json,C101,C,C1,N5,Inflated,AveragePartitionSolver,N5 Inflated AveragePartitionSolver,total_service_time,450.0
result_quantum_5customer.json,C101,C,C1,N5,Inflated,AveragePartitionSolver,N5 Inflated AveragePartitionSolver,total_waiting_time,713.2836784482612
result_quantum_5customer.json,C102,C,C1,N5,Uncoarsened,FullQubo,N5 Uncoarsened FullQubo,capacity_violations,0.0
result_quantum_5customer.json,C102,C,C1,N5,Uncoarsened,FullQubo,N5 Uncoarsened FullQubo,computation_time,6.803706250037067
result_quantum_5customer.json,C102,C,C1,N5,Uncoarsened,FullQubo,N5 Uncoarsened FullQubo,num_vehicles,1.0
result_quantum_5customer.json,C102,C,C1,N5,Uncoarsened,FullQubo,N5 Uncoarsened FullQubo,time_window_violations,0.0
result_quantum_5customer.json,C102,C,C1,N5,Uncoarsened,FullQubo,N5 Uncoarsened FullQubo,total_demand_served,70.0
result_quantum_5customer.json,C102,C,C1,N5,Uncoarsened,FullQubo,N5 Uncoarsened FullQubo,total_distance,46.06623766771723
result_quantum_5customer.json,C102,C,C1,N5,Uncoarsened,FullQubo,N5 Uncoarsened FullQubo,total_route_duration,835.1107702762748
result_quantum_5customer.json,C102,C,C1,N5,Uncoarsened,FullQubo,N5 Uncoarsened FullQubo,total_service_time,450.0
result_quantum_5customer.json,C102,C,C1,N5,Uncoarsened,FullQubo,N5 Uncoarsened FullQubo,total_waiting_time,339.0445326085576
result_quantum_5customer.json,C102,C,C1,N5,Uncoarsened,AveragePartitionSolver,N5 Uncoarsened AveragePartitionSolver,capacity_violations,0.0
result_quantum_5customer.json,C102,C,C1,N5,Uncoarsened,AveragePartitionSolver,N5 Uncoarsened AveragePartitionSolver,computation_time,6.8004202919546515
result_quantum_5customer.json,C102,C,C1,N5,Uncoarsened,AveragePartitionSolver,N5 Uncoarsened AveragePartitionSolver,num_vehicles,2.0
result_quantum_5customer.json,C102,C,C1,N5,Uncoarsened,AveragePartitionSolver,N5 Uncoarsened AveragePartitionSolver,time_window_violations,0.0
result_quantum_5customer.json,C102,C,C1,N5,Uncoarsened,AveragePartitionSolver,N5 Uncoarsened AveragePartitionSolver,total_demand_served,70.0
result_quantum_5customer.json,C102,C,C1,N5,Uncoarsened,AveragePartitionSolver,N5 Uncoarsened AveragePartitionSolver,total_distance,82.38054755581291
result_quantum_5customer.json,C102,C,C1,N5,Uncoarsened,AveragePartitionSolver,N5 Uncoarsened AveragePartitionSolver,total_route_duration,1241.2697772795382
result_quantum_5customer.json,C102,C,C1,N5,Uncoarsened,AveragePartitionSolver,N5 Uncoarsened AveragePartitionSolver,total_service_time,450.0
result_quantum_5customer.json,C102,C,C1,N5,Uncoarsened,AveragePartitionSolver,N5 Uncoarsened AveragePartitionSolver,total_waiting_time,708.8892297237252
result_quantum_5customer.json,C102,C,C1,N5,Inflated,FullQubo,N5 Inflated FullQubo,capacity_violations,0.0
result_quantum_5customer.json,C102,C,C1,N5,Inflated,FullQubo,N5 Inflated FullQubo,computation_time,2.028768499963917
result_quantum_5customer.json,C102,C,C1,N5,Inflated,FullQubo,N5 Inflated FullQubo,num_vehicles,2.0
result_quantum_5customer.json,C102,C,C1,N5,Inflated,FullQubo,N5 Inflated FullQubo,time_window_violations,0.0
result_quantum_5customer.json,C102,C,C1,N5,Inflated,FullQubo,N5 Inflated FullQubo,total_demand_served,70.0
result_quantum_5customer.json,C102,C,C1,N5,Inflated,FullQubo,N5 Inflated FullQubo,total_distance,78.57536590652352
result_quantum_5customer.json,C102,C,C1,N5,Inflated,FullQubo,N5 Inflated FullQubo,total_route_duration,1237.4645956302486
result_quantum_5customer.json,C102,C,C1,N5,Inflated,FullQubo,N5 Inflated FullQubo,total_service_time,450.0
result_quantum_5customer.json,C102,C,C1,N5,Inflated,FullQubo,N5 Inflated FullQubo,total_waiting_time,708.8892297237252
result_quantum_5customer.json,C102,C,C1,N5,Inflated,AveragePartitionSolver,N5 Inflated AveragePartitionSolver,capacity_violations,0.0
result_quantum_5customer.json,C102,C,C1,N5,Inflated,AveragePartitionSolver,N5 Inflated AveragePartitionSolver,computation_time,2.0281880410038866
result_quantum_5customer.json,C102,C,C1,N5,Inflated,AveragePartitionSolver,N5 Inflated AveragePartitionSolver,num_vehicles,2.0
result_quantum_5customer.json,C102,C,C1,N5,Inflated,AveragePartitionSolver,N5 Inflated AveragePartitionSolver,time_window_violations,0.0
result_quantum_5customer.json,C102,C,C1,N5,Inflated,AveragePartitionSolver,N5 Inflated AveragePartitionSolver,total_demand_served,70.0
result_quantum_5customer.json,C102,C,C1,N5,Inflated,AveragePartitionSolver,N5 Inflated AveragePartitionSolver,total_distance,78.57536590652352
result_quantum_5customer.json,C102,C,C1,N5,Inflated,AveragePartitionSolver,N5 Inflated AveragePartitionSolver,total_route_duration,1237.4645956302486
result_quantum_5customer.json,C102,C,C1,N5,Inflated,AveragePartitionSolver,N5 Inflated AveragePartitionSolver,total_service_time,450.0
result_quantum_5customer.json,C102,C,C1,N5,Inflated,AveragePartitionSolver,N5 Inflated AveragePartitionSolver,total_waiting_time,708.8892297237252
result_quantum_5customer.json,C103,C,C1,N5,Uncoarsened,FullQubo,N5 Uncoarsened FullQubo,capacity_violations,0.0
result_quantum_5customer.json,C103,C,C1,N5,Uncoarsened,FullQubo,N5 Uncoarsened FullQubo,computation_time,6.805399250006303
result_quantum_5customer.json,C103,C,C1,N5,Uncoarsened,FullQubo,N5 Uncoarsened FullQubo,num_vehicles,2.0
result_quantum_5customer.json,C103,C,C1,N5,Uncoarsened,FullQubo,N5 Uncoarsened FullQubo,time_window_violations,0.0
result_quantum_5customer.json,C103,C,C1,N5,Uncoarsened,FullQubo,N5 Uncoarsened FullQubo,total_demand_served,70.0
result_quantum_5customer.json,C103,C,C1,N5,Uncoarsened,FullQubo,N5 Uncoarsened FullQubo,total_distance,78.84549703428732
result_quantum_5customer.json,C103,C,C1,N5,Uncoarsened,FullQubo,N5 Uncoarsened FullQubo,total_route_duration,1141.624417630735
result_quantum_5customer.json,C103,C,C1,N5,Uncoarsened,FullQubo,N5 Uncoarsened FullQubo,total_service_time,450.0
result_quantum_5customer.json,C103,C,C1,N5,Uncoarsened,FullQubo,N5 Uncoarsened FullQubo,total_waiting_time,612.7789205964477
result_quantum_5customer.json,C103,C,C1,N5,Uncoarsened,AveragePartitionSolver,N5 Uncoarsened AveragePartitionSolver,capacity_violations,0.0
result_quantum_5customer.json,C103,C,C1,N5,Uncoarsened,AveragePartitionSolver,N5 Uncoarsened AveragePartitionSolver,computation_time,6.811992917035241
result_quantum_5customer.json,C103,C,C1,N5,Uncoarsened,AveragePartitionSolver,N5 Uncoarsened AveragePartitionSolver,num_vehicles,2.0
result_quantum_5customer.json,C103,C,C1,N5,Uncoarsened,AveragePartitionSolver,N5 Uncoarsened AveragePartitionSolver,time_window_violations,0.0
result_quantum_5customer.json,C103,C,C1,N5,Uncoarsened,AveragePartitionSolver,N5 Uncoarsened AveragePartitionSolver,total_demand_served,70.0
result_quantum_5customer.json,C103,C,C1,N5,Uncoarsened,AveragePartitionSolver,N5 Uncoarsened AveragePartitionSolver,total_distance,83.70898271616782
result_quantum_5customer.json,C103,C,C1,N5,Uncoarsened,AveragePartitionSolver,N5 Uncoarsened AveragePartitionSolver,total_route_duration,966.3418265324515
result_quantum_5customer.json,C103,C,C1,N5,Uncoarsened,AveragePartitionSolver,N5 Uncoarsened AveragePartitionSolver,total_service_time,450.0
result_quantum_5customer.json,C103,C,C1,N5,Uncoarsened,AveragePartitionSolver,N5 Uncoarsened AveragePartitionSolver,total_waiting_time,432.63284381628364
result_quantum_5customer.json,C103,C,C1,N5,Inflated,FullQubo,N5 Inflated FullQubo,capacity_violations,0.0
result_quantum_5customer.json,C103,C,C1,N5,Inflated,FullQubo,N5 Inflated FullQubo,computation_time,2.0263879590202123
result_quantum_5customer.json,C103,C,C1,N5,Inflated,FullQubo,N5 Inflated FullQubo,num_vehicles,2.0
result_quantum_5customer.json,C103,C,C1,N5,Inflated,FullQubo,N5 Inflated FullQubo,time_window_violations,0.0
result_quantum_5customer.json,C103,C,C1,N5,Inflated,FullQubo,N5 Inflated FullQubo,total_demand_served,70.0
result_quantum_5customer.json,C103,C,C1,N5,Inflated,FullQubo,N5 Inflated FullQubo,total_distance,78.57536590652352
result_quantum_5customer.json,C103,C,C1,N5,Inflated,FullQubo,N5 Inflated FullQubo,total_route_duration,1237.4645956302486
result_quantum_5customer.json,C103,C,C1,N5,Inflated,FullQubo,N5 Inflated FullQubo,total_service_time,450.0
result_quantum_5customer.json,C103,C,C1,N5,Inflated,FullQubo,N5 Inflated FullQubo,total_waiting_time,708.8892297237252
result_quantum_5customer.json,C103,C,C1,N5,Inflated,AveragePartitionSolver,N5 Inflated AveragePartitionSolver,capacity_violations,0.0
result_quantum_5customer.json,C103,C,C1,N5,Inflated,AveragePartitionSolver,N5 Inflated AveragePartitionSolver,computation_time,2.0231882910011336
result_quantum_5customer.json,C103,C,C1,N5,Inflated,AveragePartitionSolver,N5 Inflated AveragePartitionSolver,num_vehicles,2.0
result_quantum_5customer.json,C103,C,C1,N5,Inflated,AveragePartitionSolver,N5 Inflated AveragePartitionSolver,time_window_violations,0.0
result_quantum_5customer.json,C103,C,C1,N5,Inflated,AveragePartitionSolver,N5 Inflated AveragePartitionSolver,total_demand_served,70.0
result_quantum_5customer.json,C103,C,C1,N5,Inflated,AveragePartitionSolver,N5 Inflated AveragePartitionSolver,total_distance,78.57536590652352
result_quantum_5customer.json,C103,C,C1,N5,Inflated,AveragePartitionSolver,N5 Inflated AveragePartitionSolver,total_route_duration,1237.4645956302486
result_quantum_5customer.json,C103,C,C1,N5,Inflated,AveragePartitionSolver,N5 Inflated AveragePartitionSolver,total_service_time,450.0
result_quantum_5customer.json,C103,C,C1,N5,Inflated,AveragePartitionSolver,N5 Inflated AveragePartitionSolver,total_waiting_time,708.8892297237252
result_quantum_5customer.json,C104,C,C1,N5,Uncoarsened,FullQubo,N5 Uncoarsened FullQubo,capacity_violations,0.0
result_quantum_5customer.json,C104,C,C1,N5,Uncoarsened,FullQubo,N5 Uncoarsened FullQubo,computation_time,6.785775166004896
result_quantum_5customer.json,C104,C,C1,N5,Uncoarsened,FullQubo,N5 Uncoarsened FullQubo,num_vehicles,2.0
result_quantum_5customer.json,C104,C,C1,N5,Uncoarsened,FullQubo,N5 Uncoarsened FullQubo,time_window_violations,0.0
result_quantum_5customer.json,C104,C,C1,N5,Uncoarsened,FullQubo,N5 Uncoarsened FullQubo,total_demand_served,70.0
result_quantum_5customer.json,C104,C,C1,N5,Uncoarsened,FullQubo,N5 Uncoarsened FullQubo,total_distance,79.71690873851266
result_quantum_5customer.json,C104,C,C1,N5,Uncoarsened,FullQubo,N5 Uncoarsened FullQubo,total_route_duration,1142.4958293349603
result_quantum_5customer.json,C104,C,C1,N5,Uncoarsened,FullQubo,N5 Uncoarsened FullQubo,total_service_time,450.0
result_quantum_5customer.json,C104,C,C1,N5,Uncoarsened,FullQubo,N5 Uncoarsened FullQubo,total_waiting_time,612.7789205964477
result_quantum_5customer.json,C104,C,C1,N5,Uncoarsened,AveragePartitionSolver,N5 Uncoarsened AveragePartitionSolver,capacity_violations,0.0
result_quantum_5customer.json,C104,C,C1,N5,Uncoarsened,AveragePartitionSolver,N5 Uncoarsened AveragePartitionSolver,computation_time,6.820558667008299
result_quantum_5customer.json,C104,C,C1,N5,Uncoarsened,AveragePartitionSolver,N5 Uncoarsened AveragePartitionSolver,num_vehicles,2.0
result_quantum_5customer.json,C104,C,C1,N5,Uncoarsened,AveragePartitionSolver,N5 Uncoarsened AveragePartitionSolver,time_window_violations,0.0
result_quantum_5customer.json,C104,C,C1,N5,Uncoarsened,AveragePartitionSolver,N5 Uncoarsened AveragePartitionSolver,total_demand_served,70.0
result_quantum_5customer.json,C104,C,C1,N5,Uncoarsened,AveragePartitionSolver,N5 Uncoarsened AveragePartitionSolver,total_distance,77.5405860470541
result_quantum_5customer.json,C104,C,C1,N5,Uncoarsened,AveragePartitionSolver,N5 Uncoarsened AveragePartitionSolver,total_route_duration,1236.4298157707792
result_quantum_5customer.json,C104,C,C1,N5,Uncoarsened,AveragePartitionSolver,N5 Uncoarsened AveragePartitionSolver,total_service_time,450.0
result_quantum_5customer.json,C104,C,C1,N5,Uncoarsened,AveragePartitionSolver,N5 Uncoarsened AveragePartitionSolver,total_waiting_time,708.8892297237252
result_quantum_5customer.json,C104,C,C1,N5,Inflated,FullQubo,N5 Inflated FullQubo,capacity_violations,0.0
result_quantum_5customer.json,C104,C,C1,N5,Inflated,FullQubo,N5 Inflated FullQubo,computation_time,2.0284384159604087
result_quantum_5customer.json,C104,C,C1,N5,Inflated,FullQubo,N5 Inflated FullQubo,num_vehicles,2.0
result_quantum_5customer.json,C104,C,C1,N5,Inflated,FullQubo,N5 Inflated FullQubo,time_window_violations,0.0
result_quantum_5customer.json,C104,C,C1,N5,Inflated,FullQubo,N5 Inflated FullQubo,total_demand_served,70.0
result_quantum_5customer.json,C104,C,C1,N5,Inflated,FullQubo,N5 Inflated FullQubo,total_distance,78.57536590652352
result_quantum_5customer.json,C104,C,C1,N5,Inflated,FullQubo,N5 Inflated FullQubo,total_route_duration,1237.4645956302486
result_quantum_5customer.json,C104,C,C1,N5,Inflated,FullQubo,N5 Inflated FullQubo,total_service_time,450.0
result_quantum_5customer.json,C104,C,C1,N5,Inflated,FullQubo,N5 Inflated FullQubo,total_waiting_time,708.8892297237252
result_quantum_5customer.json,C104,C,C1,N5,Inflated,AveragePartitionSolver,N5 Inflated AveragePartitionSolver,capacity_violations,0.0
result_quantum_5customer.json,C104,C,C1,N5,Inflated,AveragePartitionSolver,N5 Inflated AveragePartitionSolver,computation_time,2.0280924170510843
result_quantum_5customer.json,C104,C,C1,N5,Inflated,AveragePartitionSolver,N5 Inflated AveragePartitionSolver,num_vehicles,2.0
result_quantum_5customer.json,C104,C,C1,N5,Inflated,AveragePartitionSolver,N5 Inflated AveragePartitionSolver,time_window_violations,0.0
result_quantum_5customer.json,C104,C,C1,N5,Inflated,AveragePartitionSolver,N5 Inflated AveragePartitionSolver,total_demand_served,70.0
result_quantum_5customer.json,C104,C,C1,N5,Inflated,AveragePartitionSolver,N5 Inflated AveragePartitionSolver,total_distance,78.57536590652352
result_quantum_5customer.json,C104,C,C1,N5,Inflated,AveragePartitionSolver,N5 Inflated AveragePartitionSolver,total_route_duration,1237.4645956302486
result_quantum_5customer.json,C104,C,C1,N5,Inflated,AveragePartitionSolver,N5 Inflated AveragePartitionSolver,total_service_time,450.0
result_quantum_5customer.json,C104,C,C1,N5,Inflated,AveragePartitionSolver,N5 Inflated AveragePartitionSolver,total_waiting_time,708.8892297237252
result_quantum_5customer.json,C105,C,C1,N5,Uncoarsened,FullQubo,N5 Uncoarsened FullQubo,capacity_violations,0.0
result_quantum_5customer.json,C105,C,C1,N5,Uncoarsened,FullQubo,N5 Uncoarsened FullQubo,computation_time,6.831294582982082
result_quantum_5customer.json,C105,C,C1,N5,Uncoarsened,FullQubo,N5 Uncoarsened FullQubo,num_vehicles,1.0
result_quantum_5customer.json,C105,C,C1,N5,Uncoarsened,FullQubo,N5 Uncoarsened FullQubo,time_window_violations,0.0
result_quantum_5customer.json,C105,C,C1,N5,Uncoarsened,FullQubo,N5 Uncoarsened FullQubo,total_demand_served,70.0
result_quantum_5customer.json,C105,C,C1,N5,Uncoarsened,FullQubo,N5 Uncoarsened FullQubo,total_distance,44.41160846433049
result_quantum_5customer.json,C105,C,C1,N5,Uncoarsened,FullQubo,N5 Uncoarsened FullQubo,total_route_duration,1002.6815416922694
result_quantum_5customer.json,C105,C,C1,N5,Uncoarsened,FullQubo,N5 Uncoarsened FullQubo,total_service_time,450.0
result_quantum_5customer.json,C105,C,C1,N5,Uncoarsened,FullQubo,N5 Uncoarsened FullQubo,total_waiting_time,508.2699332279389
result_quantum_5customer.json,C105,C,C1,N5,Uncoarsened,AveragePartitionSolver,N5 Uncoarsened AveragePartitionSolver,capacity_violations,0.0
result_quantum_5customer.json,C105,C,C1,N5,Uncoarsened,AveragePartitionSolver,N5 Uncoarsened AveragePartitionSolver,computation_time,6.798437541991007
result_quantum_5customer.json,C105,C,C1,N5,Uncoarsened,AveragePartitionSolver,N5 Uncoarsened AveragePartitionSolver,num_vehicles,2.0
result_quantum_5customer.json,C105,C,C1,N5,Uncoarsened,AveragePartitionSolver,N5 Uncoarsened AveragePartitionSolver,time_window_violations,0.0
result_quantum_5customer.json,C105,C,C1,N5,Uncoarsened,AveragePartitionSolver,N5 Uncoarsened AveragePartitionSolver,total_demand_served,70.0
result_quantum_5customer.json,C105,C,C1,N5,Uncoarsened,AveragePartitionSolver,N5 Uncoarsened AveragePartitionSolver,total_distance,79.53235559322964
result_quantum_5customer.json,C105,C,C1,N5,Uncoarsened,AveragePartitionSolver,N5 Uncoarsened AveragePartitionSolver,total_route_duration,1809.7923119685443
result_quantum_5customer.json,C105,C,C1,N5,Uncoarsened,AveragePartitionSolver,N5 Uncoarsened AveragePartitionSolver,total_service_time,450.0
result_quantum_5customer.json,C105,C,C1,N5,Uncoarsened,AveragePartitionSolver,N5 Uncoarsened AveragePartitionSolver,total_waiting_time,1280.2599563753147
result_quantum_5customer.json,C105,C,C1,N5,Inflated,FullQubo,N5 Inflated FullQubo,capacity_violations,0.0
result_quantum_5customer.json,C105,C,C1,N5,Inflated,FullQubo,N5 Inflated FullQubo,computation_time,2.0011951670167036
result_quantum_5customer.json,C105,C,C1,N5,Inflated,FullQubo,N5 Inflated FullQubo,num_vehicles,2.0
result_quantum_5customer.json,C105,C,C1,N5,Inflated,FullQubo,N5 Inflated FullQubo,time_window_violations,0.0
result_quantum_5customer.json,C105,C,C1,N5,Inflated,FullQubo,N5 Inflated FullQubo,total_demand_served,70.0
result_quantum_5customer.json,C105,C,C1,N5,Inflated,FullQubo,N5 Inflated FullQubo,total_distance,74.65512469102688
result_quantum_5customer.json,C105,C,C1,N5,Inflated,FullQubo,N5 Inflated FullQubo,total_route_duration,1214.9388031392882
result_quantum_5customer.json,C105,C,C1,N5,Inflated,FullQubo,N5 Inflated FullQubo,total_service_time,450.0
result_quantum_5customer.json,C105,C,C1,N5,Inflated,FullQubo,N5 Inflated FullQubo,total_waiting_time,690.2836784482612
result_quantum_5customer.json,C105,C,C1,N5,Inflated,AveragePartitionSolver,N5 Inflated AveragePartitionSolver,capacity_violations,0.0
result_quantum_5customer.json,C105,C,C1,N5,Inflated,AveragePartitionSolver,N5 Inflated AveragePartitionSolver,computation_time,1.9968531249905936
result_quantum_5customer.json,C105,C,C1,N5,Inflated,AveragePartitionSolver,N5 Inflated AveragePartitionSolver,num_vehicles,2.0
result_quantum_5customer.json,C105,C,C1,N5,Inflated,AveragePartitionSolver,N5 Inflated AveragePartitionSolver,time_window_violations,0.0
result_quantum_5customer.json,C105,C,C1,N5,Inflated,AveragePartitionSolver,N5 Inflated AveragePartitionSolver,total_demand_served,70.0
result_quantum_5customer.json,C105,C,C1,N5,Inflated,AveragePartitionSolver,N5 Inflated AveragePartitionSolver,total_distance,74.65512469102688
result_quantum_5customer.json,C105,C,C1,N5,Inflated,AveragePartitionSolver,N5 Inflated AveragePartitionSolver,total_route_duration,1214.9388031392882
result_quantum_5customer.json,C105,C,C1,N5,Inflated,AveragePartitionSolver,N5 Inflated AveragePartitionSolver,total_service_time,450.0
result_quantum_5customer.json,C105,C,C1,N5,Inflated,AveragePartitionSolver,N5 Inflated AveragePartitionSolver,total_waiting_time,690.2836784482612
result_quantum_5customer.json,C106,C,C1,N5,Uncoarsened,FullQubo,N5 Uncoarsened FullQubo,capacity_violations,0.0
result_quantum_5customer.json,C106,C,C1,N5,Uncoarsened,FullQubo,N5 Uncoarsened FullQubo,computation_time,6.807048874965403
result_quantum_5customer.json,C106,C,C1,N5,Uncoarsened,FullQubo,N5 Uncoarsened FullQubo,num_vehicles,2.0
result_quantum_5customer.json,C106,C,C1,N5,Uncoarsened,FullQubo,N5 Uncoarsened FullQubo,time_window_violations,0.0
result_quantum_5customer.json,C106,C,C1,N5,Uncoarsened,FullQubo,N5 Uncoarsened FullQubo,total_demand_served,70.0
result_quantum_5customer.json,C106,C,C1,N5,Uncoarsened,FullQubo,N5 Uncoarsened FullQubo,total_distance,80.76543381830433
result_quantum_5customer.json,C106,C,C1,N5,Uncoarsened,FullQubo,N5 Uncoarsened FullQubo,total_route_duration,1925.2970698203576
result_quantum_5customer.json,C106,C,C1,N5,Uncoarsened,FullQubo,N5 Uncoarsened FullQubo,total_service_time,450.0
result_quantum_5customer.json,C106,C,C1,N5,Uncoarsened,FullQubo,N5 Uncoarsened FullQubo,total_waiting_time,1394.5316360020533
result_quantum_5customer.json,C106,C,C1,N5,Uncoarsened,AveragePartitionSolver,N5 Uncoarsened AveragePartitionSolver,capacity_violations,0.0
result_quantum_5customer.json,C106,C,C1,N5,Uncoarsened,AveragePartitionSolver,N5 Uncoarsened AveragePartitionSolver,computation_time,6.805161333002616
result_quantum_5customer.json,C106,C,C1,N5,Uncoarsened,AveragePartitionSolver,N5 Uncoarsened AveragePartitionSolver,num_vehicles,2.0
result_quantum_5customer.json,C106,C,C1,N5,Uncoarsened,AveragePartitionSolver,N5 Uncoarsened AveragePartitionSolver,time_window_violations,0.0
result_quantum_5customer.json,C106,C,C1,N5,Uncoarsened,AveragePartitionSolver,N5 Uncoarsened AveragePartitionSolver,total_demand_served,70.0
result_quantum_5customer.json,C106,C,C1,N5,Uncoarsened,AveragePartitionSolver,N5 Uncoarsened AveragePartitionSolver,total_distance,77.54058604705409
result_quantum_5customer.json,C106,C,C1,N5,Uncoarsened,AveragePartitionSolver,N5 Uncoarsened AveragePartitionSolver,total_route_duration,1827.7923119685443
result_quantum_5customer.json,C106,C,C1,N5,Uncoarsened,AveragePartitionSolver,N5 Uncoarsened AveragePartitionSolver,total_service_time,450.0
result_quantum_5customer.json,C106,C,C1,N5,Uncoarsened,AveragePartitionSolver,N5 Uncoarsened AveragePartitionSolver,total_waiting_time,1300.25172592149
result_quantum_5customer.json,C106,C,C1,N5,Inflated,FullQubo,N5 Inflated FullQubo,capacity_violations,0.0
result_quantum_5customer.json,C106,C,C1,N5,Inflated,FullQubo,N5 Inflated FullQubo,computation_time,2.00121554202633
result_quantum_5customer.json,C106,C,C1,N5,Inflated,FullQubo,N5 Inflated FullQubo,num_vehicles,2.0
result_quantum_5customer.json,C106,C,C1,N5,Inflated,FullQubo,N5 Inflated FullQubo,time_window_violations,0.0
result_quantum_5customer.json,C106,C,C1,N5,Inflated,FullQubo,N5 Inflated FullQubo,total_demand_served,70.0
result_quantum_5customer.json,C106,C,C1,N5,Inflated,FullQubo,N5 Inflated FullQubo,total_distance,74.65512469102688
result_quantum_5customer.json,C106,C,C1,N5,Inflated,FullQubo,N5 Inflated FullQubo,total_route_duration,1228.9388031392882
result_quantum_5customer.json,C106,C,C1,N5,Inflated,FullQubo,N5 Inflated FullQubo,total_service_time,450.0
result_quantum_5customer.json,C106,C,C1,N5,Inflated,FullQubo,N5 Inflated FullQubo,total_waiting_time,704.2836784482612
result_quantum_5customer.json,C106,C,C1,N5,Inflated,AveragePartitionSolver,N5 Inflated AveragePartitionSolver,capacity_violations,0.0
result_quantum_5customer.json,C106,C,C1,N5,Inflated,AveragePartitionSolver,N5 Inflated AveragePartitionSolver,computation_time,2.0036114579997957
result_quantum_5customer.json,C106,C,C1,N5,Inflated,AveragePartitionSolver,N5 Inflated AveragePartitionSolver,num_vehicles,2.0
result_quantum_5customer.json,C106,C,C1,N5,Inflated,AveragePartitionSolver,N5 Inflated AveragePartitionSolver,time_window_violations,0.0
result_quantum_5customer.json,C106,C,C1,N5,Inflated,AveragePartitionSolver,N5 Inflated AveragePartitionSolver,total_demand_served,70.0
result_quantum_5customer.json,C106,C,C1,N5,Inflated,AveragePartitionSolver,N5 Inflated AveragePartitionSolver,total_distance,74.65512469102688
result_quantum_5customer.json,C106,C,C1,N5,Inflated,AveragePartitionSolver,N5 Inflated AveragePartitionSolver,total_route_duration,1228.9388031392882
result_quantum_5customer.json,C106,C,C1,N5,Inflated,AveragePartitionSolver,N5 Inflated AveragePartitionSolver,total_service_time,450.0
result_quantum_5customer.json,C106,C,C1,N5,Inflated,AveragePartitionSolver,N5 Inflated AveragePartitionSolver,total_waiting_time,704.2836784482612
result_quantum_5customer.json,C107,C,C1,N5,Uncoarsened,FullQubo,N5 Uncoarsened FullQubo,capacity_violations,0.0
result_quantum_5customer.json,C107,C,C1,N5,Uncoarsened,FullQubo,N5 Uncoarsened FullQubo,computation_time,6.786480334005319
result_quantum_5customer.json,C107,C,C1,N5,Uncoarsened,FullQubo,N5 Uncoarsened FullQubo,num_vehicles,2.0
result_quantum_5customer.json,C107,C,C1,N5,Uncoarsened,FullQubo,N5 Uncoarsened FullQubo,time_window_violations,0.0
result_quantum_5customer.json,C107,C,C1,N5,Uncoarsened,FullQubo,N5 Uncoarsened FullQubo,total_demand_served,70.0
result_quantum_5customer.json,C107,C,C1,N5,Uncoarsened,FullQubo,N5 Uncoarsened FullQubo,total_distance,77.88052531040819
result_quantum_5customer.json,C107,C,C1,N5,Uncoarsened,FullQubo,N5 Uncoarsened FullQubo,total_route_duration,1731.7923119685443
result_quantum_5customer.json,C107,C,C1,N5,Uncoarsened,FullQubo,N5 Uncoarsened FullQubo,total_service_time,450.0
result_quantum_5customer.json,C107,C,C1,N5,Uncoarsened,FullQubo,N5 Uncoarsened FullQubo,total_waiting_time,1203.911786658136
result_quantum_5customer.json,C107,C,C1,N5,Uncoarsened,AveragePartitionSolver,N5 Uncoarsened AveragePartitionSolver,capacity_violations,0.0
result_quantum_5customer.json,C107,C,C1,N5,Uncoarsened,AveragePartitionSolver,N5 Uncoarsened AveragePartitionSolver,computation_time,6.805983499973081
result_quantum_5customer.json,C107,C,C1,N5,Uncoarsened,AveragePartitionSolver,N5 Uncoarsened AveragePartitionSolver,num_vehicles,2.0
result_quantum_5customer.json,C107,C,C1,N5,Uncoarsened,AveragePartitionSolver,N5 Uncoarsened AveragePartitionSolver,time_window_violations,0.0
result_quantum_5customer.json,C107,C,C1,N5,Uncoarsened,AveragePartitionSolver,N5 Uncoarsened AveragePartitionSolver,total_demand_served,70.0
result_quantum_5customer.json,C107,C,C1,N5,Uncoarsened,AveragePartitionSolver,N5 Uncoarsened AveragePartitionSolver,total_distance,72.6771003651736
result_quantum_5customer.json,C107,C,C1,N5,Uncoarsened,AveragePartitionSolver,N5 Uncoarsened AveragePartitionSolver,total_route_duration,1079.5525848685766
result_quantum_5customer.json,C107,C,C1,N5,Uncoarsened,AveragePartitionSolver,N5 Uncoarsened AveragePartitionSolver,total_service_time,450.0
result_quantum_5customer.json,C107,C,C1,N5,Uncoarsened,AveragePartitionSolver,N5 Uncoarsened AveragePartitionSolver,total_waiting_time,556.875484503403
result_quantum_5customer.json,C107,C,C1,N5,Inflated,FullQubo,N5 Inflated FullQubo,capacity_violations,0.0
result_quantum_5customer.json,C107,C,C1,N5,Inflated,FullQubo,N5 Inflated FullQubo,computation_time,2.0009051249944605
result_quantum_5customer.json,C107,C,C1,N5,Inflated,FullQubo,N5 Inflated FullQubo,num_vehicles,2.0
result_quantum_5customer.json,C107,C,C1,N5,Inflated,FullQubo,N5 Inflated FullQubo,time_window_violations,0.0
result_quantum_5customer.json,C107,C,C1,N5,Inflated,FullQubo,N5 Inflated FullQubo,total_demand_served,70.0
result_quantum_5customer.json,C107,C,C1,N5,Inflated,FullQubo,N5 Inflated FullQubo,total_distance,74.65512469102688
result_quantum_5customer.json,C107,C,C1,N5,Inflated,FullQubo,N5 Inflated FullQubo,total_route_duration,1171.544354414752
result_quantum_5customer.json,C107,C,C1,N5,Inflated,FullQubo,N5 Inflated FullQubo,total_service_time,450.0
result_quantum_5customer.json,C107,C,C1,N5,Inflated,FullQubo,N5 Inflated FullQubo,total_waiting_time,646.8892297237252
result_quantum_5customer.json,C107,C,C1,N5,Inflated,AveragePartitionSolver,N5 Inflated AveragePartitionSolver,capacity_violations,0.0
result_quantum_5customer.json,C107,C,C1,N5,Inflated,AveragePartitionSolver,N5 Inflated AveragePartitionSolver,computation_time,1.9987817499786615
result_quantum_5customer.json,C107,C,C1,N5,Inflated,AveragePartitionSolver,N5 Inflated AveragePartitionSolver,num_vehicles,2.0
result_quantum_5customer.json,C107,C,C1,N5,Inflated,AveragePartitionSolver,N5 Inflated AveragePartitionSolver,time_window_violations,0.0
result_quantum_5customer.json,C107,C,C1,N5,Inflated,AveragePartitionSolver,N5 Inflated AveragePartitionSolver,total_demand_served,70.0
result_quantum_5customer.json,C107,C,C1,N5,Inflated,AveragePartitionSolver,N5 Inflated AveragePartitionSolver,total_distance,74.65512469102688
result_quantum_5customer.json,C107,C,C1,N5,Inflated,AveragePartitionSolver,N5 Inflated AveragePartitionSolver,total_route_duration,1171.544354414752
result_quantum_5customer.json,C107,C,C1,N5,Inflated,AveragePartitionSolver,N5 Inflated AveragePartitionSolver,total_service_time,450.0
result_quantum_5customer.json,C107,C,C1,N5,Inflated,AveragePartitionSolver,N5 Inflated AveragePartitionSolver,total_waiting_time,646.8892297237252
result_quantum_5customer.json,C108,C,C1,N5,Uncoarsened,FullQubo,N5 Uncoarsened FullQubo,capacity_violations,0.0
result_quantum_5customer.json,C108,C,C1,N5,Uncoarsened,FullQubo,N5 Uncoarsened FullQubo,computation_time,6.8027475829585455
result_quantum_5customer.json,C108,C,C1,N5,Uncoarsened,FullQubo,N5 Uncoarsened FullQubo,num_vehicles,2.0
result_quantum_5customer.json,C108,C,C1,N5,Uncoarsened,FullQubo,N5 Uncoarsened FullQubo,time_window_violations,0.0
result_quantum_5customer.json,C108,C,C1,N5,Uncoarsened,FullQubo,N5 Uncoarsened FullQubo,total_demand_served,70.0
result_quantum_5customer.json,C108,C,C1,N5,Uncoarsened,FullQubo,N5 Uncoarsened FullQubo,total_distance,83.0371134450431
result_quantum_5customer.json,C108,C,C1,N5,Uncoarsened,FullQubo,N5 Uncoarsened FullQubo,total_route_duration,1805.2970698203576
result_quantum_5customer.json,C108,C,C1,N5,Uncoarsened,FullQubo,N5 Uncoarsened FullQubo,total_service_time,450.0
result_quantum_5customer.json,C108,C,C1,N5,Uncoarsened,FullQubo,N5 Uncoarsened FullQubo,total_waiting_time,1272.2599563753147
result_quantum_5customer.json,C108,C,C1,N5,Uncoarsened,AveragePartitionSolver,N5 Uncoarsened AveragePartitionSolver,capacity_violations,0.0
result_quantum_5customer.json,C108,C,C1,N5,Uncoarsened,AveragePartitionSolver,N5 Uncoarsened AveragePartitionSolver,computation_time,6.80852879199665
result_quantum_5customer.json,C108,C,C1,N5,Uncoarsened,AveragePartitionSolver,N5 Uncoarsened AveragePartitionSolver,num_vehicles,2.0
result_quantum_5customer.json,C108,C,C1,N5,Uncoarsened,AveragePartitionSolver,N5 Uncoarsened AveragePartitionSolver,time_window_violations,0.0
result_quantum_5customer.json,C108,C,C1,N5,Uncoarsened,AveragePartitionSolver,N5 Uncoarsened AveragePartitionSolver,total_demand_served,70.0
result_quantum_5customer.json,C108,C,C1,N5,Uncoarsened,AveragePartitionSolver,N5 Uncoarsened AveragePartitionSolver,total_distance,78.04957341556289
result_quantum_5customer.json,C108,C,C1,N5,Uncoarsened,AveragePartitionSolver,N5 Uncoarsened AveragePartitionSolver,total_route_duration,1707.7923119685443
result_quantum_5customer.json,C108,C,C1,N5,Uncoarsened,AveragePartitionSolver,N5 Uncoarsened AveragePartitionSolver,total_service_time,450.0
result_quantum_5customer.json,C108,C,C1,N5,Uncoarsened,AveragePartitionSolver,N5 Uncoarsened AveragePartitionSolver,total_waiting_time,1179.7427385529813
result_quantum_5customer.json,C108,C,C1,N5,Inflated,FullQubo,N5 Inflated FullQubo,capacity_violations,0.0
result_quantum_5customer.json,C108,C,C1,N5,Inflated,FullQubo,N5 Inflated FullQubo,computation_time,2.1652512500295416
result_quantum_5customer.json,C108,C,C1,N5,Inflated,FullQubo,N5 Inflated FullQubo,num_vehicles,2.0
result_quantum_5customer.json,C108,C,C1,N5,Inflated,FullQubo,N5 Inflated FullQubo,time_window_violations,0.0
result_quantum_5customer.json,C108,C,C1,N5,Inflated,FullQubo,N5 Inflated FullQubo,total_demand_served,70.0
result_quantum_5customer.json,C108,C,C1,N5,Inflated,FullQubo,N5 Inflated FullQubo,total_distance,74.65512469102688
result_quantum_5customer.json,C108,C,C1,N5,Inflated,FullQubo,N5 Inflated FullQubo,total_route_duration,1168.9388031392882
result_quantum_5customer.json,C108,C,C1,N5,Inflated,FullQubo,N5 Inflated FullQubo,total_service_time,450.0
result_quantum_5customer.json,C108,C,C1,N5,Inflated,FullQubo,N5 Inflated FullQubo,total_waiting_time,644.2836784482612
result_quantum_5customer.json,C108,C,C1,N5,Inflated,AveragePartitionSolver,N5 Inflated AveragePartitionSolver,capacity_violations,0.0
result_quantum_5customer.json,C108,C,C1,N5,Inflated,AveragePartitionSolver,N5 Inflated AveragePartitionSolver,computation_time,1.999138707993552
result_quantum_5customer.json,C108,C,C1,N5,Inflated,AveragePartitionSolver,N5 Inflated AveragePartitionSolver,num_vehicles,2.0
result_quantum_5customer.json,C108,C,C1,N5,Inflated,AveragePartitionSolver,N5 Inflated AveragePartitionSolver,time_window_violations,0.0
result_quantum_5customer.json,C108,C,C1,N5,Inflated,AveragePartitionSolver,N5 Inflated AveragePartitionSolver,total_demand_served,70.0
result_quantum_5customer.json,C108,C,C1,N5,Inflated,AveragePartitionSolver,N5 Inflated AveragePartitionSolver,total_distance,74.65512469102688
result_quantum_5customer.json,C108,C,C1,N5,Inflated,AveragePartitionSolver,N5 Inflated AveragePartitionSolver,total_route_duration,1168.9388031392882
result_quantum_5customer.json,C108,C,C1,N5,Inflated,AveragePartitionSolver,N5 Inflated AveragePartitionSolver,total_service_time,450.0
result_quantum_5customer.json,C108,C,C1,N5,Inflated,AveragePartitionSolver,N5 Inflated AveragePartitionSolver,total_waiting_time,644.2836784482612
result_quantum_5customer.json,C109,C,C1,N5,Uncoarsened,FullQubo,N5 Uncoarsened FullQubo,capacity_violations,0.0
result_quantum_5customer.json,C109,C,C1,N5,Uncoarsened,FullQubo,N5 Uncoarsened FullQubo,computation_time,6.816354541981127
result_quantum_5customer.json,C109,C,C1,N5,Uncoarsened,FullQubo,N5 Uncoarsened FullQubo,num_vehicles,2.0
result_quantum_5customer.json,C109,C,C1,N5,Uncoarsened,FullQubo,N5 Uncoarsened FullQubo,time_window_violations,0.0
result_quantum_5customer.json,C109,C,C1,N5,Uncoarsened,FullQubo,N5 Uncoarsened FullQubo,total_demand_served,70.0
result_quantum_5customer.json,C109,C,C1,N5,Uncoarsened,FullQubo,N5 Uncoarsened FullQubo,total_distance,80.75168859798208
result_quantum_5customer.json,C109,C,C1,N5,Uncoarsened,FullQubo,N5 Uncoarsened FullQubo,total_route_duration,1647.9026210958218
result_quantum_5customer.json,C109,C,C1,N5,Uncoarsened,FullQubo,N5 Uncoarsened FullQubo,total_service_time,450.0
result_quantum_5customer.json,C109,C,C1,N5,Uncoarsened,FullQubo,N5 Uncoarsened FullQubo,total_waiting_time,1117.1509324978397
result_quantum_5customer.json,C109,C,C1,N5,Uncoarsened,AveragePartitionSolver,N5 Uncoarsened AveragePartitionSolver,capacity_violations,0.0
result_quantum_5customer.json,C109,C,C1,N5,Uncoarsened,AveragePartitionSolver,N5 Uncoarsened AveragePartitionSolver,computation_time,6.810215916018933
result_quantum_5customer.json,C109,C,C1,N5,Uncoarsened,AveragePartitionSolver,N5 Uncoarsened AveragePartitionSolver,num_vehicles,2.0
result_quantum_5customer.json,C109,C,C1,N5,Uncoarsened,AveragePartitionSolver,N5 Uncoarsened AveragePartitionSolver,time_window_violations,0.0
result_quantum_5customer.json,C109,C,C1,N5,Uncoarsened,AveragePartitionSolver,N5 Uncoarsened AveragePartitionSolver,total_demand_served,70.0
result_quantum_5customer.json,C109,C,C1,N5,Uncoarsened,AveragePartitionSolver,N5 Uncoarsened AveragePartitionSolver,total_distance,81.55433126737637
result_quantum_5customer.json,C109,C,C1,N5,Uncoarsened,AveragePartitionSolver,N5 Uncoarsened AveragePartitionSolver,total_route_duration,1647.2970698203576
result_quantum_5customer.json,C109,C,C1,N5,Uncoarsened,AveragePartitionSolver,N5 Uncoarsened AveragePartitionSolver,total_service_time,450.0
result_quantum_5customer.json,C109,C,C1,N5,Uncoarsened,AveragePartitionSolver,N5 Uncoarsened AveragePartitionSolver,total_waiting_time,1115.7427385529813
result_quantum_5customer.json,C109,C,C1,N5,Inflated,FullQubo,N5 Inflated FullQubo,capacity_violations,0.0
result_quantum_5customer.json,C109,C,C1,N5,Inflated,FullQubo,N5 Inflated FullQubo,computation_time,2.1124164999928325
result_quantum_5customer.json,C109,C,C1,N5,Inflated,FullQubo,N5 Inflated FullQubo,num_vehicles,2.0
result_quantum_5customer.json,C109,C,C1,N5,Inflated,FullQubo,N5 Inflated FullQubo,time_window_violations,0.0
result_quantum_5customer.json,C109,C,C1,N5,Inflated,FullQubo,N5 Inflated FullQubo,total_demand_served,70.0
result_quantum_5customer.json,C109,C,C1,N5,Inflated,FullQubo,N5 Inflated FullQubo,total_distance,74.65512469102688
result_quantum_5customer.json,C109,C,C1,N5,Inflated,FullQubo,N5 Inflated FullQubo,total_route_duration,1081.544354414752
result_quantum_5customer.json,C109,C,C1,N5,Inflated,FullQubo,N5 Inflated FullQubo,total_service_time,450.0
result_quantum_5customer.json,C109,C,C1,N5,Inflated,FullQubo,N5 Inflated FullQubo,total_waiting_time,556.8892297237252
result_quantum_5customer.json,C109,C,C1,N5,Inflated,AveragePartitionSolver,N5 Inflated AveragePartitionSolver,capacity_violations,0.0
result_quantum_5customer.json,C109,C,C1,N5,Inflated,AveragePartitionSolver,N5 Inflated AveragePartitionSolver,computation_time,1.9988172090379521
result_quantum_5customer.json,C109,C,C1,N5,Inflated,AveragePartitionSolver,N5 Inflated AveragePartitionSolver,num_vehicles,2.0
result_quantum_5customer.json,C109,C,C1,N5,Inflated,AveragePartitionSolver,N5 Inflated AveragePartitionSolver,time_window_violations,0.0
result_quantum_5customer.json,C109,C,C1,N5,Inflated,AveragePartitionSolver,N5 Inflated AveragePartitionSolver,total_demand_served,70.0
result_quantum_5customer.json,C109,C,C1,N5,Inflated,AveragePartitionSolver,N5 Inflated AveragePartitionSolver,total_distance,74.65512469102688
result_quantum_5customer.json,C109,C,C1,N5,Inflated,AveragePartitionSolver,N5 Inflated AveragePartitionSolver,total_route_duration,1081.544354414752
result_quantum_5customer.json,C109,C,C1,N5,Inflated,AveragePartitionSolver,N5 Inflated AveragePartitionSolver,total_service_time,450.0
result_quantum_5customer.json,C109,C,C1,N5,Inflated,AveragePartitionSolver,N5 Inflated AveragePartitionSolver,total_waiting_time,556.8892297237252
result_quantum_5customer.json,C201,C,C2,N5,Uncoarsened,FullQubo,N5 Uncoarsened FullQubo,capacity_violations,0.0
result_quantum_5customer.json,C201,C,C2,N5,Uncoarsened,FullQubo,N5 Uncoarsened FullQubo,computation_time,7.711582040996291
result_quantum_5customer.json,C201,C,C2,N5,Uncoarsened,FullQubo,N5 Uncoarsened FullQubo,num_vehicles,2.0
result_quantum_5customer.json,C201,C,C2,N5,Uncoarsened,FullQubo,N5 Uncoarsened FullQubo,time_window_violations,0.0
result_quantum_5customer.json,C201,C,C2,N5,Uncoarsened,FullQubo,N5 Uncoarsened FullQubo,total_demand_served,70.0
result_quantum_5customer.json,C201,C,C2,N5,Uncoarsened,FullQubo,N5 Uncoarsened FullQubo,total_distance,122.67283093183684
result_quantum_5customer.json,C201,C,C2,N5,Uncoarsened,FullQubo,N5 Uncoarsened FullQubo,total_route_duration,1805.3433461974555
result_quantum_5customer.json,C201,C,C2,N5,Uncoarsened,FullQubo,N5 Uncoarsened FullQubo,total_service_time,450.0
result_quantum_5customer.json,C201,C,C2,N5,Uncoarsened,FullQubo,N5 Uncoarsened FullQubo,total_waiting_time,1232.6705152656186
result_quantum_5customer.json,C201,C,C2,N5,Uncoarsened,AveragePartitionSolver,N5 Uncoarsened AveragePartitionSolver,capacity_violations,0.0
result_quantum_5customer.json,C201,C,C2,N5,Uncoarsened,AveragePartitionSolver,N5 Uncoarsened AveragePartitionSolver,computation_time,7.770822249993216
result_quantum_5customer.json,C201,C,C2,N5,Uncoarsened,AveragePartitionSolver,N5 Uncoarsened AveragePartitionSolver,num_vehicles,2.0
result_quantum_5customer.json,C201,C,C2,N5,Uncoarsened,AveragePartitionSolver,N5 Uncoarsened AveragePartitionSolver,time_window_violations,0.0
result_quantum_5customer.json,C201,C,C2,N5,Uncoarsened,AveragePartitionSolver,N5 Uncoarsened AveragePartitionSolver,total_demand_served,70.0
result_quantum_5customer.json,C201,C,C2,N5,Uncoarsened,AveragePartitionSolver,N5 Uncoarsened AveragePartitionSolver,total_distance,132.44690869493832
result_quantum_5customer.json,C201,C,C2,N5,Uncoarsened,AveragePartitionSolver,N5 Uncoarsened AveragePartitionSolver,total_route_duration,2662.6813806572286
result_quantum_5customer.json,C201,C,C2,N5,Uncoarsened,AveragePartitionSolver,N5 Uncoarsened AveragePartitionSolver,total_service_time,450.0
result_quantum_5customer.json,C201,C,C2,N5,Uncoarsened,AveragePartitionSolver,N5 Uncoarsened AveragePartitionSolver,total_waiting_time,2080.23447196229
result_quantum_5customer.json,C201,C,C2,N5,Inflated,FullQubo,N5 Inflated FullQubo,capacity_violations,0.0
result_quantum_5customer.json,C201,C,C2,N5,Inflated,FullQubo,N5 Inflated FullQubo,computation_time,2.371437958034221
result_quantum_5customer.json,C201,C,C2,N5,Inflated,FullQubo,N5 Inflated FullQubo,num_vehicles,2.0
result_quantum_5customer.json,C201,C,C2,N5,Inflated,FullQubo,N5 Inflated FullQubo,time_window_violations,0.0
result_quantum_5customer.json,C201,C,C2,N5,Inflated,FullQubo,N5 Inflated FullQubo,total_demand_served,70.0
result_quantum_5customer.json,C201,C,C2,N5,Inflated,FullQubo,N5 Inflated FullQubo,total_distance,115.58380429272623
result_quantum_5customer.json,C201,C,C2,N5,Inflated,FullQubo,N5 Inflated FullQubo,total_route_duration,1805.945671464498
result_quantum_5customer.json,C201,C,C2,N5,Inflated,FullQubo,N5 Inflated FullQubo,total_service_time,450.0
result_quantum_5customer.json,C201,C,C2,N5,Inflated,FullQubo,N5 Inflated FullQubo,total_waiting_time,1240.3618671717718
result_quantum_5customer.json,C201,C,C2,N5,Inflated,AveragePartitionSolver,N5 Inflated AveragePartitionSolver,capacity_violations,0.0
result_quantum_5customer.json,C201,C,C2,N5,Inflated,AveragePartitionSolver,N5 Inflated AveragePartitionSolver,computation_time,2.364734542032238
result_quantum_5customer.json,C201,C,C2,N5,Inflated,AveragePartitionSolver,N5 Inflated AveragePartitionSolver,num_vehicles,2.0
result_quantum_5customer.json,C201,C,C2,N5,Inflated,AveragePartitionSolver,N5 Inflated AveragePartitionSolver,time_window_violations,0.0
result_quantum_5customer.json,C201,C,C2,N5,Inflated,AveragePartitionSolver,N5 Inflated AveragePartitionSolver,total_demand_served,70.0
result_quantum_5customer.json,C201,C,C2,N5,Inflated,AveragePartitionSolver,N5 Inflated AveragePartitionSolver,total_distance,115.58380429272623
result_quantum_5customer.json,C201,C,C2,N5,Inflated,AveragePartitionSolver,N5 Inflated AveragePartitionSolver,total_route_duration,1805.945671464498
result_quantum_5customer.json,C201,C,C2,N5,Inflated,AveragePartitionSolver,N5 Inflated AveragePartitionSolver,total_service_time,450.0
result_quantum_5customer.json,C201,C,C2,N5,Inflated,AveragePartitionSolver,N5 Inflated AveragePartitionSolver,total_waiting_time,1240.3618671717718
result_quantum_5customer.json,C202,C,C2,N5,Uncoarsened,FullQubo,N5 Uncoarsened FullQubo,capacity_violations,0.0
result_quantum_5customer.json,C202,C,C2,N5,Uncoarsened,FullQubo,N5 Uncoarsened FullQubo,computation_time,7.739052166987676
result_quantum_5customer.json,C202,C,C2,N5,Uncoarsened,FullQubo,N5 Uncoarsened FullQubo,num_vehicles,2.0
result_quantum_5customer.json,C202,C,C2,N5,Uncoarsened,FullQubo,N5 Uncoarsened FullQubo,time_window_violations,0.0
result_quantum_5customer.json,C202,C,C2,N5,Uncoarsened,FullQubo,N5 Uncoarsened FullQubo,total_demand_served,70.0
result_quantum_5customer.json,C202,C,C2,N5,Uncoarsened,FullQubo,N5 Uncoarsened FullQubo,total_distance,127.8243029501756
result_quantum_5customer.json,C202,C,C2,N5,Uncoarsened,FullQubo,N5 Uncoarsened FullQubo,total_route_duration,1496.8779888505744
result_quantum_5customer.json,C202,C,C2,N5,Uncoarsened,FullQubo,N5 Uncoarsened FullQubo,total_service_time,450.0
result_quantum_5customer.json,C202,C,C2,N5,Uncoarsened,FullQubo,N5 Uncoarsened FullQubo,total_waiting_time,919.0536859003988
result_quantum_5customer.json,C202,C,C2,N5,Uncoarsened,AveragePartitionSolver,N5 Uncoarsened AveragePartitionSolver,capacity_violations,0.0
result_quantum_5customer.json,C202,C,C2,N5,Uncoarsened,AveragePartitionSolver,N5 Uncoarsened AveragePartitionSolver,computation_time,7.720824749965686
result_quantum_5customer.json,C202,C,C2,N5,Uncoarsened,AveragePartitionSolver,N5 Uncoarsened AveragePartitionSolver,num_vehicles,2.0
result_quantum_5customer.json,C202,C,C2,N5,Uncoarsened,AveragePartitionSolver,N5 Uncoarsened AveragePartitionSolver,time_window_violations,0.0
result_quantum_5customer.json,C202,C,C2,N5,Uncoarsened,AveragePartitionSolver,N5 Uncoarsened AveragePartitionSolver,total_demand_served,70.0
result_quantum_5customer.json,C202,C,C2,N5,Uncoarsened,AveragePartitionSolver,N5 Uncoarsened AveragePartitionSolver,total_distance,133.64277130418816
result_quantum_5customer.json,C202,C,C2,N5,Uncoarsened,AveragePartitionSolver,N5 Uncoarsened AveragePartitionSolver,total_route_duration,1819.0302743544569
result_quantum_5customer.json,C202,C,C2,N5,Uncoarsened,AveragePartitionSolver,N5 Uncoarsened AveragePartitionSolver,total_service_time,450.0
result_quantum_5customer.json,C202,C,C2,N5,Uncoarsened,AveragePartitionSolver,N5 Uncoarsened AveragePartitionSolver,total_waiting_time,1235.3875030502686
result_quantum_5customer.json,C202,C,C2,N5,Inflated,FullQubo,N5 Inflated FullQubo,capacity_violations,0.0
result_quantum_5customer.json,C202,C,C2,N5,Inflated,FullQubo,N5 Inflated FullQubo,computation_time,2.3680135830072686
result_quantum_5customer.json,C202,C,C2,N5,Inflated,FullQubo,N5 Inflated FullQubo,num_vehicles,2.0
result_quantum_5customer.json,C202,C,C2,N5,Inflated,FullQubo,N5 Inflated FullQubo,time_window_violations,0.0
result_quantum_5customer.json,C202,C,C2,N5,Inflated,FullQubo,N5 Inflated FullQubo,total_demand_served,70.0
result_quantum_5customer.json,C202,C,C2,N5,Inflated,FullQubo,N5 Inflated FullQubo,total_distance,115.58380429272623
result_quantum_5customer.json,C202,C,C2,N5,Inflated,FullQubo,N5 Inflated FullQubo,total_route_duration,1800.9713073429948
result_quantum_5customer.json,C202,C,C2,N5,Inflated,FullQubo,N5 Inflated FullQubo,total_service_time,450.0
result_quantum_5customer.json,C202,C,C2,N5,Inflated,FullQubo,N5 Inflated FullQubo,total_waiting_time,1235.3875030502686
result_quantum_5customer.json,C202,C,C2,N5,Inflated,AveragePartitionSolver,N5 Inflated AveragePartitionSolver,capacity_violations,0.0
result_quantum_5customer.json,C202,C,C2,N5,Inflated,AveragePartitionSolver,N5 Inflated AveragePartitionSolver,computation_time,2.378825624997262
result_quantum_5customer.json,C202,C,C2,N5,Inflated,AveragePartitionSolver,N5 Inflated AveragePartitionSolver,num_vehicles,2.0
result_quantum_5customer.json,C202,C,C2,N5,Inflated,AveragePartitionSolver,N5 Inflated AveragePartitionSolver,time_window_violations,0.0
result_quantum_5customer.json,C202,C,C2,N5,Inflated,AveragePartitionSolver,N5 Inflated AveragePartitionSolver,total_demand_served,70.0
result_quantum_5customer.json,C202,C,C2,N5,Inflated,AveragePartitionSolver,N5 Inflated AveragePartitionSolver,total_distance,115.58380429272623
result_quantum_5customer.json,C202,C,C2,N5,Inflated,AveragePartitionSolver,N5 Inflated AveragePartitionSolver,total_route_duration,1800.9713073429948
result_quantum_5customer.json,C202,C,C2,N5,Inflated,AveragePartitionSolver,N5 Inflated AveragePartitionSolver,total_service_time,450.0
result_quantum_5customer.json,C202,C,C2,N5,Inflated,AveragePartitionSolver,N5 Inflated AveragePartitionSolver,total_waiting_time,1235.3875030502686
result_quantum_5customer.json,C203,C,C2,N5,Uncoarsened,FullQubo,N5 Uncoarsened FullQubo,capacity_violations,0.0
result_quantum_5customer.json,C203,C,C2,N5,Uncoarsened,FullQubo,N5 Uncoarsened FullQubo,computation_time,7.72177666699281
result_quantum_5customer.json,C203,C,C2,N5,Uncoarsened,FullQubo,N5 Uncoarsened FullQubo,num_vehicles,2.0
result_quantum_5customer.json,C203,C,C2,N5,Uncoarsened,FullQubo,N5 Uncoarsened FullQubo,time_window_violations,0.0
result_quantum_5customer.json,C203,C,C2,N5,Uncoarsened,FullQubo,N5 Uncoarsened FullQubo,total_demand_served,70.0
result_quantum_5customer.json,C203,C,C2,N5,Uncoarsened,FullQubo,N5 Uncoarsened FullQubo,total_distance,144.66014067501376
result_quantum_5customer.json,C203,C,C2,N5,Uncoarsened,FullQubo,N5 Uncoarsened FullQubo,total_route_duration,1507.843553205908
result_quantum_5customer.json,C203,C,C2,N5,Uncoarsened,FullQubo,N5 Uncoarsened FullQubo,total_service_time,450.0
result_quantum_5customer.json,C203,C,C2,N5,Uncoarsened,FullQubo,N5 Uncoarsened FullQubo,total_waiting_time,913.1834125308942
result_quantum_5customer.json,C203,C,C2,N5,Uncoarsened,AveragePartitionSolver,N5 Uncoarsened AveragePartitionSolver,capacity_violations,0.0
result_quantum_5customer.json,C203,C,C2,N5,Uncoarsened,AveragePartitionSolver,N5 Uncoarsened AveragePartitionSolver,computation_time,7.7076524589792825
result_quantum_5customer.json,C203,C,C2,N5,Uncoarsened,AveragePartitionSolver,N5 Uncoarsened AveragePartitionSolver,num_vehicles,2.0
result_quantum_5customer.json,C203,C,C2,N5,Uncoarsened,AveragePartitionSolver,N5 Uncoarsened AveragePartitionSolver,time_window_violations,0.0
result_quantum_5customer.json,C203,C,C2,N5,Uncoarsened,AveragePartitionSolver,N5 Uncoarsened AveragePartitionSolver,total_demand_served,70.0
result_quantum_5customer.json,C203,C,C2,N5,Uncoarsened,AveragePartitionSolver,N5 Uncoarsened AveragePartitionSolver,total_distance,141.20444386566328
result_quantum_5customer.json,C203,C,C2,N5,Uncoarsened,AveragePartitionSolver,N5 Uncoarsened AveragePartitionSolver,total_route_duration,1729.0439415379217
result_quantum_5customer.json,C203,C,C2,N5,Uncoarsened,AveragePartitionSolver,N5 Uncoarsened AveragePartitionSolver,total_service_time,450.0
result_quantum_5customer.json,C203,C,C2,N5,Uncoarsened,AveragePartitionSolver,N5 Uncoarsened AveragePartitionSolver,total_waiting_time,1137.8394976722584
result_quantum_5customer.json,C203,C,C2,N5,Inflated,FullQubo,N5 Inflated FullQubo,capacity_violations,0.0
result_quantum_5customer.json,C203,C,C2,N5,Inflated,FullQubo,N5 Inflated FullQubo,computation_time,2.3733073330367915
result_quantum_5customer.json,C203,C,C2,N5,Inflated,FullQubo,N5 Inflated FullQubo,num_vehicles,2.0
result_quantum_5customer.json,C203,C,C2,N5,Inflated,FullQubo,N5 Inflated FullQubo,time_window_violations,0.0
result_quantum_5customer.json,C203,C,C2,N5,Inflated,FullQubo,N5 Inflated FullQubo,total_demand_served,70.0
result_quantum_5customer.json,C203,C,C2,N5,Inflated,FullQubo,N5 Inflated FullQubo,total_distance,115.58380429272623
result_quantum_5customer.json,C203,C,C2,N5,Inflated,FullQubo,N5 Inflated FullQubo,total_route_duration,1800.9713073429948
result_quantum_5customer.json,C203,C,C2,N5,Inflated,FullQubo,N5 Inflated FullQubo,total_service_time,450.0
result_quantum_5customer.json,C203,C,C2,N5,Inflated,FullQubo,N5 Inflated FullQubo,total_waiting_time,1235.3875030502686
result_quantum_5customer.json,C203,C,C2,N5,Inflated,AveragePartitionSolver,N5 Inflated AveragePartitionSolver,capacity_violations,0.0
result_quantum_5customer.json,C203,C,C2,N5,Inflated,AveragePartitionSolver,N5 Inflated AveragePartitionSolver,computation_time,2.37182825000491
result_quantum_5customer.json,C203,C,C2,N5,Inflated,AveragePartitionSolver,N5 Inflated AveragePartitionSolver,num_vehicles,2.0
result_quantum_5customer.json,C203,C,C2,N5,Inflated,AveragePartitionSolver,N5 Inflated AveragePartitionSolver,time_window_violations,0.0
result_quantum_5customer.json,C203,C,C2,N5,Inflated,AveragePartitionSolver,N5 Inflated AveragePartitionSolver,total_demand_served,70.0
result_quantum_5customer.json,C203,C,C2,N5,Inflated,AveragePartitionSolver,N5 Inflated AveragePartitionSolver,total_distance,115.58380429272623
result_quantum_5customer.json,C203,C,C2,N5,Inflated,AveragePartitionSolver,N5 Inflated AveragePartitionSolver,total_route_duration,1800.9713073429948
result_quantum_5customer.json,C203,C,C2,N5,Inflated,AveragePartitionSolver,N5 Inflated AveragePartitionSolver,total_service_time,450.0
result_quantum_5customer.json,C203,C,C2,N5,Inflated,AveragePartitionSolver,N5 Inflated AveragePartitionSolver,total_waiting_time,1235.3875030502686
result_quantum_5customer.json,C204,C,C2,N5,Uncoarsened,FullQubo,N5 Uncoarsened FullQubo,capacity_violations,0.0
result_quantum_5customer.json,C204,C,C2,N5,Uncoarsened,FullQubo,N5 Uncoarsened FullQubo,computation_time,7.753281540994067
result_quantum_5customer.json,C204,C,C2,N5,Uncoarsened,FullQubo,N5 Uncoarsened FullQubo,num_vehicles,2.0
result_quantum_5customer.json,C204,C,C2,N5,Uncoarsened,FullQubo,N5 Uncoarsened FullQubo,time_window_violations,0.0
result_quantum_5customer.json,C204,C,C2,N5,Uncoarsened,FullQubo,N5 Uncoarsened FullQubo,total_demand_served,70.0
result_quantum_5customer.json,C204,C,C2,N5,Uncoarsened,FullQubo,N5 Uncoarsened FullQubo,total_distance,121.6955748728431
result_quantum_5customer.json,C204,C,C2,N5,Uncoarsened,FullQubo,N5 Uncoarsened FullQubo,total_route_duration,1807.083077923112
result_quantum_5customer.json,C204,C,C2,N5,Uncoarsened,FullQubo,N5 Uncoarsened FullQubo,total_service_time,450.0
result_quantum_5customer.json,C204,C,C2,N5,Uncoarsened,FullQubo,N5 Uncoarsened FullQubo,total_waiting_time,1235.3875030502686
result_quantum_5customer.json,C204,C,C2,N5,Uncoarsened,AveragePartitionSolver,N5 Uncoarsened AveragePartitionSolver,capacity_violations,0.0
result_quantum_5customer.json,C204,C,C2,N5,Uncoarsened,AveragePartitionSolver,N5 Uncoarsened AveragePartitionSolver,computation_time,7.714425499958452
result_quantum_5customer.json,C204,C,C2,N5,Uncoarsened,AveragePartitionSolver,N5 Uncoarsened AveragePartitionSolver,num_vehicles,2.0
result_quantum_5customer.json,C204,C,C2,N5,Uncoarsened,AveragePartitionSolver,N5 Uncoarsened AveragePartitionSolver,time_window_violations,0.0
result_quantum_5customer.json,C204,C,C2,N5,Uncoarsened,AveragePartitionSolver,N5 Uncoarsened AveragePartitionSolver,total_demand_served,70.0
result_quantum_5customer.json,C204,C,C2,N5,Uncoarsened,AveragePartitionSolver,N5 Uncoarsened AveragePartitionSolver,total_distance,121.6955748728431
result_quantum_5customer.json,C204,C,C2,N5,Uncoarsened,AveragePartitionSolver,N5 Uncoarsened AveragePartitionSolver,total_route_duration,1807.083077923112
result_quantum_5customer.json,C204,C,C2,N5,Uncoarsened,AveragePartitionSolver,N5 Uncoarsened AveragePartitionSolver,total_service_time,450.0
result_quantum_5customer.json,C204,C,C2,N5,Uncoarsened,AveragePartitionSolver,N5 Uncoarsened AveragePartitionSolver,total_waiting_time,1235.3875030502686
result_quantum_5customer.json,C204,C,C2,N5,Inflated,FullQubo,N5 Inflated FullQubo,capacity_violations,0.0
result_quantum_5customer.json,C204,C,C2,N5,Inflated,FullQubo,N5 Inflated FullQubo,computation_time,2.429144708032254
result_quantum_5customer.json,C204,C,C2,N5,Inflated,FullQubo,N5 Inflated FullQubo,num_vehicles,2.0
result_quantum_5customer.json,C204,C,C2,N5,Inflated,FullQubo,N5 Inflated FullQubo,time_window_violations,0.0
result_quantum_5customer.json,C204,C,C2,N5,Inflated,FullQubo,N5 Inflated FullQubo,total_demand_served,70.0
result_quantum_5customer.json,C204,C,C2,N5,Inflated,FullQubo,N5 Inflated FullQubo,total_distance,115.58380429272623
result_quantum_5customer.json,C204,C,C2,N5,Inflated,FullQubo,N5 Inflated FullQubo,total_route_duration,1800.9713073429948
result_quantum_5customer.json,C204,C,C2,N5,Inflated,FullQubo,N5 Inflated FullQubo,total_service_time,450.0
result_quantum_5customer.json,C204,C,C2,N5,Inflated,FullQubo,N5 Inflated FullQubo,total_waiting_time,1235.3875030502686
result_quantum_5customer.json,C204,C,C2,N5,Inflated,AveragePartitionSolver,N5 Inflated AveragePartitionSolver,capacity_violations,0.0
result_quantum_5customer.json,C204,C,C2,N5,Inflated,AveragePartitionSolver,N5 Inflated AveragePartitionSolver,computation_time,2.368338499974925
result_quantum_5customer.json,C204,C,C2,N5,Inflated,AveragePartitionSolver,N5 Inflated AveragePartitionSolver,num_vehicles,2.0
result_quantum_5customer.json,C204,C,C2,N5,Inflated,AveragePartitionSolver,N5 Inflated AveragePartitionSolver,time_window_violations,0.0
result_quantum_5customer.json,C204,C,C2,N5,Inflated,AveragePartitionSolver,N5 Inflated AveragePartitionSolver,total_demand_served,70.0
result_quantum_5customer.json,C204,C,C2,N5,Inflated,AveragePartitionSolver,N5 Inflated AveragePartitionSolver,total_distance,115.58380429272623
result_quantum_5customer.json,C204,C,C2,N5,Inflated,AveragePartitionSolver,N5 Inflated AveragePartitionSolver,total_route_duration,1800.9713073429948
result_quantum_5customer.json,C204,C,C2,N5,Inflated,AveragePartitionSolver,N5 Inflated AveragePartitionSolver,total_service_time,450.0
result_quantum_5customer.json,C204,C,C2,N5,Inflated,AveragePartitionSolver,N5 Inflated AveragePartitionSolver,total_waiting_time,1235.3875030502686
result_quantum_5customer.json,C205,C,C2,N5,Uncoarsened,FullQubo,N5 Uncoarsened FullQubo,capacity_violations,0.0
result_quantum_5customer.json,C205,C,C2,N5,Uncoarsened,FullQubo,N5 Uncoarsened FullQubo,computation_time,7.720040291023906
result_quantum_5customer.json,C205,C,C2,N5,Uncoarsened,FullQubo,N5 Uncoarsened FullQubo,num_vehicles,2.0
result_quantum_5customer.json,C205,C,C2,N5,Uncoarsened,FullQubo,N5 Uncoarsened FullQubo,time_window_violations,0.0
result_quantum_5customer.json,C205,C,C2,N5,Uncoarsened,FullQubo,N5 Uncoarsened FullQubo,total_demand_served,70.0
result_quantum_5customer.json,C205,C,C2,N5,Uncoarsened,FullQubo,N5 Uncoarsened FullQubo,total_distance,133.64277130418816
result_quantum_5customer.json,C205,C,C2,N5,Uncoarsened,FullQubo,N5 Uncoarsened FullQubo,total_route_duration,2502.6813806572286
result_quantum_5customer.json,C205,C,C2,N5,Uncoarsened,FullQubo,N5 Uncoarsened FullQubo,total_service_time,450.0
result_quantum_5customer.json,C205,C,C2,N5,Uncoarsened,FullQubo,N5 Uncoarsened FullQubo,total_waiting_time,1919.0386093530406
result_quantum_5customer.json,C205,C,C2,N5,Uncoarsened,AveragePartitionSolver,N5 Uncoarsened AveragePartitionSolver,capacity_violations,0.0
result_quantum_5customer.json,C205,C,C2,N5,Uncoarsened,AveragePartitionSolver,N5 Uncoarsened AveragePartitionSolver,computation_time,7.724653834011406
result_quantum_5customer.json,C205,C,C2,N5,Uncoarsened,AveragePartitionSolver,N5 Uncoarsened AveragePartitionSolver,num_vehicles,2.0
result_quantum_5customer.json,C205,C,C2,N5,Uncoarsened,AveragePartitionSolver,N5 Uncoarsened AveragePartitionSolver,time_window_violations,0.0
result_quantum_5customer.json,C205,C,C2,N5,Uncoarsened,AveragePartitionSolver,N5 Uncoarsened AveragePartitionSolver,total_demand_served,70.0
result_quantum_5customer.json,C205,C,C2,N5,Uncoarsened,AveragePartitionSolver,N5 Uncoarsened AveragePartitionSolver,total_distance,131.7578688454201
result_quantum_5customer.json,C205,C,C2,N5,Uncoarsened,AveragePartitionSolver,N5 Uncoarsened AveragePartitionSolver,total_route_duration,2502.6813806572286
result_quantum_5customer.json,C205,C,C2,N5,Uncoarsened,AveragePartitionSolver,N5 Uncoarsened AveragePartitionSolver,total_service_time,450.0
result_quantum_5customer.json,C205,C,C2,N5,Uncoarsened,AveragePartitionSolver,N5 Uncoarsened AveragePartitionSolver,total_waiting_time,1920.9235118118086
result_quantum_5customer.json,C205,C,C2,N5,Inflated,FullQubo,N5 Inflated FullQubo,capacity_violations,0.0
result_quantum_5customer.json,C205,C,C2,N5,Inflated,FullQubo,N5 Inflated FullQubo,computation_time,2.3718945409636945
result_quantum_5customer.json,C205,C,C2,N5,Inflated,FullQubo,N5 Inflated FullQubo,num_vehicles,2.0
result_quantum_5customer.json,C205,C,C2,N5,Inflated,FullQubo,N5 Inflated FullQubo,time_window_violations,0.0
result_quantum_5customer.json,C205,C,C2,N5,Inflated,FullQubo,N5 Inflated FullQubo,total_demand_served,70.0
result_quantum_5customer.json,C205,C,C2,N5,Inflated,FullQubo,N5 Inflated FullQubo,total_distance,115.58380429272623
result_quantum_5customer.json,C205,C,C2,N5,Inflated,FullQubo,N5 Inflated FullQubo,total_route_duration,1645.945671464498
result_quantum_5customer.json,C205,C,C2,N5,Inflated,FullQubo,N5 Inflated FullQubo,total_service_time,450.0
result_quantum_5customer.json,C205,C,C2,N5,Inflated,FullQubo,N5 Inflated FullQubo,total_waiting_time,1080.361867171772
result_quantum_5customer.json,C205,C,C2,N5,Inflated,AveragePartitionSolver,N5 Inflated AveragePartitionSolver,capacity_violations,0.0
result_quantum_5customer.json,C205,C,C2,N5,Inflated,AveragePartitionSolver,N5 Inflated AveragePartitionSolver,computation_time,2.3699445410165936
result_quantum_5customer.json,C205,C,C2,N5,Inflated,AveragePartitionSolver,N5 Inflated AveragePartitionSolver,num_vehicles,2.0
result_quantum_5customer.json,C205,C,C2,N5,Inflated,AveragePartitionSolver,N5 Inflated AveragePartitionSolver,time_window_violations,0.0
result_quantum_5customer.json,C205,C,C2,N5,Inflated,AveragePartitionSolver,N5 Inflated AveragePartitionSolver,total_demand_served,70.0
result_quantum_5customer.json,C205,C,C2,N5,Inflated,AveragePartitionSolver,N5 Inflated AveragePartitionSolver,total_distance,115.58380429272623
result_quantum_5customer.json,C205,C,C2,N5,Inflated,AveragePartitionSolver,N5 Inflated AveragePartitionSolver,total_route_duration,1645.945671464498
result_quantum_5customer.json,C205,C,C2,N5,Inflated,AveragePartitionSolver,N5 Inflated AveragePartitionSolver,total_service_time,450.0
result_quantum_5customer.json,C205,C,C2,N5,Inflated,AveragePartitionSolver,N5 Inflated AveragePartitionSolver,total_waiting_time,1080.361867171772
result_quantum_5customer.json,C206,C,C2,N5,Uncoarsened,FullQubo,N5 Uncoarsened FullQubo,capacity_violations,0.0
result_quantum_5customer.json,C206,C,C2,N5,Uncoarsened,FullQubo,N5 Uncoarsened FullQubo,computation_time,7.711818667012267
result_quantum_5customer.json,C206,C,C2,N5,Uncoarsened,FullQubo,N5 Uncoarsened FullQubo,num_vehicles,2.0
result_quantum_5customer.json,C206,C,C2,N5,Uncoarsened,FullQubo,N5 Uncoarsened FullQubo,time_window_violations,0.0
result_quantum_5customer.json,C206,C,C2,N5,Uncoarsened,FullQubo,N5 Uncoarsened FullQubo,total_demand_served,70.0
result_quantum_5customer.json,C206,C,C2,N5,Uncoarsened,FullQubo,N5 Uncoarsened FullQubo,total_distance,121.6955748728431
result_quantum_5customer.json,C206,C,C2,N5,Uncoarsened,FullQubo,N5 Uncoarsened FullQubo,total_route_duration,1691.8303503448624
result_quantum_5customer.json,C206,C,C2,N5,Uncoarsened,FullQubo,N5 Uncoarsened FullQubo,total_service_time,450.0
result_quantum_5customer.json,C206,C,C2,N5,Uncoarsened,FullQubo,N5 Uncoarsened FullQubo,total_waiting_time,1120.134775472019
result_quantum_5customer.json,C206,C,C2,N5,Uncoarsened,AveragePartitionSolver,N5 Uncoarsened AveragePartitionSolver,capacity_violations,0.0
result_quantum_5customer.json,C206,C,C2,N5,Uncoarsened,AveragePartitionSolver,N5 Uncoarsened AveragePartitionSolver,computation_time,7.735404791950714
result_quantum_5customer.json,C206,C,C2,N5,Uncoarsened,AveragePartitionSolver,N5 Uncoarsened AveragePartitionSolver,num_vehicles,2.0
result_quantum_5customer.json,C206,C,C2,N5,Uncoarsened,AveragePartitionSolver,N5 Uncoarsened AveragePartitionSolver,time_window_violations,0.0
result_quantum_5customer.json,C206,C,C2,N5,Uncoarsened,AveragePartitionSolver,N5 Uncoarsened AveragePartitionSolver,total_demand_served,70.0
result_quantum_5customer.json,C206,C,C2,N5,Uncoarsened,AveragePartitionSolver,N5 Uncoarsened AveragePartitionSolver,total_distance,132.7181674071982
result_quantum_5customer.json,C206,C,C2,N5,Uncoarsened,AveragePartitionSolver,N5 Uncoarsened AveragePartitionSolver,total_route_duration,1402.2280250778197
result_quantum_5customer.json,C206,C,C2,N5,Uncoarsened,AveragePartitionSolver,N5 Uncoarsened AveragePartitionSolver,total_service_time,450.0
result_quantum_5customer.json,C206,C,C2,N5,Uncoarsened,AveragePartitionSolver,N5 Uncoarsened AveragePartitionSolver,total_waiting_time,819.5098576706216
result_quantum_5customer.json,C206,C,C2,N5,Inflated,FullQubo,N5 Inflated FullQubo,capacity_violations,0.0
result_quantum_5customer.json,C206,C,C2,N5,Inflated,FullQubo,N5 Inflated FullQubo,computation_time,2.368773166963365
result_quantum_5customer.json,C206,C,C2,N5,Inflated,FullQubo,N5 Inflated FullQubo,num_vehicles,2.0
result_quantum_5customer.json,C206,C,C2,N5,Inflated,FullQubo,N5 Inflated FullQubo,time_window_violations,0.0
result_quantum_5customer.json,C206,C,C2,N5,Inflated,FullQubo,N5 Inflated FullQubo,total_demand_served,70.0
result_quantum_5customer.json,C206,C,C2,N5,Inflated,FullQubo,N5 Inflated FullQubo,total_distance,115.58380429272623
result_quantum_5customer.json,C206,C,C2,N5,Inflated,FullQubo,N5 Inflated FullQubo,total_route_duration,1600.3433461974555
result_quantum_5customer.json,C206,C,C2,N5,Inflated,FullQubo,N5 Inflated FullQubo,total_service_time,450.0
result_quantum_5customer.json,C206,C,C2,N5,Inflated,FullQubo,N5 Inflated FullQubo,total_waiting_time,1034.7595419047293
result_quantum_5customer.json,C206,C,C2,N5,Inflated,AveragePartitionSolver,N5 Inflated AveragePartitionSolver,capacity_violations,0.0
result_quantum_5customer.json,C206,C,C2,N5,Inflated,AveragePartitionSolver,N5 Inflated AveragePartitionSolver,computation_time,2.374618083005771
result_quantum_5customer.json,C206,C,C2,N5,Inflated,AveragePartitionSolver,N5 Inflated AveragePartitionSolver,num_vehicles,2.0
result_quantum_5customer.json,C206,C,C2,N5,Inflated,AveragePartitionSolver,N5 Inflated AveragePartitionSolver,time_window_violations,0.0
result_quantum_5customer.json,C206,C,C2,N5,Inflated,AveragePartitionSolver,N5 Inflated AveragePartitionSolver,total_demand_served,70.0
result_quantum_5customer.json,C206,C,C2,N5,Inflated,AveragePartitionSolver,N5 Inflated AveragePartitionSolver,total_distance,115.58380429272623
result_quantum_5customer.json,C206,C,C2,N5,Inflated,AveragePartitionSolver,N5 Inflated AveragePartitionSolver,total_route_duration,1600.3433461974555
result_quantum_5customer.json,C206,C,C2,N5,Inflated,AveragePartitionSolver,N5 Inflated AveragePartitionSolver,total_service_time,450.0
result_quantum_5customer.json,C206,C,C2,N5,Inflated,AveragePartitionSolver,N5 Inflated AveragePartitionSolver,total_waiting_time,1034.7595419047293
result_quantum_5customer.json,C207,C,C2,N5,Uncoarsened,FullQubo,N5 Uncoarsened FullQubo,capacity_violations,0.0
result_quantum_5customer.json,C207,C,C2,N5,Uncoarsened,FullQubo,N5 Uncoarsened FullQubo,computation_time,7.717488249996677
result_quantum_5customer.json,C207,C,C2,N5,Uncoarsened,FullQubo,N5 Uncoarsened FullQubo,num_vehicles,2.0
result_quantum_5customer.json,C207,C,C2,N5,Uncoarsened,FullQubo,N5 Uncoarsened FullQubo,time_window_violations,0.0
result_quantum_5customer.json,C207,C,C2,N5,Uncoarsened,FullQubo,N5 Uncoarsened FullQubo,total_demand_served,70.0
result_quantum_5customer.json,C207,C,C2,N5,Uncoarsened,FullQubo,N5 Uncoarsened FullQubo,total_distance,114.7972760948311
result_quantum_5customer.json,C207,C,C2,N5,Uncoarsened,FullQubo,N5 Uncoarsened FullQubo,total_route_duration,1579.9399268838042
result_quantum_5customer.json,C207,C,C2,N5,Uncoarsened,FullQubo,N5 Uncoarsened FullQubo,total_service_time,450.0
result_quantum_5customer.json,C207,C,C2,N5,Uncoarsened,FullQubo,N5 Uncoarsened FullQubo,total_waiting_time,1015.1426507889732
result_quantum_5customer.json,C207,C,C2,N5,Uncoarsened,AveragePartitionSolver,N5 Uncoarsened AveragePartitionSolver,capacity_violations,0.0
result_quantum_5customer.json,C207,C,C2,N5,Uncoarsened,AveragePartitionSolver,N5 Uncoarsened AveragePartitionSolver,computation_time,7.727184541989118
result_quantum_5customer.json,C207,C,C2,N5,Uncoarsened,AveragePartitionSolver,N5 Uncoarsened AveragePartitionSolver,num_vehicles,2.0
result_quantum_5customer.json,C207,C,C2,N5,Uncoarsened,AveragePartitionSolver,N5 Uncoarsened AveragePartitionSolver,time_window_violations,0.0
result_quantum_5customer.json,C207,C,C2,N5,Uncoarsened,AveragePartitionSolver,N5 Uncoarsened AveragePartitionSolver,total_demand_served,70.0
result_quantum_5customer.json,C207,C,C2,N5,Uncoarsened,AveragePartitionSolver,N5 Uncoarsened AveragePartitionSolver,total_distance,122.67283093183684
result_quantum_5customer.json,C207,C,C2,N5,Uncoarsened,AveragePartitionSolver,N5 Uncoarsened AveragePartitionSolver,total_route_duration,1782.3433461974555
result_quantum_5customer.json,C207,C,C2,N5,Uncoarsened,AveragePartitionSolver,N5 Uncoarsened AveragePartitionSolver,total_service_time,450.0
result_quantum_5customer.json,C207,C,C2,N5,Uncoarsened,AveragePartitionSolver,N5 Uncoarsened AveragePartitionSolver,total_waiting_time,1209.6705152656186
result_quantum_5customer.json,C207,C,C2,N5,Inflated,FullQubo,N5 Inflated FullQubo,capacity_violations,0.0
result_quantum_5customer.json,C207,C,C2,N5,Inflated,FullQubo,N5 Inflated FullQubo,computation_time,3.708496750041377
result_quantum_5customer.json,C207,C,C2,N5,Inflated,FullQubo,N5 Inflated FullQubo,num_vehicles,2.0
result_quantum_5customer.json,C207,C,C2,N5,Inflated,FullQubo,N5 Inflated FullQubo,time_window_violations,0.0
result_quantum_5customer.json,C207,C,C2,N5,Inflated,FullQubo,N5 Inflated FullQubo,total_demand_served,70.0
result_quantum_5customer.json,C207,C,C2,N5,Inflated,FullQubo,N5 Inflated FullQubo,total_distance,122.67283093183684
result_quantum_5customer.json,C207,C,C2,N5,Inflated,FullQubo,N5 Inflated FullQubo,total_route_duration,1782.3433461974555
result_quantum_5customer.json,C207,C,C2,N5,Inflated,FullQubo,N5 Inflated FullQubo,total_service_time,450.0
result_quantum_5customer.json,C207,C,C2,N5,Inflated,FullQubo,N5 Inflated FullQubo,total_waiting_time,1209.6705152656186
result_quantum_5customer.json,C207,C,C2,N5,Inflated,AveragePartitionSolver,N5 Inflated AveragePartitionSolver,capacity_violations,0.0
result_quantum_5customer.json,C207,C,C2,N5,Inflated,AveragePartitionSolver,N5 Inflated AveragePartitionSolver,computation_time,3.7117474590195343
result_quantum_5customer.json,C207,C,C2,N5,Inflated,AveragePartitionSolver,N5 Inflated AveragePartitionSolver,num_vehicles,2.0
result_quantum_5customer.json,C207,C,C2,N5,Inflated,AveragePartitionSolver,N5 Inflated AveragePartitionSolver,time_window_violations,0.0
result_quantum_5customer.json,C207,C,C2,N5,Inflated,AveragePartitionSolver,N5 Inflated AveragePartitionSolver,total_demand_served,70.0
result_quantum_5customer.json,C207,C,C2,N5,Inflated,AveragePartitionSolver,N5 Inflated AveragePartitionSolver,total_distance,115.58380429272623
result_quantum_5customer.json,C207,C,C2,N5,Inflated,AveragePartitionSolver,N5 Inflated AveragePartitionSolver,total_route_duration,1782.3433461974555
result_quantum_5customer.json,C207,C,C2,N5,Inflated,AveragePartitionSolver,N5 Inflated AveragePartitionSolver,total_service_time,450.0
result_quantum_5customer.json,C207,C,C2,N5,Inflated,AveragePartitionSolver,N5 Inflated AveragePartitionSolver,total_waiting_time,1216.7595419047293
result_quantum_5customer.json,C208,C,C2,N5,Uncoarsened,FullQubo,N5 Uncoarsened FullQubo,capacity_violations,0.0
result_quantum_5customer.json,C208,C,C2,N5,Uncoarsened,FullQubo,N5 Uncoarsened FullQubo,computation_time,7.713619166985154
result_quantum_5customer.json,C208,C,C2,N5,Uncoarsened,FullQubo,N5 Uncoarsened FullQubo,num_vehicles,2.0
result_quantum_5customer.json,C208,C,C2,N5,Uncoarsened,FullQubo,N5 Uncoarsened FullQubo,time_window_violations,0.0
result_quantum_5customer.json,C208,C,C2,N5,Uncoarsened,FullQubo,N5 Uncoarsened FullQubo,total_demand_served,70.0
result_quantum_5customer.json,C208,C,C2,N5,Uncoarsened,FullQubo,N5 Uncoarsened FullQubo,total_distance,122.67283093183684
result_quantum_5customer.json,C208,C,C2,N5,Uncoarsened,FullQubo,N5 Uncoarsened FullQubo,total_route_duration,1325.3433461974555
result_quantum_5customer.json,C208,C,C2,N5,Uncoarsened,FullQubo,N5 Uncoarsened FullQubo,total_service_time,450.0
result_quantum_5customer.json,C208,C,C2,N5,Uncoarsened,FullQubo,N5 Uncoarsened FullQubo,total_waiting_time,752.6705152656186
result_quantum_5customer.json,C208,C,C2,N5,Uncoarsened,AveragePartitionSolver,N5 Uncoarsened AveragePartitionSolver,capacity_violations,0.0
result_quantum_5customer.json,C208,C,C2,N5,Uncoarsened,AveragePartitionSolver,N5 Uncoarsened AveragePartitionSolver,computation_time,7.726959416992031
result_quantum_5customer.json,C208,C,C2,N5,Uncoarsened,AveragePartitionSolver,N5 Uncoarsened AveragePartitionSolver,num_vehicles,2.0
result_quantum_5customer.json,C208,C,C2,N5,Uncoarsened,AveragePartitionSolver,N5 Uncoarsened AveragePartitionSolver,time_window_violations,0.0
result_quantum_5customer.json,C208,C,C2,N5,Uncoarsened,AveragePartitionSolver,N5 Uncoarsened AveragePartitionSolver,total_demand_served,70.0
result_quantum_5customer.json,C208,C,C2,N5,Uncoarsened,AveragePartitionSolver,N5 Uncoarsened AveragePartitionSolver,total_distance,132.610369878663
result_quantum_5customer.json,C208,C,C2,N5,Uncoarsened,AveragePartitionSolver,N5 Uncoarsened AveragePartitionSolver,total_route_duration,1422.4052842306853
result_quantum_5customer.json,C208,C,C2,N5,Uncoarsened,AveragePartitionSolver,N5 Uncoarsened AveragePartitionSolver,total_service_time,450.0
result_quantum_5customer.json,C208,C,C2,N5,Uncoarsened,AveragePartitionSolver,N5 Uncoarsened AveragePartitionSolver,total_waiting_time,839.7949143520224
result_quantum_5customer.json,C208,C,C2,N5,Inflated,FullQubo,N5 Inflated FullQubo,capacity_violations,0.0
result_quantum_5customer.json,C208,C,C2,N5,Inflated,FullQubo,N5 Inflated FullQubo,computation_time,2.37173570797313
result_quantum_5customer.json,C208,C,C2,N5,Inflated,FullQubo,N5 Inflated FullQubo,num_vehicles,2.0
result_quantum_5customer.json,C208,C,C2,N5,Inflated,FullQubo,N5 Inflated FullQubo,time_window_violations,0.0
result_quantum_5customer.json,C208,C,C2,N5,Inflated,FullQubo,N5 Inflated FullQubo,total_demand_served,70.0
result_quantum_5customer.json,C208,C,C2,N5,Inflated,FullQubo,N5 Inflated FullQubo,total_distance,115.58380429272623
result_quantum_5customer.json,C208,C,C2,N5,Inflated,FullQubo,N5 Inflated FullQubo,total_route_duration,1463.909369309765
result_quantum_5customer.json,C208,C,C2,N5,Inflated,FullQubo,N5 Inflated FullQubo,total_service_time,450.0
result_quantum_5customer.json,C208,C,C2,N5,Inflated,FullQubo,N5 Inflated FullQubo,total_waiting_time,898.3255650170387
result_quantum_5customer.json,C208,C,C2,N5,Inflated,AveragePartitionSolver,N5 Inflated AveragePartitionSolver,capacity_violations,0.0
result_quantum_5customer.json,C208,C,C2,N5,Inflated,AveragePartitionSolver,N5 Inflated AveragePartitionSolver,computation_time,2.372334207990207
result_quantum_5customer.json,C208,C,C2,N5,Inflated,AveragePartitionSolver,N5 Inflated AveragePartitionSolver,num_vehicles,2.0
result_quantum_5customer.json,C208,C,C2,N5,Inflated,AveragePartitionSolver,N5 Inflated AveragePartitionSolver,time_window_violations,0.0
result_quantum_5customer.json,C208,C,C2,N5,Inflated,AveragePartitionSolver,N5 Inflated AveragePartitionSolver,total_demand_served,70.0
result_quantum_5customer.json,C208,C,C2,N5,Inflated,AveragePartitionSolver,N5 Inflated AveragePartitionSolver,total_distance,115.58380429272623
result_quantum_5customer.json,C208,C,C2,N5,Inflated,AveragePartitionSolver,N5 Inflated AveragePartitionSolver,total_route_duration,1463.909369309765
result_quantum_5customer.json,C208,C,C2,N5,Inflated,AveragePartitionSolver,N5 Inflated AveragePartitionSolver,total_service_time,450.0
result_quantum_5customer.json,C208,C,C2,N5,Inflated,AveragePartitionSolver,N5 Inflated AveragePartitionSolver,total_waiting_time,898.3255650170387
result_quantum_5customer.json,R101,R,R1,N5,Uncoarsened,FullQubo,N5 Uncoarsened FullQubo,capacity_violations,0.0
result_quantum_5customer.json,R101,R,R1,N5,Uncoarsened,FullQubo,N5 Uncoarsened FullQubo,computation_time,6.712404000048991
result_quantum_5customer.json,R101,R,R1,N5,Uncoarsened,FullQubo,N5 Uncoarsened FullQubo,num_vehicles,2.0
result_quantum_5customer.json,R101,R,R1,N5,Uncoarsened,FullQubo,N5 Uncoarsened FullQubo,time_window_violations,0.0
result_quantum_5customer.json,R101,R,R1,N5,Uncoarsened,FullQubo,N5 Uncoarsened FullQubo,total_demand_served,75.0
result_quantum_5customer.json,R101,R,R1,N5,Uncoarsened,FullQubo,N5 Uncoarsened FullQubo,total_distance,156.3510612611215
result_quantum_5customer.json,R101,R,R1,N5,Uncoarsened,FullQubo,N5 Uncoarsened FullQubo,total_route_duration,370.23154621172785
result_quantum_5customer.json,R101,R,R1,N5,Uncoarsened,FullQubo,N5 Uncoarsened FullQubo,total_service_time,50.0
result_quantum_5customer.json,R101,R,R1,N5,Uncoarsened,FullQubo,N5 Uncoarsened FullQubo,total_waiting_time,163.8804849506063
result_quantum_5customer.json,R101,R,R1,N5,Uncoarsened,AveragePartitionSolver,N5 Uncoarsened AveragePartitionSolver,capacity_violations,0.0
result_quantum_5customer.json,R101,R,R1,N5,Uncoarsened,AveragePartitionSolver,N5 Uncoarsened AveragePartitionSolver,computation_time,6.739284833020065
result_quantum_5customer.json,R101,R,R1,N5,Uncoarsened,AveragePartitionSolver,N5 Uncoarsened AveragePartitionSolver,num_vehicles,2.0
result_quantum_5customer.json,R101,R,R1,N5,Uncoarsened,AveragePartitionSolver,N5 Uncoarsened AveragePartitionSolver,time_window_violations,0.0
result_quantum_5customer.json,R101,R,R1,N5,Uncoarsened,AveragePartitionSolver,N5 Uncoarsened AveragePartitionSolver,total_demand_served,75.0
result_quantum_5customer.json,R101,R,R1,N5,Uncoarsened,AveragePartitionSolver,N5 Uncoarsened AveragePartitionSolver,total_distance,156.3510612611215
result_quantum_5customer.json,R101,R,R1,N5,Uncoarsened,AveragePartitionSolver,N5 Uncoarsened AveragePartitionSolver,total_route_duration,370.23154621172785
result_quantum_5customer.json,R101,R,R1,N5,Uncoarsened,AveragePartitionSolver,N5 Uncoarsened AveragePartitionSolver,total_service_time,50.0
result_quantum_5customer.json,R101,R,R1,N5,Uncoarsened,AveragePartitionSolver,N5 Uncoarsened AveragePartitionSolver,total_waiting_time,163.8804849506063
result_quantum_5customer.json,R101,R,R1,N5,Inflated,FullQubo,N5 Inflated FullQubo,capacity_violations,0.0
result_quantum_5customer.json,R101,R,R1,N5,Inflated,FullQubo,N5 Inflated FullQubo,computation_time,6.71947408397682
result_quantum_5customer.json,R101,R,R1,N5,Inflated,FullQubo,N5 Inflated FullQubo,num_vehicles,2.0
result_quantum_5customer.json,R101,R,R1,N5,Inflated,FullQubo,N5 Inflated FullQubo,time_window_violations,0.0
result_quantum_5customer.json,R101,R,R1,N5,Inflated,FullQubo,N5 Inflated FullQubo,total_demand_served,75.0
result_quantum_5customer.json,R101,R,R1,N5,Inflated,FullQubo,N5 Inflated FullQubo,total_distance,170.45885978419585
result_quantum_5customer.json,R101,R,R1,N5,Inflated,FullQubo,N5 Inflated FullQubo,total_route_duration,372.23154621172785
result_quantum_5customer.json,R101,R,R1,N5,Inflated,FullQubo,N5 Inflated FullQubo,total_service_time,50.0
result_quantum_5customer.json,R101,R,R1,N5,Inflated,FullQubo,N5 Inflated FullQubo,total_waiting_time,151.77268642753194
result_quantum_5customer.json,R101,R,R1,N5,Inflated,AveragePartitionSolver,N5 Inflated AveragePartitionSolver,capacity_violations,0.0
result_quantum_5customer.json,R101,R,R1,N5,Inflated,AveragePartitionSolver,N5 Inflated AveragePartitionSolver,computation_time,6.718801375012845
result_quantum_5customer.json,R101,R,R1,N5,Inflated,AveragePartitionSolver,N5 Inflated AveragePartitionSolver,num_vehicles,2.0
result_quantum_5customer.json,R101,R,R1,N5,Inflated,AveragePartitionSolver,N5 Inflated AveragePartitionSolver,time_window_violations,0.0
result_quantum_5customer.json,R101,R,R1,N5,Inflated,AveragePartitionSolver,N5 Inflated AveragePartitionSolver,total_demand_served,75.0
result_quantum_5customer.json,R101,R,R1,N5,Inflated,AveragePartitionSolver,N5 Inflated AveragePartitionSolver,total_distance,170.45885978419585
result_quantum_5customer.json,R101,R,R1,N5,Inflated,AveragePartitionSolver,N5 Inflated AveragePartitionSolver,total_route_duration,372.23154621172785
result_quantum_5customer.json,R101,R,R1,N5,Inflated,AveragePartitionSolver,N5 Inflated AveragePartitionSolver,total_service_time,50.0
result_quantum_5customer.json,R101,R,R1,N5,Inflated,AveragePartitionSolver,N5 Inflated AveragePartitionSolver,total_waiting_time,151.77268642753194
result_quantum_5customer.json,R102,R,R1,N5,Uncoarsened,FullQubo,N5 Uncoarsened FullQubo,capacity_violations,0.0
result_quantum_5customer.json,R102,R,R1,N5,Uncoarsened,FullQubo,N5 Uncoarsened FullQubo,computation_time,6.703068000031635
result_quantum_5customer.json,R102,R,R1,N5,Uncoarsened,FullQubo,N5 Uncoarsened FullQubo,num_vehicles,2.0
result_quantum_5customer.json,R102,R,R1,N5,Uncoarsened,FullQubo,N5 Uncoarsened FullQubo,time_window_violations,0.0
result_quantum_5customer.json,R102,R,R1,N5,Uncoarsened,FullQubo,N5 Uncoarsened FullQubo,total_demand_served,75.0
result_quantum_5customer.json,R102,R,R1,N5,Uncoarsened,FullQubo,N5 Uncoarsened FullQubo,total_distance,192.5633503826952
result_quantum_5customer.json,R102,R,R1,N5,Uncoarsened,FullQubo,N5 Uncoarsened FullQubo,total_route_duration,366.5633503826952
result_quantum_5customer.json,R102,R,R1,N5,Uncoarsened,FullQubo,N5 Uncoarsened FullQubo,total_service_time,50.0
result_quantum_5customer.json,R102,R,R1,N5,Uncoarsened,FullQubo,N5 Uncoarsened FullQubo,total_waiting_time,124.0
result_quantum_5customer.json,R102,R,R1,N5,Uncoarsened,AveragePartitionSolver,N5 Uncoarsened AveragePartitionSolver,capacity_violations,0.0
result_quantum_5customer.json,R102,R,R1,N5,Uncoarsened,AveragePartitionSolver,N5 Uncoarsened AveragePartitionSolver,computation_time,6.708183625014499
result_quantum_5customer.json,R102,R,R1,N5,Uncoarsened,AveragePartitionSolver,N5 Uncoarsened AveragePartitionSolver,num_vehicles,2.0
result_quantum_5customer.json,R102,R,R1,N5,Uncoarsened,AveragePartitionSolver,N5 Uncoarsened AveragePartitionSolver,time_window_violations,0.0
result_quantum_5customer.json,R102,R,R1,N5,Uncoarsened,AveragePartitionSolver,N5 Uncoarsened AveragePartitionSolver,total_demand_served,75.0
result_quantum_5customer.json,R102,R,R1,N5,Uncoarsened,AveragePartitionSolver,N5 Uncoarsened AveragePartitionSolver,total_distance,157.2639593747764
result_quantum_5customer.json,R102,R,R1,N5,Uncoarsened,AveragePartitionSolver,N5 Uncoarsened AveragePartitionSolver,total_route_duration,298.9032795997785
result_quantum_5customer.json,R102,R,R1,N5,Uncoarsened,AveragePartitionSolver,N5 Uncoarsened AveragePartitionSolver,total_service_time,50.0
result_quantum_5customer.json,R102,R,R1,N5,Uncoarsened,AveragePartitionSolver,N5 Uncoarsened AveragePartitionSolver,total_waiting_time,91.63932022500211
result_quantum_5customer.json,R102,R,R1,N5,Inflated,FullQubo,N5 Inflated FullQubo,capacity_violations,0.0
result_quantum_5customer.json,R102,R,R1,N5,Inflated,FullQubo,N5 Inflated FullQubo,computation_time,3.964606375026051
result_quantum_5customer.json,R102,R,R1,N5,Inflated,FullQubo,N5 Inflated FullQubo,num_vehicles,2.0
result_quantum_5customer.json,R102,R,R1,N5,Inflated,FullQubo,N5 Inflated FullQubo,time_window_violations,0.0
result_quantum_5customer.json,R102,R,R1,N5,Inflated,FullQubo,N5 Inflated FullQubo,total_demand_served,75.0
result_quantum_5customer.json,R102,R,R1,N5,Inflated,FullQubo,N5 Inflated FullQubo,total_distance,171.09825100944622
result_quantum_5customer.json,R102,R,R1,N5,Inflated,FullQubo,N5 Inflated FullQubo,total_route_duration,230.0
result_quantum_5customer.json,R102,R,R1,N5,Inflated,FullQubo,N5 Inflated FullQubo,total_service_time,50.0
result_quantum_5customer.json,R102,R,R1,N5,Inflated,FullQubo,N5 Inflated FullQubo,total_waiting_time,8.901748990553784
result_quantum_5customer.json,R102,R,R1,N5,Inflated,AveragePartitionSolver,N5 Inflated AveragePartitionSolver,capacity_violations,0.0
result_quantum_5customer.json,R102,R,R1,N5,Inflated,AveragePartitionSolver,N5 Inflated AveragePartitionSolver,computation_time,3.9648678340017796
result_quantum_5customer.json,R102,R,R1,N5,Inflated,AveragePartitionSolver,N5 Inflated AveragePartitionSolver,num_vehicles,2.0
result_quantum_5customer.json,R102,R,R1,N5,Inflated,AveragePartitionSolver,N5 Inflated AveragePartitionSolver,time_window_violations,0.0
result_quantum_5customer.json,R102,R,R1,N5,Inflated,AveragePartitionSolver,N5 Inflated AveragePartitionSolver,total_demand_served,75.0
result_quantum_5customer.json,R102,R,R1,N5,Inflated,AveragePartitionSolver,N5 Inflated AveragePartitionSolver,total_distance,152.96266047401315
result_quantum_5customer.json,R102,R,R1,N5,Inflated,AveragePartitionSolver,N5 Inflated AveragePartitionSolver,total_route_duration,303.73891205785645
result_quantum_5customer.json,R102,R,R1,N5,Inflated,AveragePartitionSolver,N5 Inflated AveragePartitionSolver,total_service_time,50.0
result_quantum_5customer.json,R102,R,R1,N5,Inflated,AveragePartitionSolver,N5 Inflated AveragePartitionSolver,total_waiting_time,100.77625158384332
result_quantum_5customer.json,R103,R,R1,N5,Uncoarsened,FullQubo,N5 Uncoarsened FullQubo,capacity_violations,0.0
result_quantum_5customer.json,R103,R,R1,N5,Uncoarsened,FullQubo,N5 Uncoarsened FullQubo,computation_time,6.7172503340407275
result_quantum_5customer.json,R103,R,R1,N5,Uncoarsened,FullQubo,N5 Uncoarsened FullQubo,num_vehicles,2.0
result_quantum_5customer.json,R103,R,R1,N5,Uncoarsened,FullQubo,N5 Uncoarsened FullQubo,time_window_violations,0.0
result_quantum_5customer.json,R103,R,R1,N5,Uncoarsened,FullQubo,N5 Uncoarsened FullQubo,total_demand_served,75.0
result_quantum_5customer.json,R103,R,R1,N5,Uncoarsened,FullQubo,N5 Uncoarsened FullQubo,total_distance,167.96560484665926
result_quantum_5customer.json,R103,R,R1,N5,Uncoarsened,FullQubo,N5 Uncoarsened FullQubo,total_route_duration,261.9451079661525
result_quantum_5customer.json,R103,R,R1,N5,Uncoarsened,FullQubo,N5 Uncoarsened FullQubo,total_service_time,50.0
result_quantum_5customer.json,R103,R,R1,N5,Uncoarsened,FullQubo,N5 Uncoarsened FullQubo,total_waiting_time,43.979503119493216
result_quantum_5customer.json,R103,R,R1,N5,Uncoarsened,AveragePartitionSolver,N5 Uncoarsened AveragePartitionSolver,capacity_violations,0.0
result_quantum_5customer.json,R103,R,R1,N5,Uncoarsened,AveragePartitionSolver,N5 Uncoarsened AveragePartitionSolver,computation_time,6.726735459000338
result_quantum_5customer.json,R103,R,R1,N5,Uncoarsened,AveragePartitionSolver,N5 Uncoarsened AveragePartitionSolver,num_vehicles,1.0
result_quantum_5customer.json,R103,R,R1,N5,Uncoarsened,AveragePartitionSolver,N5 Uncoarsened AveragePartitionSolver,time_window_violations,0.0
result_quantum_5customer.json,R103,R,R1,N5,Uncoarsened,AveragePartitionSolver,N5 Uncoarsened AveragePartitionSolver,total_demand_served,75.0
result_quantum_5customer.json,R103,R,R1,N5,Uncoarsened,AveragePartitionSolver,N5 Uncoarsened AveragePartitionSolver,total_distance,160.23464431885486
result_quantum_5customer.json,R103,R,R1,N5,Uncoarsened,AveragePartitionSolver,N5 Uncoarsened AveragePartitionSolver,total_route_duration,216.3606797749979
result_quantum_5customer.json,R103,R,R1,N5,Uncoarsened,AveragePartitionSolver,N5 Uncoarsened AveragePartitionSolver,total_service_time,50.0
result_quantum_5customer.json,R103,R,R1,N5,Uncoarsened,AveragePartitionSolver,N5 Uncoarsened AveragePartitionSolver,total_waiting_time,6.126035456143029
result_quantum_5customer.json,R103,R,R1,N5,Inflated,FullQubo,N5 Inflated FullQubo,capacity_violations,0.0
result_quantum_5customer.json,R103,R,R1,N5,Inflated,FullQubo,N5 Inflated FullQubo,computation_time,3.9692739589954726
result_quantum_5customer.json,R103,R,R1,N5,Inflated,FullQubo,N5 Inflated FullQubo,num_vehicles,2.0
result_quantum_5customer.json,R103,R,R1,N5,Inflated,FullQubo,N5 Inflated FullQubo,time_window_violations,0.0
result_quantum_5customer.json,R103,R,R1,N5,Inflated,FullQubo,N5 Inflated FullQubo,total_demand_served,75.0
result_quantum_5customer.json,R103,R,R1,N5,Inflated,FullQubo,N5 Inflated FullQubo,total_distance,174.32512513002325
result_quantum_5customer.json,R103,R,R1,N5,Inflated,FullQubo,N5 Inflated FullQubo,total_route_duration,301.4785407457583
result_quantum_5customer.json,R103,R,R1,N5,Inflated,FullQubo,N5 Inflated FullQubo,total_service_time,50.0
result_quantum_5customer.json,R103,R,R1,N5,Inflated,FullQubo,N5 Inflated FullQubo,total_waiting_time,77.15341561573508
result_quantum_5customer.json,R103,R,R1,N5,Inflated,AveragePartitionSolver,N5 Inflated AveragePartitionSolver,capacity_violations,0.0
result_quantum_5customer.json,R103,R,R1,N5,Inflated,AveragePartitionSolver,N5 Inflated AveragePartitionSolver,computation_time,3.960660834040027
result_quantum_5customer.json,R103,R,R1,N5,Inflated,AveragePartitionSolver,N5 Inflated AveragePartitionSolver,num_vehicles,2.0
result_quantum_5customer.json,R103,R,R1,N5,Inflated,AveragePartitionSolver,N5 Inflated AveragePartitionSolver,time_window_violations,0.0
result_quantum_5customer.json,R103,R,R1,N5,Inflated,AveragePartitionSolver,N5 Inflated AveragePartitionSolver,total_demand_served,75.0
result_quantum_5customer.json,R103,R,R1,N5,Inflated,AveragePartitionSolver,N5 Inflated AveragePartitionSolver,total_distance,165.40306147911738
result_quantum_5customer.json,R103,R,R1,N5,Inflated,AveragePartitionSolver,N5 Inflated AveragePartitionSolver,total_route_duration,235.2310562561766
result_quantum_5customer.json,R103,R,R1,N5,Inflated,AveragePartitionSolver,N5 Inflated AveragePartitionSolver,total_service_time,50.0
result_quantum_5customer.json,R103,R,R1,N5,Inflated,AveragePartitionSolver,N5 Inflated AveragePartitionSolver,total_waiting_time,19.827994777059217
result_quantum_5customer.json,R104,R,R1,N5,Uncoarsened,FullQubo,N5 Uncoarsened FullQubo,capacity_violations,0.0
result_quantum_5customer.json,R104,R,R1,N5,Uncoarsened,FullQubo,N5 Uncoarsened FullQubo,computation_time,6.719828958041035
result_quantum_5customer.json,R104,R,R1,N5,Uncoarsened,FullQubo,N5 Uncoarsened FullQubo,num_vehicles,2.0
result_quantum_5customer.json,R104,R,R1,N5,Uncoarsened,FullQubo,N5 Uncoarsened FullQubo,time_window_violations,0.0
result_quantum_5customer.json,R104,R,R1,N5,Uncoarsened,FullQubo,N5 Uncoarsened FullQubo,total_demand_served,75.0
result_quantum_5customer.json,R104,R,R1,N5,Uncoarsened,FullQubo,N5 Uncoarsened FullQubo,total_distance,173.67326044294688
result_quantum_5customer.json,R104,R,R1,N5,Uncoarsened,FullQubo,N5 Uncoarsened FullQubo,total_route_duration,315.23922985500985
result_quantum_5customer.json,R104,R,R1,N5,Uncoarsened,FullQubo,N5 Uncoarsened FullQubo,total_service_time,50.0
result_quantum_5customer.json,R104,R,R1,N5,Uncoarsened,FullQubo,N5 Uncoarsened FullQubo,total_waiting_time,91.56596941206294
result_quantum_5customer.json,R104,R,R1,N5,Uncoarsened,AveragePartitionSolver,N5 Uncoarsened AveragePartitionSolver,capacity_violations,0.0
result_quantum_5customer.json,R104,R,R1,N5,Uncoarsened,AveragePartitionSolver,N5 Uncoarsened AveragePartitionSolver,computation_time,6.723368207982276
result_quantum_5customer.json,R104,R,R1,N5,Uncoarsened,AveragePartitionSolver,N5 Uncoarsened AveragePartitionSolver,num_vehicles,2.0
result_quantum_5customer.json,R104,R,R1,N5,Uncoarsened,AveragePartitionSolver,N5 Uncoarsened AveragePartitionSolver,time_window_violations,0.0
result_quantum_5customer.json,R104,R,R1,N5,Uncoarsened,AveragePartitionSolver,N5 Uncoarsened AveragePartitionSolver,total_demand_served,75.0
result_quantum_5customer.json,R104,R,R1,N5,Uncoarsened,AveragePartitionSolver,N5 Uncoarsened AveragePartitionSolver,total_distance,141.84544319328486
result_quantum_5customer.json,R104,R,R1,N5,Uncoarsened,AveragePartitionSolver,N5 Uncoarsened AveragePartitionSolver,total_route_duration,256.15244576528676
result_quantum_5customer.json,R104,R,R1,N5,Uncoarsened,AveragePartitionSolver,N5 Uncoarsened AveragePartitionSolver,total_service_time,50.0
result_quantum_5customer.json,R104,R,R1,N5,Uncoarsened,AveragePartitionSolver,N5 Uncoarsened AveragePartitionSolver,total_waiting_time,64.30700257200189
result_quantum_5customer.json,R104,R,R1,N5,Inflated,FullQubo,N5 Inflated FullQubo,capacity_violations,0.0
result_quantum_5customer.json,R104,R,R1,N5,Inflated,FullQubo,N5 Inflated FullQubo,computation_time,3.958702792006079
result_quantum_5customer.json,R104,R,R1,N5,Inflated,FullQubo,N5 Inflated FullQubo,num_vehicles,2.0
result_quantum_5customer.json,R104,R,R1,N5,Inflated,FullQubo,N5 Inflated FullQubo,time_window_violations,0.0
result_quantum_5customer.json,R104,R,R1,N5,Inflated,FullQubo,N5 Inflated FullQubo,total_demand_served,75.0
result_quantum_5customer.json,R104,R,R1,N5,Inflated,FullQubo,N5 Inflated FullQubo,total_distance,164.36550560062963
result_quantum_5customer.json,R104,R,R1,N5,Inflated,FullQubo,N5 Inflated FullQubo,total_route_duration,338.3655056006296
result_quantum_5customer.json,R104,R,R1,N5,Inflated,FullQubo,N5 Inflated FullQubo,total_service_time,50.0
result_quantum_5customer.json,R104,R,R1,N5,Inflated,FullQubo,N5 Inflated FullQubo,total_waiting_time,124.0
result_quantum_5customer.json,R104,R,R1,N5,Inflated,AveragePartitionSolver,N5 Inflated AveragePartitionSolver,capacity_violations,0.0
result_quantum_5customer.json,R104,R,R1,N5,Inflated,AveragePartitionSolver,N5 Inflated AveragePartitionSolver,computation_time,3.962807000032626
result_quantum_5customer.json,R104,R,R1,N5,Inflated,AveragePartitionSolver,N5 Inflated AveragePartitionSolver,num_vehicles,2.0
result_quantum_5customer.json,R104,R,R1,N5,Inflated,AveragePartitionSolver,N5 Inflated AveragePartitionSolver,time_window_violations,0.0
result_quantum_5customer.json,R104,R,R1,N5,Inflated,AveragePartitionSolver,N5 Inflated AveragePartitionSolver,total_demand_served,75.0
result_quantum_5customer.json,R104,R,R1,N5,Inflated,AveragePartitionSolver,N5 Inflated AveragePartitionSolver,total_distance,169.78753335102908
result_quantum_5customer.json,R104,R,R1,N5,Inflated,AveragePartitionSolver,N5 Inflated AveragePartitionSolver,total_route_duration,343.7875333510291
result_quantum_5customer.json,R104,R,R1,N5,Inflated,AveragePartitionSolver,N5 Inflated AveragePartitionSolver,total_service_time,50.0
result_quantum_5customer.json,R104,R,R1,N5,Inflated,AveragePartitionSolver,N5 Inflated AveragePartitionSolver,total_waiting_time,124.0
result_quantum_5customer.json,R105,R,R1,N5,Uncoarsened,FullQubo,N5 Uncoarsened FullQubo,capacity_violations,0.0
result_quantum_5customer.json,R105,R,R1,N5,Uncoarsened,FullQubo,N5 Uncoarsened FullQubo,computation_time,6.715790958027355
result_quantum_5customer.json,R105,R,R1,N5,Uncoarsened,FullQubo,N5 Uncoarsened FullQubo,num_vehicles,2.0
result_quantum_5customer.json,R105,R,R1,N5,Uncoarsened,FullQubo,N5 Uncoarsened FullQubo,time_window_violations,0.0
result_quantum_5customer.json,R105,R,R1,N5,Uncoarsened,FullQubo,N5 Uncoarsened FullQubo,total_demand_served,75.0
result_quantum_5customer.json,R105,R,R1,N5,Uncoarsened,FullQubo,N5 Uncoarsened FullQubo,total_distance,179.12473425860318
result_quantum_5customer.json,R105,R,R1,N5,Uncoarsened,FullQubo,N5 Uncoarsened FullQubo,total_route_duration,352.23154621172785
result_quantum_5customer.json,R105,R,R1,N5,Uncoarsened,FullQubo,N5 Uncoarsened FullQubo,total_service_time,50.0
result_quantum_5customer.json,R105,R,R1,N5,Uncoarsened,FullQubo,N5 Uncoarsened FullQubo,total_waiting_time,123.10681195312463
result_quantum_5customer.json,R105,R,R1,N5,Uncoarsened,AveragePartitionSolver,N5 Uncoarsened AveragePartitionSolver,capacity_violations,0.0
result_quantum_5customer.json,R105,R,R1,N5,Uncoarsened,AveragePartitionSolver,N5 Uncoarsened AveragePartitionSolver,computation_time,6.699160082964227
result_quantum_5customer.json,R105,R,R1,N5,Uncoarsened,AveragePartitionSolver,N5 Uncoarsened AveragePartitionSolver,num_vehicles,2.0
result_quantum_5customer.json,R105,R,R1,N5,Uncoarsened,AveragePartitionSolver,N5 Uncoarsened AveragePartitionSolver,time_window_violations,0.0
result_quantum_5customer.json,R105,R,R1,N5,Uncoarsened,AveragePartitionSolver,N5 Uncoarsened AveragePartitionSolver,total_demand_served,75.0
result_quantum_5customer.json,R105,R,R1,N5,Uncoarsened,AveragePartitionSolver,N5 Uncoarsened AveragePartitionSolver,total_distance,164.61911619076656
result_quantum_5customer.json,R105,R,R1,N5,Uncoarsened,AveragePartitionSolver,N5 Uncoarsened AveragePartitionSolver,total_route_duration,352.23154621172785
result_quantum_5customer.json,R105,R,R1,N5,Uncoarsened,AveragePartitionSolver,N5 Uncoarsened AveragePartitionSolver,total_service_time,50.0
result_quantum_5customer.json,R105,R,R1,N5,Uncoarsened,AveragePartitionSolver,N5 Uncoarsened AveragePartitionSolver,total_waiting_time,137.61243002096126
result_quantum_5customer.json,R105,R,R1,N5,Inflated,FullQubo,N5 Inflated FullQubo,capacity_violations,0.0
result_quantum_5customer.json,R105,R,R1,N5,Inflated,FullQubo,N5 Inflated FullQubo,computation_time,3.9621522499946877
result_quantum_5customer.json,R105,R,R1,N5,Inflated,FullQubo,N5 Inflated FullQubo,num_vehicles,2.0
result_quantum_5customer.json,R105,R,R1,N5,Inflated,FullQubo,N5 Inflated FullQubo,time_window_violations,0.0
result_quantum_5customer.json,R105,R,R1,N5,Inflated,FullQubo,N5 Inflated FullQubo,total_demand_served,75.0
result_quantum_5customer.json,R105,R,R1,N5,Inflated,FullQubo,N5 Inflated FullQubo,total_distance,158.6703160703008
result_quantum_5customer.json,R105,R,R1,N5,Inflated,FullQubo,N5 Inflated FullQubo,total_route_duration,350.23154621172785
result_quantum_5customer.json,R105,R,R1,N5,Inflated,FullQubo,N5 Inflated FullQubo,total_service_time,50.0
result_quantum_5customer.json,R105,R,R1,N5,Inflated,FullQubo,N5 Inflated FullQubo,total_waiting_time,141.56123014142702
result_quantum_5customer.json,R105,R,R1,N5,Inflated,AveragePartitionSolver,N5 Inflated AveragePartitionSolver,capacity_violations,0.0
result_quantum_5customer.json,R105,R,R1,N5,Inflated,AveragePartitionSolver,N5 Inflated AveragePartitionSolver,computation_time,3.9676146659767255
result_quantum_5customer.json,R105,R,R1,N5,Inflated,AveragePartitionSolver,N5 Inflated AveragePartitionSolver,num_vehicles,2.0
result_quantum_5customer.json,R105,R,R1,N5,Inflated,AveragePartitionSolver,N5 Inflated AveragePartitionSolver,time_window_violations,0.0
result_quantum_5customer.json,R105,R,R1,N5,Inflated,AveragePartitionSolver,N5 Inflated AveragePartitionSolver,total_demand_served,75.0
result_quantum_5customer.json,R105,R,R1,N5,Inflated,AveragePartitionSolver,N5 Inflated AveragePartitionSolver,total_distance,169.0476514427243
result_quantum_5customer.json,R105,R,R1,N5,Inflated,AveragePartitionSolver,N5 Inflated AveragePartitionSolver,total_route_duration,350.23154621172785
result_quantum_5customer.json,R105,R,R1,N5,Inflated,AveragePartitionSolver,N5 Inflated AveragePartitionSolver,total_service_time,50.0
result_quantum_5customer.json,R105,R,R1,N5,Inflated,AveragePartitionSolver,N5 Inflated AveragePartitionSolver,total_waiting_time,131.18389476900353
result_quantum_5customer.json,R106,R,R1,N5,Uncoarsened,FullQubo,N5 Uncoarsened FullQubo,capacity_violations,0.0
result_quantum_5customer.json,R106,R,R1,N5,Uncoarsened,FullQubo,N5 Uncoarsened FullQubo,computation_time,6.718487500038464
result_quantum_5customer.json,R106,R,R1,N5,Uncoarsened,FullQubo,N5 Uncoarsened FullQubo,num_vehicles,2.0
result_quantum_5customer.json,R106,R,R1,N5,Uncoarsened,FullQubo,N5 Uncoarsened FullQubo,time_window_violations,0.0
result_quantum_5customer.json,R106,R,R1,N5,Uncoarsened,FullQubo,N5 Uncoarsened FullQubo,total_demand_served,75.0
result_quantum_5customer.json,R106,R,R1,N5,Uncoarsened,FullQubo,N5 Uncoarsened FullQubo,total_distance,169.04765144272426
result_quantum_5customer.json,R106,R,R1,N5,Uncoarsened,FullQubo,N5 Uncoarsened FullQubo,total_route_duration,333.04765144272426
result_quantum_5customer.json,R106,R,R1,N5,Uncoarsened,FullQubo,N5 Uncoarsened FullQubo,total_service_time,50.0
result_quantum_5customer.json,R106,R,R1,N5,Uncoarsened,FullQubo,N5 Uncoarsened FullQubo,total_waiting_time,114.0
result_quantum_5customer.json,R106,R,R1,N5,Uncoarsened,AveragePartitionSolver,N5 Uncoarsened AveragePartitionSolver,capacity_violations,0.0
result_quantum_5customer.json,R106,R,R1,N5,Uncoarsened,AveragePartitionSolver,N5 Uncoarsened AveragePartitionSolver,computation_time,6.701029625022784
result_quantum_5customer.json,R106,R,R1,N5,Uncoarsened,AveragePartitionSolver,N5 Uncoarsened AveragePartitionSolver,num_vehicles,1.0
result_quantum_5customer.json,R106,R,R1,N5,Uncoarsened,AveragePartitionSolver,N5 Uncoarsened AveragePartitionSolver,time_window_violations,0.0
result_quantum_5customer.json,R106,R,R1,N5,Uncoarsened,AveragePartitionSolver,N5 Uncoarsened AveragePartitionSolver,total_demand_served,75.0
result_quantum_5customer.json,R106,R,R1,N5,Uncoarsened,AveragePartitionSolver,N5 Uncoarsened AveragePartitionSolver,total_distance,160.23464431885486
result_quantum_5customer.json,R106,R,R1,N5,Uncoarsened,AveragePartitionSolver,N5 Uncoarsened AveragePartitionSolver,total_route_duration,210.23464431885486
result_quantum_5customer.json,R106,R,R1,N5,Uncoarsened,AveragePartitionSolver,N5 Uncoarsened AveragePartitionSolver,total_service_time,50.0
result_quantum_5customer.json,R106,R,R1,N5,Uncoarsened,AveragePartitionSolver,N5 Uncoarsened AveragePartitionSolver,total_waiting_time,0.0
result_quantum_5customer.json,R106,R,R1,N5,Inflated,FullQubo,N5 Inflated FullQubo,capacity_violations,0.0
result_quantum_5customer.json,R106,R,R1,N5,Inflated,FullQubo,N5 Inflated FullQubo,computation_time,3.9653541250154376
result_quantum_5customer.json,R106,R,R1,N5,Inflated,FullQubo,N5 Inflated FullQubo,num_vehicles,2.0
result_quantum_5customer.json,R106,R,R1,N5,Inflated,FullQubo,N5 Inflated FullQubo,time_window_violations,0.0
result_quantum_5customer.json,R106,R,R1,N5,Inflated,FullQubo,N5 Inflated FullQubo,total_demand_served,75.0
result_quantum_5customer.json,R106,R,R1,N5,Inflated,FullQubo,N5 Inflated FullQubo,total_distance,171.09825100944622
result_quantum_5customer.json,R106,R,R1,N5,Inflated,FullQubo,N5 Inflated FullQubo,total_route_duration,221.09825100944622
result_quantum_5customer.json,R106,R,R1,N5,Inflated,FullQubo,N5 Inflated FullQubo,total_service_time,50.0
result_quantum_5customer.json,R106,R,R1,N5,Inflated,FullQubo,N5 Inflated FullQubo,total_waiting_time,0.0
result_quantum_5customer.json,R106,R,R1,N5,Inflated,AveragePartitionSolver,N5 Inflated AveragePartitionSolver,capacity_violations,0.0
result_quantum_5customer.json,R106,R,R1,N5,Inflated,AveragePartitionSolver,N5 Inflated AveragePartitionSolver,computation_time,3.9599011249956675
result_quantum_5customer.json,R106,R,R1,N5,Inflated,AveragePartitionSolver,N5 Inflated AveragePartitionSolver,num_vehicles,2.0
result_quantum_5customer.json,R106,R,R1,N5,Inflated,AveragePartitionSolver,N5 Inflated AveragePartitionSolver,time_window_violations,0.0
result_quantum_5customer.json,R106,R,R1,N5,Inflated,AveragePartitionSolver,N5 Inflated AveragePartitionSolver,total_demand_served,75.0
result_quantum_5customer.json,R106,R,R1,N5,Inflated,AveragePartitionSolver,N5 Inflated AveragePartitionSolver,total_distance,166.96996831403308
result_quantum_5customer.json,R106,R,R1,N5,Inflated,AveragePartitionSolver,N5 Inflated AveragePartitionSolver,total_route_duration,266.84658438426493
result_quantum_5customer.json,R106,R,R1,N5,Inflated,AveragePartitionSolver,N5 Inflated AveragePartitionSolver,total_service_time,50.0
result_quantum_5customer.json,R106,R,R1,N5,Inflated,AveragePartitionSolver,N5 Inflated AveragePartitionSolver,total_waiting_time,49.87661607023183
result_quantum_5customer.json,R107,R,R1,N5,Uncoarsened,FullQubo,N5 Uncoarsened FullQubo,capacity_violations,0.0
result_quantum_5customer.json,R107,R,R1,N5,Uncoarsened,FullQubo,N5 Uncoarsened FullQubo,computation_time,6.713672999991104
result_quantum_5customer.json,R107,R,R1,N5,Uncoarsened,FullQubo,N5 Uncoarsened FullQubo,num_vehicles,2.0
result_quantum_5customer.json,R107,R,R1,N5,Uncoarsened,FullQubo,N5 Uncoarsened FullQubo,time_window_violations,0.0
result_quantum_5customer.json,R107,R,R1,N5,Uncoarsened,FullQubo,N5 Uncoarsened FullQubo,total_demand_served,75.0
result_quantum_5customer.json,R107,R,R1,N5,Uncoarsened,FullQubo,N5 Uncoarsened FullQubo,total_distance,153.63398690717995
result_quantum_5customer.json,R107,R,R1,N5,Uncoarsened,FullQubo,N5 Uncoarsened FullQubo,total_route_duration,294.4102384910233
result_quantum_5customer.json,R107,R,R1,N5,Uncoarsened,FullQubo,N5 Uncoarsened FullQubo,total_service_time,50.0
result_quantum_5customer.json,R107,R,R1,N5,Uncoarsened,FullQubo,N5 Uncoarsened FullQubo,total_waiting_time,90.77625158384332
result_quantum_5customer.json,R107,R,R1,N5,Uncoarsened,AveragePartitionSolver,N5 Uncoarsened AveragePartitionSolver,capacity_violations,0.0
result_quantum_5customer.json,R107,R,R1,N5,Uncoarsened,AveragePartitionSolver,N5 Uncoarsened AveragePartitionSolver,computation_time,6.718091582995839
result_quantum_5customer.json,R107,R,R1,N5,Uncoarsened,AveragePartitionSolver,N5 Uncoarsened AveragePartitionSolver,num_vehicles,2.0
result_quantum_5customer.json,R107,R,R1,N5,Uncoarsened,AveragePartitionSolver,N5 Uncoarsened AveragePartitionSolver,time_window_violations,0.0
result_quantum_5customer.json,R107,R,R1,N5,Uncoarsened,AveragePartitionSolver,N5 Uncoarsened AveragePartitionSolver,total_demand_served,75.0
result_quantum_5customer.json,R107,R,R1,N5,Uncoarsened,AveragePartitionSolver,N5 Uncoarsened AveragePartitionSolver,total_distance,173.67326044294688
result_quantum_5customer.json,R107,R,R1,N5,Uncoarsened,AveragePartitionSolver,N5 Uncoarsened AveragePartitionSolver,total_route_duration,305.23922985500985
result_quantum_5customer.json,R107,R,R1,N5,Uncoarsened,AveragePartitionSolver,N5 Uncoarsened AveragePartitionSolver,total_service_time,50.0
result_quantum_5customer.json,R107,R,R1,N5,Uncoarsened,AveragePartitionSolver,N5 Uncoarsened AveragePartitionSolver,total_waiting_time,81.56596941206294
result_quantum_5customer.json,R107,R,R1,N5,Inflated,FullQubo,N5 Inflated FullQubo,capacity_violations,0.0
result_quantum_5customer.json,R107,R,R1,N5,Inflated,FullQubo,N5 Inflated FullQubo,computation_time,4.013103209028486
result_quantum_5customer.json,R107,R,R1,N5,Inflated,FullQubo,N5 Inflated FullQubo,num_vehicles,2.0
result_quantum_5customer.json,R107,R,R1,N5,Inflated,FullQubo,N5 Inflated FullQubo,time_window_violations,0.0
result_quantum_5customer.json,R107,R,R1,N5,Inflated,FullQubo,N5 Inflated FullQubo,total_demand_served,75.0
result_quantum_5customer.json,R107,R,R1,N5,Inflated,FullQubo,N5 Inflated FullQubo,total_distance,169.04765144272426
result_quantum_5customer.json,R107,R,R1,N5,Inflated,FullQubo,N5 Inflated FullQubo,total_route_duration,333.04765144272426
result_quantum_5customer.json,R107,R,R1,N5,Inflated,FullQubo,N5 Inflated FullQubo,total_service_time,50.0
result_quantum_5customer.json,R107,R,R1,N5,Inflated,FullQubo,N5 Inflated FullQubo,total_waiting_time,114.0
result_quantum_5customer.json,R107,R,R1,N5,Inflated,AveragePartitionSolver,N5 Inflated AveragePartitionSolver,capacity_violations,0.0
result_quantum_5customer.json,R107,R,R1,N5,Inflated,AveragePartitionSolver,N5 Inflated AveragePartitionSolver,computation_time,3.963860667019617
result_quantum_5customer.json,R107,R,R1,N5,Inflated,AveragePartitionSolver,N5 Inflated AveragePartitionSolver,num_vehicles,2.0
result_quantum_5customer.json,R107,R,R1,N5,Inflated,AveragePartitionSolver,N5 Inflated AveragePartitionSolver,time_window_violations,0.0
result_quantum_5customer.json,R107,R,R1,N5,Inflated,AveragePartitionSolver,N5 Inflated AveragePartitionSolver,total_demand_served,75.0
result_quantum_5customer.json,R107,R,R1,N5,Inflated,AveragePartitionSolver,N5 Inflated AveragePartitionSolver,total_distance,169.04765144272426
result_quantum_5customer.json,R107,R,R1,N5,Inflated,AveragePartitionSolver,N5 Inflated AveragePartitionSolver,total_route_duration,333.04765144272426
result_quantum_5customer.json,R107,R,R1,N5,Inflated,AveragePartitionSolver,N5 Inflated AveragePartitionSolver,total_service_time,50.0
result_quantum_5customer.json,R107,R,R1,N5,Inflated,AveragePartitionSolver,N5 Inflated AveragePartitionSolver,total_waiting_time,114.0
result_quantum_5customer.json,R108,R,R1,N5,Uncoarsened,FullQubo,N5 Uncoarsened FullQubo,capacity_violations,0.0
result_quantum_5customer.json,R108,R,R1,N5,Uncoarsened,FullQubo,N5 Uncoarsened FullQubo,computation_time,6.712171666964423
result_quantum_5customer.json,R108,R,R1,N5,Uncoarsened,FullQubo,N5 Uncoarsened FullQubo,num_vehicles,2.0
result_quantum_5customer.json,R108,R,R1,N5,Uncoarsened,FullQubo,N5 Uncoarsened FullQubo,time_window_violations,0.0
result_quantum_5customer.json,R108,R,R1,N5,Uncoarsened,FullQubo,N5 Uncoarsened FullQubo,total_demand_served,75.0
result_quantum_5customer.json,R108,R,R1,N5,Uncoarsened,FullQubo,N5 Uncoarsened FullQubo,total_distance,160.2372229052165
result_quantum_5customer.json,R108,R,R1,N5,Uncoarsened,FullQubo,N5 Uncoarsened FullQubo,total_route_duration,246.15244576528676
result_quantum_5customer.json,R108,R,R1,N5,Uncoarsened,FullQubo,N5 Uncoarsened FullQubo,total_service_time,50.0
result_quantum_5customer.json,R108,R,R1,N5,Uncoarsened,FullQubo,N5 Uncoarsened FullQubo,total_waiting_time,35.91522286007026
result_quantum_5customer.json,R108,R,R1,N5,Uncoarsened,AveragePartitionSolver,N5 Uncoarsened AveragePartitionSolver,capacity_violations,0.0
result_quantum_5customer.json,R108,R,R1,N5,Uncoarsened,AveragePartitionSolver,N5 Uncoarsened AveragePartitionSolver,computation_time,6.703176625014748
result_quantum_5customer.json,R108,R,R1,N5,Uncoarsened,AveragePartitionSolver,N5 Uncoarsened AveragePartitionSolver,num_vehicles,2.0
result_quantum_5customer.json,R108,R,R1,N5,Uncoarsened,AveragePartitionSolver,N5 Uncoarsened AveragePartitionSolver,time_window_violations,0.0
result_quantum_5customer.json,R108,R,R1,N5,Uncoarsened,AveragePartitionSolver,N5 Uncoarsened AveragePartitionSolver,total_demand_served,75.0
result_quantum_5customer.json,R108,R,R1,N5,Uncoarsened,AveragePartitionSolver,N5 Uncoarsened AveragePartitionSolver,total_distance,174.99645156319005
result_quantum_5customer.json,R108,R,R1,N5,Uncoarsened,AveragePartitionSolver,N5 Uncoarsened AveragePartitionSolver,total_route_duration,292.1498671789251
result_quantum_5customer.json,R108,R,R1,N5,Uncoarsened,AveragePartitionSolver,N5 Uncoarsened AveragePartitionSolver,total_service_time,50.0
result_quantum_5customer.json,R108,R,R1,N5,Uncoarsened,AveragePartitionSolver,N5 Uncoarsened AveragePartitionSolver,total_waiting_time,67.15341561573508
result_quantum_5customer.json,R108,R,R1,N5,Inflated,FullQubo,N5 Inflated FullQubo,capacity_violations,0.0
result_quantum_5customer.json,R108,R,R1,N5,Inflated,FullQubo,N5 Inflated FullQubo,computation_time,3.963608624995686
result_quantum_5customer.json,R108,R,R1,N5,Inflated,FullQubo,N5 Inflated FullQubo,num_vehicles,2.0
result_quantum_5customer.json,R108,R,R1,N5,Inflated,FullQubo,N5 Inflated FullQubo,time_window_violations,0.0
result_quantum_5customer.json,R108,R,R1,N5,Inflated,FullQubo,N5 Inflated FullQubo,total_demand_served,75.0
result_quantum_5customer.json,R108,R,R1,N5,Inflated,FullQubo,N5 Inflated FullQubo,total_distance,169.04765144272426
result_quantum_5customer.json,R108,R,R1,N5,Inflated,FullQubo,N5 Inflated FullQubo,total_route_duration,333.04765144272426
result_quantum_5customer.json,R108,R,R1,N5,Inflated,FullQubo,N5 Inflated FullQubo,total_service_time,50.0
result_quantum_5customer.json,R108,R,R1,N5,Inflated,FullQubo,N5 Inflated FullQubo,total_waiting_time,114.0
result_quantum_5customer.json,R108,R,R1,N5,Inflated,AveragePartitionSolver,N5 Inflated AveragePartitionSolver,capacity_violations,0.0
result_quantum_5customer.json,R108,R,R1,N5,Inflated,AveragePartitionSolver,N5 Inflated AveragePartitionSolver,computation_time,3.963524416962173
result_quantum_5customer.json,R108,R,R1,N5,Inflated,AveragePartitionSolver,N5 Inflated AveragePartitionSolver,num_vehicles,2.0
result_quantum_5customer.json,R108,R,R1,N5,Inflated,AveragePartitionSolver,N5 Inflated AveragePartitionSolver,time_window_violations,0.0
result_quantum_5customer.json,R108,R,R1,N5,Inflated,AveragePartitionSolver,N5 Inflated AveragePartitionSolver,total_demand_served,75.0
result_quantum_5customer.json,R108,R,R1,N5,Inflated,AveragePartitionSolver,N5 Inflated AveragePartitionSolver,total_distance,169.04765144272426
result_quantum_5customer.json,R108,R,R1,N5,Inflated,AveragePartitionSolver,N5 Inflated AveragePartitionSolver,total_route_duration,286.20106705845933
result_quantum_5customer.json,R108,R,R1,N5,Inflated,AveragePartitionSolver,N5 Inflated AveragePartitionSolver,total_service_time,50.0
result_quantum_5customer.json,R108,R,R1,N5,Inflated,AveragePartitionSolver,N5 Inflated AveragePartitionSolver,total_waiting_time,67.15341561573508
result_quantum_5customer.json,R109,R,R1,N5,Uncoarsened,FullQubo,N5 Uncoarsened FullQubo,capacity_violations,0.0
result_quantum_5customer.json,R109,R,R1,N5,Uncoarsened,FullQubo,N5 Uncoarsened FullQubo,computation_time,6.7033981250133365
result_quantum_5customer.json,R109,R,R1,N5,Uncoarsened,FullQubo,N5 Uncoarsened FullQubo,num_vehicles,2.0
result_quantum_5customer.json,R109,R,R1,N5,Uncoarsened,FullQubo,N5 Uncoarsened FullQubo,time_window_violations,0.0
result_quantum_5customer.json,R109,R,R1,N5,Uncoarsened,FullQubo,N5 Uncoarsened FullQubo,total_demand_served,75.0
result_quantum_5customer.json,R109,R,R1,N5,Uncoarsened,FullQubo,N5 Uncoarsened FullQubo,total_distance,156.5926329416096
result_quantum_5customer.json,R109,R,R1,N5,Uncoarsened,FullQubo,N5 Uncoarsened FullQubo,total_route_duration,296.67173338805065
result_quantum_5customer.json,R109,R,R1,N5,Uncoarsened,FullQubo,N5 Uncoarsened FullQubo,total_service_time,50.0
result_quantum_5customer.json,R109,R,R1,N5,Uncoarsened,FullQubo,N5 Uncoarsened FullQubo,total_waiting_time,90.07910044644107
result_quantum_5customer.json,R109,R,R1,N5,Uncoarsened,AveragePartitionSolver,N5 Uncoarsened AveragePartitionSolver,capacity_violations,0.0
result_quantum_5customer.json,R109,R,R1,N5,Uncoarsened,AveragePartitionSolver,N5 Uncoarsened AveragePartitionSolver,computation_time,6.737641541985795
result_quantum_5customer.json,R109,R,R1,N5,Uncoarsened,AveragePartitionSolver,N5 Uncoarsened AveragePartitionSolver,num_vehicles,2.0
result_quantum_5customer.json,R109,R,R1,N5,Uncoarsened,AveragePartitionSolver,N5 Uncoarsened AveragePartitionSolver,time_window_violations,0.0
result_quantum_5customer.json,R109,R,R1,N5,Uncoarsened,AveragePartitionSolver,N5 Uncoarsened AveragePartitionSolver,total_demand_served,75.0
result_quantum_5customer.json,R109,R,R1,N5,Uncoarsened,AveragePartitionSolver,N5 Uncoarsened AveragePartitionSolver,total_distance,184.05059581537037
result_quantum_5customer.json,R109,R,R1,N5,Uncoarsened,AveragePartitionSolver,N5 Uncoarsened AveragePartitionSolver,total_route_duration,320.79471036293495
result_quantum_5customer.json,R109,R,R1,N5,Uncoarsened,AveragePartitionSolver,N5 Uncoarsened AveragePartitionSolver,total_service_time,50.0
result_quantum_5customer.json,R109,R,R1,N5,Uncoarsened,AveragePartitionSolver,N5 Uncoarsened AveragePartitionSolver,total_waiting_time,86.74411454756458
result_quantum_5customer.json,R109,R,R1,N5,Inflated,FullQubo,N5 Inflated FullQubo,capacity_violations,0.0
result_quantum_5customer.json,R109,R,R1,N5,Inflated,FullQubo,N5 Inflated FullQubo,computation_time,3.978263249970041
result_quantum_5customer.json,R109,R,R1,N5,Inflated,FullQubo,N5 Inflated FullQubo,num_vehicles,2.0
result_quantum_5customer.json,R109,R,R1,N5,Inflated,FullQubo,N5 Inflated FullQubo,time_window_violations,0.0
result_quantum_5customer.json,R109,R,R1,N5,Inflated,FullQubo,N5 Inflated FullQubo,total_demand_served,75.0
result_quantum_5customer.json,R109,R,R1,N5,Inflated,FullQubo,N5 Inflated FullQubo,total_distance,156.3510612611215
result_quantum_5customer.json,R109,R,R1,N5,Inflated,FullQubo,N5 Inflated FullQubo,total_route_duration,316.23154621172785
result_quantum_5customer.json,R109,R,R1,N5,Inflated,FullQubo,N5 Inflated FullQubo,total_service_time,50.0
result_quantum_5customer.json,R109,R,R1,N5,Inflated,FullQubo,N5 Inflated FullQubo,total_waiting_time,109.88048495060633
result_quantum_5customer.json,R109,R,R1,N5,Inflated,AveragePartitionSolver,N5 Inflated AveragePartitionSolver,capacity_violations,0.0
result_quantum_5customer.json,R109,R,R1,N5,Inflated,AveragePartitionSolver,N5 Inflated AveragePartitionSolver,computation_time,3.9827586660394445
result_quantum_5customer.json,R109,R,R1,N5,Inflated,AveragePartitionSolver,N5 Inflated AveragePartitionSolver,num_vehicles,1.0
result_quantum_5customer.json,R109,R,R1,N5,Inflated,AveragePartitionSolver,N5 Inflated AveragePartitionSolver,time_window_violations,0.0
result_quantum_5customer.json,R109,R,R1,N5,Inflated,AveragePartitionSolver,N5 Inflated AveragePartitionSolver,total_demand_served,75.0
result_quantum_5customer.json,R109,R,R1,N5,Inflated,AveragePartitionSolver,N5 Inflated AveragePartitionSolver,total_distance,156.33644376511106
result_quantum_5customer.json,R109,R,R1,N5,Inflated,AveragePartitionSolver,N5 Inflated AveragePartitionSolver,total_route_duration,210.33644376511106
result_quantum_5customer.json,R109,R,R1,N5,Inflated,AveragePartitionSolver,N5 Inflated AveragePartitionSolver,total_service_time,50.0
result_quantum_5customer.json,R109,R,R1,N5,Inflated,AveragePartitionSolver,N5 Inflated AveragePartitionSolver,total_waiting_time,4.0
result_quantum_5customer.json,R110,R,R1,N5,Uncoarsened,FullQubo,N5 Uncoarsened FullQubo,capacity_violations,0.0
result_quantum_5customer.json,R110,R,R1,N5,Uncoarsened,FullQubo,N5 Uncoarsened FullQubo,computation_time,6.729893000039738
result_quantum_5customer.json,R110,R,R1,N5,Uncoarsened,FullQubo,N5 Uncoarsened FullQubo,num_vehicles,2.0
result_quantum_5customer.json,R110,R,R1,N5,Uncoarsened,FullQubo,N5 Uncoarsened FullQubo,time_window_violations,0.0
result_quantum_5customer.json,R110,R,R1,N5,Uncoarsened,FullQubo,N5 Uncoarsened FullQubo,total_demand_served,75.0
result_quantum_5customer.json,R110,R,R1,N5,Uncoarsened,FullQubo,N5 Uncoarsened FullQubo,total_distance,184.79047772367517
result_quantum_5customer.json,R110,R,R1,N5,Uncoarsened,FullQubo,N5 Uncoarsened FullQubo,total_route_duration,345.56316415120716
result_quantum_5customer.json,R110,R,R1,N5,Uncoarsened,FullQubo,N5 Uncoarsened FullQubo,total_service_time,50.0
result_quantum_5customer.json,R110,R,R1,N5,Uncoarsened,FullQubo,N5 Uncoarsened FullQubo,total_waiting_time,110.77268642753195
result_quantum_5customer.json,R110,R,R1,N5,Uncoarsened,AveragePartitionSolver,N5 Uncoarsened AveragePartitionSolver,capacity_violations,0.0
result_quantum_5customer.json,R110,R,R1,N5,Uncoarsened,AveragePartitionSolver,N5 Uncoarsened AveragePartitionSolver,computation_time,6.732777833007276
result_quantum_5customer.json,R110,R,R1,N5,Uncoarsened,AveragePartitionSolver,N5 Uncoarsened AveragePartitionSolver,num_vehicles,2.0
result_quantum_5customer.json,R110,R,R1,N5,Uncoarsened,AveragePartitionSolver,N5 Uncoarsened AveragePartitionSolver,time_window_violations,0.0
result_quantum_5customer.json,R110,R,R1,N5,Uncoarsened,AveragePartitionSolver,N5 Uncoarsened AveragePartitionSolver,total_demand_served,75.0
result_quantum_5customer.json,R110,R,R1,N5,Uncoarsened,AveragePartitionSolver,N5 Uncoarsened AveragePartitionSolver,total_distance,179.12473425860318
result_quantum_5customer.json,R110,R,R1,N5,Uncoarsened,AveragePartitionSolver,N5 Uncoarsened AveragePartitionSolver,total_route_duration,331.23154621172785
result_quantum_5customer.json,R110,R,R1,N5,Uncoarsened,AveragePartitionSolver,N5 Uncoarsened AveragePartitionSolver,total_service_time,50.0
result_quantum_5customer.json,R110,R,R1,N5,Uncoarsened,AveragePartitionSolver,N5 Uncoarsened AveragePartitionSolver,total_waiting_time,102.10681195312463
result_quantum_5customer.json,R110,R,R1,N5,Inflated,FullQubo,N5 Inflated FullQubo,capacity_violations,0.0
result_quantum_5customer.json,R110,R,R1,N5,Inflated,FullQubo,N5 Inflated FullQubo,computation_time,3.0588270000298508
result_quantum_5customer.json,R110,R,R1,N5,Inflated,FullQubo,N5 Inflated FullQubo,num_vehicles,1.0
result_quantum_5customer.json,R110,R,R1,N5,Inflated,FullQubo,N5 Inflated FullQubo,time_window_violations,0.0
result_quantum_5customer.json,R110,R,R1,N5,Inflated,FullQubo,N5 Inflated FullQubo,total_demand_served,75.0
result_quantum_5customer.json,R110,R,R1,N5,Inflated,FullQubo,N5 Inflated FullQubo,total_distance,119.48476341828696
result_quantum_5customer.json,R110,R,R1,N5,Inflated,FullQubo,N5 Inflated FullQubo,total_route_duration,169.48476341828697
result_quantum_5customer.json,R110,R,R1,N5,Inflated,FullQubo,N5 Inflated FullQubo,total_service_time,50.0
result_quantum_5customer.json,R110,R,R1,N5,Inflated,FullQubo,N5 Inflated FullQubo,total_waiting_time,0.0
result_quantum_5customer.json,R110,R,R1,N5,Inflated,AveragePartitionSolver,N5 Inflated AveragePartitionSolver,capacity_violations,0.0
result_quantum_5customer.json,R110,R,R1,N5,Inflated,AveragePartitionSolver,N5 Inflated AveragePartitionSolver,computation_time,3.1043132499908097
result_quantum_5customer.json,R110,R,R1,N5,Inflated,AveragePartitionSolver,N5 Inflated AveragePartitionSolver,num_vehicles,2.0
result_quantum_5customer.json,R110,R,R1,N5,Inflated,AveragePartitionSolver,N5 Inflated AveragePartitionSolver,time_window_violations,0.0
result_quantum_5customer.json,R110,R,R1,N5,Inflated,AveragePartitionSolver,N5 Inflated AveragePartitionSolver,total_demand_served,75.0
result_quantum_5customer.json,R110,R,R1,N5,Inflated,AveragePartitionSolver,N5 Inflated AveragePartitionSolver,total_distance,134.24657066262213
result_quantum_5customer.json,R110,R,R1,N5,Inflated,AveragePartitionSolver,N5 Inflated AveragePartitionSolver,total_route_duration,207.02282224646547
result_quantum_5customer.json,R110,R,R1,N5,Inflated,AveragePartitionSolver,N5 Inflated AveragePartitionSolver,total_service_time,50.0
result_quantum_5customer.json,R110,R,R1,N5,Inflated,AveragePartitionSolver,N5 Inflated AveragePartitionSolver,total_waiting_time,22.77625158384332
result_quantum_5customer.json,R111,R,R1,N5,Uncoarsened,FullQubo,N5 Uncoarsened FullQubo,capacity_violations,0.0
result_quantum_5customer.json,R111,R,R1,N5,Uncoarsened,FullQubo,N5 Uncoarsened FullQubo,computation_time,6.7195141250267625
result_quantum_5customer.json,R111,R,R1,N5,Uncoarsened,FullQubo,N5 Uncoarsened FullQubo,num_vehicles,2.0
result_quantum_5customer.json,R111,R,R1,N5,Uncoarsened,FullQubo,N5 Uncoarsened FullQubo,time_window_violations,0.0
result_quantum_5customer.json,R111,R,R1,N5,Uncoarsened,FullQubo,N5 Uncoarsened FullQubo,total_demand_served,75.0
result_quantum_5customer.json,R111,R,R1,N5,Uncoarsened,FullQubo,N5 Uncoarsened FullQubo,total_distance,173.43168876245878
result_quantum_5customer.json,R111,R,R1,N5,Uncoarsened,FullQubo,N5 Uncoarsened FullQubo,total_route_duration,223.43168876245878
result_quantum_5customer.json,R111,R,R1,N5,Uncoarsened,FullQubo,N5 Uncoarsened FullQubo,total_service_time,50.0
result_quantum_5customer.json,R111,R,R1,N5,Uncoarsened,FullQubo,N5 Uncoarsened FullQubo,total_waiting_time,0.0
result_quantum_5customer.json,R111,R,R1,N5,Uncoarsened,AveragePartitionSolver,N5 Uncoarsened AveragePartitionSolver,capacity_violations,0.0
result_quantum_5customer.json,R111,R,R1,N5,Uncoarsened,AveragePartitionSolver,N5 Uncoarsened AveragePartitionSolver,computation_time,6.762053708021995
result_quantum_5customer.json,R111,R,R1,N5,Uncoarsened,AveragePartitionSolver,N5 Uncoarsened AveragePartitionSolver,num_vehicles,2.0
result_quantum_5customer.json,R111,R,R1,N5,Uncoarsened,AveragePartitionSolver,N5 Uncoarsened AveragePartitionSolver,time_window_violations,0.0
result_quantum_5customer.json,R111,R,R1,N5,Uncoarsened,AveragePartitionSolver,N5 Uncoarsened AveragePartitionSolver,total_demand_served,75.0
result_quantum_5customer.json,R111,R,R1,N5,Uncoarsened,AveragePartitionSolver,N5 Uncoarsened AveragePartitionSolver,total_distance,164.61911619076653
result_quantum_5customer.json,R111,R,R1,N5,Uncoarsened,AveragePartitionSolver,N5 Uncoarsened AveragePartitionSolver,total_route_duration,327.61911619076653
result_quantum_5customer.json,R111,R,R1,N5,Uncoarsened,AveragePartitionSolver,N5 Uncoarsened AveragePartitionSolver,total_service_time,50.0
result_quantum_5customer.json,R111,R,R1,N5,Uncoarsened,AveragePartitionSolver,N5 Uncoarsened AveragePartitionSolver,total_waiting_time,113.0
result_quantum_5customer.json,R111,R,R1,N5,Inflated,FullQubo,N5 Inflated FullQubo,capacity_violations,0.0
result_quantum_5customer.json,R111,R,R1,N5,Inflated,FullQubo,N5 Inflated FullQubo,computation_time,3.968269374978263
result_quantum_5customer.json,R111,R,R1,N5,Inflated,FullQubo,N5 Inflated FullQubo,num_vehicles,2.0
result_quantum_5customer.json,R111,R,R1,N5,Inflated,FullQubo,N5 Inflated FullQubo,time_window_violations,0.0
result_quantum_5customer.json,R111,R,R1,N5,Inflated,FullQubo,N5 Inflated FullQubo,total_demand_served,75.0
result_quantum_5customer.json,R111,R,R1,N5,Inflated,FullQubo,N5 Inflated FullQubo,total_distance,174.32512513002325
result_quantum_5customer.json,R111,R,R1,N5,Inflated,FullQubo,N5 Inflated FullQubo,total_route_duration,337.32512513002325
result_quantum_5customer.json,R111,R,R1,N5,Inflated,FullQubo,N5 Inflated FullQubo,total_service_time,50.0
result_quantum_5customer.json,R111,R,R1,N5,Inflated,FullQubo,N5 Inflated FullQubo,total_waiting_time,113.0
result_quantum_5customer.json,R111,R,R1,N5,Inflated,AveragePartitionSolver,N5 Inflated AveragePartitionSolver,capacity_violations,0.0
result_quantum_5customer.json,R111,R,R1,N5,Inflated,AveragePartitionSolver,N5 Inflated AveragePartitionSolver,computation_time,3.960298291989602
result_quantum_5customer.json,R111,R,R1,N5,Inflated,AveragePartitionSolver,N5 Inflated AveragePartitionSolver,num_vehicles,2.0
result_quantum_5customer.json,R111,R,R1,N5,Inflated,AveragePartitionSolver,N5 Inflated AveragePartitionSolver,time_window_violations,0.0
result_quantum_5customer.json,R111,R,R1,N5,Inflated,AveragePartitionSolver,N5 Inflated AveragePartitionSolver,total_demand_served,75.0
result_quantum_5customer.json,R111,R,R1,N5,Inflated,AveragePartitionSolver,N5 Inflated AveragePartitionSolver,total_distance,163.94778975759976
result_quantum_5customer.json,R111,R,R1,N5,Inflated,AveragePartitionSolver,N5 Inflated AveragePartitionSolver,total_route_duration,326.94778975759976
result_quantum_5customer.json,R111,R,R1,N5,Inflated,AveragePartitionSolver,N5 Inflated AveragePartitionSolver,total_service_time,50.0
result_quantum_5customer.json,R111,R,R1,N5,Inflated,AveragePartitionSolver,N5 Inflated AveragePartitionSolver,total_waiting_time,113.0
result_quantum_5customer.json,R112,R,R1,N5,Uncoarsened,FullQubo,N5 Uncoarsened FullQubo,capacity_violations,0.0
result_quantum_5customer.json,R112,R,R1,N5,Uncoarsened,FullQubo,N5 Uncoarsened FullQubo,computation_time,6.707579500041902
result_quantum_5customer.json,R112,R,R1,N5,Uncoarsened,FullQubo,N5 Uncoarsened FullQubo,num_vehicles,2.0
result_quantum_5customer.json,R112,R,R1,N5,Uncoarsened,FullQubo,N5 Uncoarsened FullQubo,time_window_violations,0.0
result_quantum_5customer.json,R112,R,R1,N5,Uncoarsened,FullQubo,N5 Uncoarsened FullQubo,total_demand_served,75.0
result_quantum_5customer.json,R112,R,R1,N5,Uncoarsened,FullQubo,N5 Uncoarsened FullQubo,total_distance,152.96266047401315
result_quantum_5customer.json,R112,R,R1,N5,Uncoarsened,FullQubo,N5 Uncoarsened FullQubo,total_route_duration,304.60198069901526
result_quantum_5customer.json,R112,R,R1,N5,Uncoarsened,FullQubo,N5 Uncoarsened FullQubo,total_service_time,50.0
result_quantum_5customer.json,R112,R,R1,N5,Uncoarsened,FullQubo,N5 Uncoarsened FullQubo,total_waiting_time,101.63932022500211
result_quantum_5customer.json,R112,R,R1,N5,Uncoarsened,AveragePartitionSolver,N5 Uncoarsened AveragePartitionSolver,capacity_violations,0.0
result_quantum_5customer.json,R112,R,R1,N5,Uncoarsened,AveragePartitionSolver,N5 Uncoarsened AveragePartitionSolver,computation_time,6.72544204199221
result_quantum_5customer.json,R112,R,R1,N5,Uncoarsened,AveragePartitionSolver,N5 Uncoarsened AveragePartitionSolver,num_vehicles,2.0
result_quantum_5customer.json,R112,R,R1,N5,Uncoarsened,AveragePartitionSolver,N5 Uncoarsened AveragePartitionSolver,time_window_violations,0.0
result_quantum_5customer.json,R112,R,R1,N5,Uncoarsened,AveragePartitionSolver,N5 Uncoarsened AveragePartitionSolver,total_demand_served,75.0
result_quantum_5customer.json,R112,R,R1,N5,Uncoarsened,AveragePartitionSolver,N5 Uncoarsened AveragePartitionSolver,total_distance,188.1788785107835
result_quantum_5customer.json,R112,R,R1,N5,Uncoarsened,AveragePartitionSolver,N5 Uncoarsened AveragePartitionSolver,total_route_duration,309.53803123088517
result_quantum_5customer.json,R112,R,R1,N5,Uncoarsened,AveragePartitionSolver,N5 Uncoarsened AveragePartitionSolver,total_service_time,50.0
result_quantum_5customer.json,R112,R,R1,N5,Uncoarsened,AveragePartitionSolver,N5 Uncoarsened AveragePartitionSolver,total_waiting_time,71.35915272010168
result_quantum_5customer.json,R112,R,R1,N5,Inflated,FullQubo,N5 Inflated FullQubo,capacity_violations,0.0
result_quantum_5customer.json,R112,R,R1,N5,Inflated,FullQubo,N5 Inflated FullQubo,computation_time,3.051203750015702
result_quantum_5customer.json,R112,R,R1,N5,Inflated,FullQubo,N5 Inflated FullQubo,num_vehicles,2.0
result_quantum_5customer.json,R112,R,R1,N5,Inflated,FullQubo,N5 Inflated FullQubo,time_window_violations,0.0
result_quantum_5customer.json,R112,R,R1,N5,Inflated,FullQubo,N5 Inflated FullQubo,total_demand_served,75.0
result_quantum_5customer.json,R112,R,R1,N5,Inflated,FullQubo,N5 Inflated FullQubo,total_distance,141.84544319328486
result_quantum_5customer.json,R112,R,R1,N5,Inflated,FullQubo,N5 Inflated FullQubo,total_route_duration,245.48476341828695
result_quantum_5customer.json,R112,R,R1,N5,Inflated,FullQubo,N5 Inflated FullQubo,total_service_time,50.0
result_quantum_5customer.json,R112,R,R1,N5,Inflated,FullQubo,N5 Inflated FullQubo,total_waiting_time,53.6393202250021
result_quantum_5customer.json,R112,R,R1,N5,Inflated,AveragePartitionSolver,N5 Inflated AveragePartitionSolver,capacity_violations,0.0
result_quantum_5customer.json,R112,R,R1,N5,Inflated,AveragePartitionSolver,N5 Inflated AveragePartitionSolver,computation_time,3.0565825409721583
result_quantum_5customer.json,R112,R,R1,N5,Inflated,AveragePartitionSolver,N5 Inflated AveragePartitionSolver,num_vehicles,2.0
result_quantum_5customer.json,R112,R,R1,N5,Inflated,AveragePartitionSolver,N5 Inflated AveragePartitionSolver,time_window_violations,0.0
result_quantum_5customer.json,R112,R,R1,N5,Inflated,AveragePartitionSolver,N5 Inflated AveragePartitionSolver,total_demand_served,75.0
result_quantum_5customer.json,R112,R,R1,N5,Inflated,AveragePartitionSolver,N5 Inflated AveragePartitionSolver,total_distance,141.84544319328486
result_quantum_5customer.json,R112,R,R1,N5,Inflated,AveragePartitionSolver,N5 Inflated AveragePartitionSolver,total_route_duration,245.48476341828695
result_quantum_5customer.json,R112,R,R1,N5,Inflated,AveragePartitionSolver,N5 Inflated AveragePartitionSolver,total_service_time,50.0
result_quantum_5customer.json,R112,R,R1,N5,Inflated,AveragePartitionSolver,N5 Inflated AveragePartitionSolver,total_waiting_time,53.6393202250021
result_quantum_5customer.json,R201,R,R2,N5,Uncoarsened,FullQubo,N5 Uncoarsened FullQubo,capacity_violations,0.0
result_quantum_5customer.json,R201,R,R2,N5,Uncoarsened,FullQubo,N5 Uncoarsened FullQubo,computation_time,7.85032691701781
result_quantum_5customer.json,R201,R,R2,N5,Uncoarsened,FullQubo,N5 Uncoarsened FullQubo,num_vehicles,2.0
result_quantum_5customer.json,R201,R,R2,N5,Uncoarsened,FullQubo,N5 Uncoarsened FullQubo,time_window_violations,0.0
result_quantum_5customer.json,R201,R,R2,N5,Uncoarsened,FullQubo,N5 Uncoarsened FullQubo,total_demand_served,75.0
result_quantum_5customer.json,R201,R,R2,N5,Uncoarsened,FullQubo,N5 Uncoarsened FullQubo,total_distance,156.3510612611215
result_quantum_5customer.json,R201,R,R2,N5,Uncoarsened,FullQubo,N5 Uncoarsened FullQubo,total_route_duration,1445.2315462117278
result_quantum_5customer.json,R201,R,R2,N5,Uncoarsened,FullQubo,N5 Uncoarsened FullQubo,total_service_time,50.0
result_quantum_5customer.json,R201,R,R2,N5,Uncoarsened,FullQubo,N5 Uncoarsened FullQubo,total_waiting_time,1238.8804849506062
result_quantum_5customer.json,R201,R,R2,N5,Uncoarsened,AveragePartitionSolver,N5 Uncoarsened AveragePartitionSolver,capacity_violations,0.0
result_quantum_5customer.json,R201,R,R2,N5,Uncoarsened,AveragePartitionSolver,N5 Uncoarsened AveragePartitionSolver,computation_time,7.82006741699297
result_quantum_5customer.json,R201,R,R2,N5,Uncoarsened,AveragePartitionSolver,N5 Uncoarsened AveragePartitionSolver,num_vehicles,2.0
result_quantum_5customer.json,R201,R,R2,N5,Uncoarsened,AveragePartitionSolver,N5 Uncoarsened AveragePartitionSolver,time_window_violations,0.0
result_quantum_5customer.json,R201,R,R2,N5,Uncoarsened,AveragePartitionSolver,N5 Uncoarsened AveragePartitionSolver,total_demand_served,75.0
result_quantum_5customer.json,R201,R,R2,N5,Uncoarsened,AveragePartitionSolver,N5 Uncoarsened AveragePartitionSolver,total_distance,179.12473425860318
result_quantum_5customer.json,R201,R,R2,N5,Uncoarsened,AveragePartitionSolver,N5 Uncoarsened AveragePartitionSolver,total_route_duration,1445.2315462117278
result_quantum_5customer.json,R201,R,R2,N5,Uncoarsened,AveragePartitionSolver,N5 Uncoarsened AveragePartitionSolver,total_service_time,50.0
result_quantum_5customer.json,R201,R,R2,N5,Uncoarsened,AveragePartitionSolver,N5 Uncoarsened AveragePartitionSolver,total_waiting_time,1216.1068119531246
result_quantum_5customer.json,R201,R,R2,N5,Inflated,FullQubo,N5 Inflated FullQubo,capacity_violations,0.0
result_quantum_5customer.json,R201,R,R2,N5,Inflated,FullQubo,N5 Inflated FullQubo,computation_time,4.730734750046395
result_quantum_5customer.json,R201,R,R2,N5,Inflated,FullQubo,N5 Inflated FullQubo,num_vehicles,2.0
result_quantum_5customer.json,R201,R,R2,N5,Inflated,FullQubo,N5 Inflated FullQubo,time_window_violations,0.0
result_quantum_5customer.json,R201,R,R2,N5,Inflated,FullQubo,N5 Inflated FullQubo,total_demand_served,75.0
result_quantum_5customer.json,R201,R,R2,N5,Inflated,FullQubo,N5 Inflated FullQubo,total_distance,164.61911619076656
result_quantum_5customer.json,R201,R,R2,N5,Inflated,FullQubo,N5 Inflated FullQubo,total_route_duration,1445.2315462117278
result_quantum_5customer.json,R201,R,R2,N5,Inflated,FullQubo,N5 Inflated FullQubo,total_service_time,50.0
result_quantum_5customer.json,R201,R,R2,N5,Inflated,FullQubo,N5 Inflated FullQubo,total_waiting_time,1230.6124300209613
result_quantum_5customer.json,R201,R,R2,N5,Inflated,AveragePartitionSolver,N5 Inflated AveragePartitionSolver,capacity_violations,0.0
result_quantum_5customer.json,R201,R,R2,N5,Inflated,AveragePartitionSolver,N5 Inflated AveragePartitionSolver,computation_time,4.774112540995702
result_quantum_5customer.json,R201,R,R2,N5,Inflated,AveragePartitionSolver,N5 Inflated AveragePartitionSolver,num_vehicles,2.0
result_quantum_5customer.json,R201,R,R2,N5,Inflated,AveragePartitionSolver,N5 Inflated AveragePartitionSolver,time_window_violations,0.0
result_quantum_5customer.json,R201,R,R2,N5,Inflated,AveragePartitionSolver,N5 Inflated AveragePartitionSolver,total_demand_served,75.0
result_quantum_5customer.json,R201,R,R2,N5,Inflated,AveragePartitionSolver,N5 Inflated AveragePartitionSolver,total_distance,178.95073413024588
result_quantum_5customer.json,R201,R,R2,N5,Inflated,AveragePartitionSolver,N5 Inflated AveragePartitionSolver,total_route_duration,1343.5631641512073
result_quantum_5customer.json,R201,R,R2,N5,Inflated,AveragePartitionSolver,N5 Inflated AveragePartitionSolver,total_service_time,50.0
result_quantum_5customer.json,R201,R,R2,N5,Inflated,AveragePartitionSolver,N5 Inflated AveragePartitionSolver,total_waiting_time,1114.6124300209613
result_quantum_5customer.json,R202,R,R2,N5,Uncoarsened,FullQubo,N5 Uncoarsened FullQubo,capacity_violations,0.0
result_quantum_5customer.json,R202,R,R2,N5,Uncoarsened,FullQubo,N5 Uncoarsened FullQubo,computation_time,7.829416541033424
result_quantum_5customer.json,R202,R,R2,N5,Uncoarsened,FullQubo,N5 Uncoarsened FullQubo,num_vehicles,1.0
result_quantum_5customer.json,R202,R,R2,N5,Uncoarsened,FullQubo,N5 Uncoarsened FullQubo,time_window_violations,0.0
result_quantum_5customer.json,R202,R,R2,N5,Uncoarsened,FullQubo,N5 Uncoarsened FullQubo,total_demand_served,75.0
result_quantum_5customer.json,R202,R,R2,N5,Uncoarsened,FullQubo,N5 Uncoarsened FullQubo,total_distance,157.00777019827785
result_quantum_5customer.json,R202,R,R2,N5,Uncoarsened,FullQubo,N5 Uncoarsened FullQubo,total_route_duration,827.5737396103408
result_quantum_5customer.json,R202,R,R2,N5,Uncoarsened,FullQubo,N5 Uncoarsened FullQubo,total_service_time,50.0
result_quantum_5customer.json,R202,R,R2,N5,Uncoarsened,FullQubo,N5 Uncoarsened FullQubo,total_waiting_time,620.5659694120629
result_quantum_5customer.json,R202,R,R2,N5,Uncoarsened,AveragePartitionSolver,N5 Uncoarsened AveragePartitionSolver,capacity_violations,0.0
result_quantum_5customer.json,R202,R,R2,N5,Uncoarsened,AveragePartitionSolver,N5 Uncoarsened AveragePartitionSolver,computation_time,7.874312125029974
result_quantum_5customer.json,R202,R,R2,N5,Uncoarsened,AveragePartitionSolver,N5 Uncoarsened AveragePartitionSolver,num_vehicles,2.0
result_quantum_5customer.json,R202,R,R2,N5,Uncoarsened,AveragePartitionSolver,N5 Uncoarsened AveragePartitionSolver,time_window_violations,0.0
result_quantum_5customer.json,R202,R,R2,N5,Uncoarsened,AveragePartitionSolver,N5 Uncoarsened AveragePartitionSolver,total_demand_served,75.0
result_quantum_5customer.json,R202,R,R2,N5,Uncoarsened,AveragePartitionSolver,N5 Uncoarsened AveragePartitionSolver,total_distance,168.38117665550467
result_quantum_5customer.json,R202,R,R2,N5,Uncoarsened,AveragePartitionSolver,N5 Uncoarsened AveragePartitionSolver,total_route_duration,839.0204968805067
result_quantum_5customer.json,R202,R,R2,N5,Uncoarsened,AveragePartitionSolver,N5 Uncoarsened AveragePartitionSolver,total_service_time,50.0
result_quantum_5customer.json,R202,R,R2,N5,Uncoarsened,AveragePartitionSolver,N5 Uncoarsened AveragePartitionSolver,total_waiting_time,620.639320225002
result_quantum_5customer.json,R202,R,R2,N5,Inflated,FullQubo,N5 Inflated FullQubo,capacity_violations,0.0
result_quantum_5customer.json,R202,R,R2,N5,Inflated,FullQubo,N5 Inflated FullQubo,computation_time,4.771303666988388
result_quantum_5customer.json,R202,R,R2,N5,Inflated,FullQubo,N5 Inflated FullQubo,num_vehicles,2.0
result_quantum_5customer.json,R202,R,R2,N5,Inflated,FullQubo,N5 Inflated FullQubo,time_window_violations,0.0
result_quantum_5customer.json,R202,R,R2,N5,Inflated,FullQubo,N5 Inflated FullQubo,total_demand_served,75.0
result_quantum_5customer.json,R202,R,R2,N5,Inflated,FullQubo,N5 Inflated FullQubo,total_distance,169.04765144272426
result_quantum_5customer.json,R202,R,R2,N5,Inflated,FullQubo,N5 Inflated FullQubo,total_route_duration,872.0476514427243
result_quantum_5customer.json,R202,R,R2,N5,Inflated,FullQubo,N5 Inflated FullQubo,total_service_time,50.0
result_quantum_5customer.json,R202,R,R2,N5,Inflated,FullQubo,N5 Inflated FullQubo,total_waiting_time,653.0
result_quantum_5customer.json,R202,R,R2,N5,Inflated,AveragePartitionSolver,N5 Inflated AveragePartitionSolver,capacity_violations,0.0
result_quantum_5customer.json,R202,R,R2,N5,Inflated,AveragePartitionSolver,N5 Inflated AveragePartitionSolver,computation_time,4.767722624994349
result_quantum_5customer.json,R202,R,R2,N5,Inflated,AveragePartitionSolver,N5 Inflated AveragePartitionSolver,num_vehicles,2.0
result_quantum_5customer.json,R202,R,R2,N5,Inflated,AveragePartitionSolver,N5 Inflated AveragePartitionSolver,time_window_violations,0.0
result_quantum_5customer.json,R202,R,R2,N5,Inflated,AveragePartitionSolver,N5 Inflated AveragePartitionSolver,total_demand_served,75.0
result_quantum_5customer.json,R202,R,R2,N5,Inflated,AveragePartitionSolver,N5 Inflated AveragePartitionSolver,total_distance,155.93334541809165
result_quantum_5customer.json,R202,R,R2,N5,Inflated,AveragePartitionSolver,N5 Inflated AveragePartitionSolver,total_route_duration,764.2310562561767
result_quantum_5customer.json,R202,R,R2,N5,Inflated,AveragePartitionSolver,N5 Inflated AveragePartitionSolver,total_service_time,50.0
result_quantum_5customer.json,R202,R,R2,N5,Inflated,AveragePartitionSolver,N5 Inflated AveragePartitionSolver,total_waiting_time,558.297710838085
result_quantum_5customer.json,R203,R,R2,N5,Uncoarsened,FullQubo,N5 Uncoarsened FullQubo,capacity_violations,0.0
result_quantum_5customer.json,R203,R,R2,N5,Uncoarsened,FullQubo,N5 Uncoarsened FullQubo,computation_time,7.835678000003099
result_quantum_5customer.json,R203,R,R2,N5,Uncoarsened,FullQubo,N5 Uncoarsened FullQubo,num_vehicles,2.0
result_quantum_5customer.json,R203,R,R2,N5,Uncoarsened,FullQubo,N5 Uncoarsened FullQubo,time_window_violations,0.0
result_quantum_5customer.json,R203,R,R2,N5,Uncoarsened,FullQubo,N5 Uncoarsened FullQubo,total_demand_served,75.0
result_quantum_5customer.json,R203,R,R2,N5,Uncoarsened,FullQubo,N5 Uncoarsened FullQubo,total_distance,148.57818860210148
result_quantum_5customer.json,R203,R,R2,N5,Uncoarsened,FullQubo,N5 Uncoarsened FullQubo,total_route_duration,787.4548046723334
result_quantum_5customer.json,R203,R,R2,N5,Uncoarsened,FullQubo,N5 Uncoarsened FullQubo,total_service_time,50.0
result_quantum_5customer.json,R203,R,R2,N5,Uncoarsened,FullQubo,N5 Uncoarsened FullQubo,total_waiting_time,588.8766160702319
result_quantum_5customer.json,R203,R,R2,N5,Uncoarsened,AveragePartitionSolver,N5 Uncoarsened AveragePartitionSolver,capacity_violations,0.0
result_quantum_5customer.json,R203,R,R2,N5,Uncoarsened,AveragePartitionSolver,N5 Uncoarsened AveragePartitionSolver,computation_time,7.82045120903058
result_quantum_5customer.json,R203,R,R2,N5,Uncoarsened,AveragePartitionSolver,N5 Uncoarsened AveragePartitionSolver,num_vehicles,2.0
result_quantum_5customer.json,R203,R,R2,N5,Uncoarsened,AveragePartitionSolver,N5 Uncoarsened AveragePartitionSolver,time_window_violations,0.0
result_quantum_5customer.json,R203,R,R2,N5,Uncoarsened,AveragePartitionSolver,N5 Uncoarsened AveragePartitionSolver,total_demand_served,75.0
result_quantum_5customer.json,R203,R,R2,N5,Uncoarsened,AveragePartitionSolver,N5 Uncoarsened AveragePartitionSolver,total_distance,195.5340353267737
result_quantum_5customer.json,R203,R,R2,N5,Uncoarsened,AveragePartitionSolver,N5 Uncoarsened AveragePartitionSolver,total_route_duration,898.5340353267737
result_quantum_5customer.json,R203,R,R2,N5,Uncoarsened,AveragePartitionSolver,N5 Uncoarsened AveragePartitionSolver,total_service_time,50.0
result_quantum_5customer.json,R203,R,R2,N5,Uncoarsened,AveragePartitionSolver,N5 Uncoarsened AveragePartitionSolver,total_waiting_time,653.0
result_quantum_5customer.json,R203,R,R2,N5,Inflated,FullQubo,N5 Inflated FullQubo,capacity_violations,0.0
result_quantum_5customer.json,R203,R,R2,N5,Inflated,FullQubo,N5 Inflated FullQubo,computation_time,4.7232226669439115
result_quantum_5customer.json,R203,R,R2,N5,Inflated,FullQubo,N5 Inflated FullQubo,num_vehicles,2.0
result_quantum_5customer.json,R203,R,R2,N5,Inflated,FullQubo,N5 Inflated FullQubo,time_window_violations,0.0
result_quantum_5customer.json,R203,R,R2,N5,Inflated,FullQubo,N5 Inflated FullQubo,total_demand_served,75.0
result_quantum_5customer.json,R203,R,R2,N5,Inflated,FullQubo,N5 Inflated FullQubo,total_distance,178.4534078254364
result_quantum_5customer.json,R203,R,R2,N5,Inflated,FullQubo,N5 Inflated FullQubo,total_route_duration,881.4534078254364
result_quantum_5customer.json,R203,R,R2,N5,Inflated,FullQubo,N5 Inflated FullQubo,total_service_time,50.0
result_quantum_5customer.json,R203,R,R2,N5,Inflated,FullQubo,N5 Inflated FullQubo,total_waiting_time,653.0
result_quantum_5customer.json,R203,R,R2,N5,Inflated,AveragePartitionSolver,N5 Inflated AveragePartitionSolver,capacity_violations,0.0
result_quantum_5customer.json,R203,R,R2,N5,Inflated,AveragePartitionSolver,N5 Inflated AveragePartitionSolver,computation_time,4.7310581670026295
result_quantum_5customer.json,R203,R,R2,N5,Inflated,AveragePartitionSolver,N5 Inflated AveragePartitionSolver,num_vehicles,2.0
result_quantum_5customer.json,R203,R,R2,N5,Inflated,AveragePartitionSolver,N5 Inflated AveragePartitionSolver,time_window_violations,0.0
result_quantum_5customer.json,R203,R,R2,N5,Inflated,AveragePartitionSolver,N5 Inflated AveragePartitionSolver,total_demand_served,75.0
result_quantum_5customer.json,R203,R,R2,N5,Inflated,AveragePartitionSolver,N5 Inflated AveragePartitionSolver,total_distance,134.24657066262216
result_quantum_5customer.json,R203,R,R2,N5,Inflated,AveragePartitionSolver,N5 Inflated AveragePartitionSolver,total_route_duration,814.0228222464656
result_quantum_5customer.json,R203,R,R2,N5,Inflated,AveragePartitionSolver,N5 Inflated AveragePartitionSolver,total_service_time,50.0
result_quantum_5customer.json,R203,R,R2,N5,Inflated,AveragePartitionSolver,N5 Inflated AveragePartitionSolver,total_waiting_time,629.7762515838433
result_quantum_5customer.json,R204,R,R2,N5,Uncoarsened,FullQubo,N5 Uncoarsened FullQubo,capacity_violations,0.0
result_quantum_5customer.json,R204,R,R2,N5,Uncoarsened,FullQubo,N5 Uncoarsened FullQubo,computation_time,7.837584916967899
result_quantum_5customer.json,R204,R,R2,N5,Uncoarsened,FullQubo,N5 Uncoarsened FullQubo,num_vehicles,2.0
result_quantum_5customer.json,R204,R,R2,N5,Uncoarsened,FullQubo,N5 Uncoarsened FullQubo,time_window_violations,0.0
result_quantum_5customer.json,R204,R,R2,N5,Uncoarsened,FullQubo,N5 Uncoarsened FullQubo,total_demand_served,75.0
result_quantum_5customer.json,R204,R,R2,N5,Uncoarsened,FullQubo,N5 Uncoarsened FullQubo,total_distance,188.43506768728207
result_quantum_5customer.json,R204,R,R2,N5,Uncoarsened,FullQubo,N5 Uncoarsened FullQubo,total_route_duration,891.4350676872821
result_quantum_5customer.json,R204,R,R2,N5,Uncoarsened,FullQubo,N5 Uncoarsened FullQubo,total_service_time,50.0
result_quantum_5customer.json,R204,R,R2,N5,Uncoarsened,FullQubo,N5 Uncoarsened FullQubo,total_waiting_time,653.0
result_quantum_5customer.json,R204,R,R2,N5,Uncoarsened,AveragePartitionSolver,N5 Uncoarsened AveragePartitionSolver,capacity_violations,0.0
result_quantum_5customer.json,R204,R,R2,N5,Uncoarsened,AveragePartitionSolver,N5 Uncoarsened AveragePartitionSolver,computation_time,7.834634500031825
result_quantum_5customer.json,R204,R,R2,N5,Uncoarsened,AveragePartitionSolver,N5 Uncoarsened AveragePartitionSolver,num_vehicles,2.0
result_quantum_5customer.json,R204,R,R2,N5,Uncoarsened,AveragePartitionSolver,N5 Uncoarsened AveragePartitionSolver,time_window_violations,0.0
result_quantum_5customer.json,R204,R,R2,N5,Uncoarsened,AveragePartitionSolver,N5 Uncoarsened AveragePartitionSolver,total_demand_served,75.0
result_quantum_5customer.json,R204,R,R2,N5,Uncoarsened,AveragePartitionSolver,N5 Uncoarsened AveragePartitionSolver,total_distance,156.84838756593095
result_quantum_5customer.json,R204,R,R2,N5,Uncoarsened,AveragePartitionSolver,N5 Uncoarsened AveragePartitionSolver,total_route_duration,827.4143569779939
result_quantum_5customer.json,R204,R,R2,N5,Uncoarsened,AveragePartitionSolver,N5 Uncoarsened AveragePartitionSolver,total_service_time,50.0
result_quantum_5customer.json,R204,R,R2,N5,Uncoarsened,AveragePartitionSolver,N5 Uncoarsened AveragePartitionSolver,total_waiting_time,620.5659694120629
result_quantum_5customer.json,R204,R,R2,N5,Inflated,FullQubo,N5 Inflated FullQubo,capacity_violations,0.0
result_quantum_5customer.json,R204,R,R2,N5,Inflated,FullQubo,N5 Inflated FullQubo,computation_time,4.740972500003409
result_quantum_5customer.json,R204,R,R2,N5,Inflated,FullQubo,N5 Inflated FullQubo,num_vehicles,2.0
result_quantum_5customer.json,R204,R,R2,N5,Inflated,FullQubo,N5 Inflated FullQubo,time_window_violations,0.0
result_quantum_5customer.json,R204,R,R2,N5,Inflated,FullQubo,N5 Inflated FullQubo,total_demand_served,75.0
result_quantum_5customer.json,R204,R,R2,N5,Inflated,FullQubo,N5 Inflated FullQubo,total_distance,169.04765144272426
result_quantum_5customer.json,R204,R,R2,N5,Inflated,FullQubo,N5 Inflated FullQubo,total_route_duration,872.0476514427243
result_quantum_5customer.json,R204,R,R2,N5,Inflated,FullQubo,N5 Inflated FullQubo,total_service_time,50.0
result_quantum_5customer.json,R204,R,R2,N5,Inflated,FullQubo,N5 Inflated FullQubo,total_waiting_time,653.0
result_quantum_5customer.json,R204,R,R2,N5,Inflated,AveragePartitionSolver,N5 Inflated AveragePartitionSolver,capacity_violations,0.0
result_quantum_5customer.json,R204,R,R2,N5,Inflated,AveragePartitionSolver,N5 Inflated AveragePartitionSolver,computation_time,4.7372004999779165
result_quantum_5customer.json,R204,R,R2,N5,Inflated,AveragePartitionSolver,N5 Inflated AveragePartitionSolver,num_vehicles,2.0
result_quantum_5customer.json,R204,R,R2,N5,Inflated,AveragePartitionSolver,N5 Inflated AveragePartitionSolver,time_window_violations,0.0
result_quantum_5customer.json,R204,R,R2,N5,Inflated,AveragePartitionSolver,N5 Inflated AveragePartitionSolver,total_demand_served,75.0
result_quantum_5customer.json,R204,R,R2,N5,Inflated,AveragePartitionSolver,N5 Inflated AveragePartitionSolver,total_distance,142.26101500213028
result_quantum_5customer.json,R204,R,R2,N5,Inflated,AveragePartitionSolver,N5 Inflated AveragePartitionSolver,total_route_duration,845.2610150021303
result_quantum_5customer.json,R204,R,R2,N5,Inflated,AveragePartitionSolver,N5 Inflated AveragePartitionSolver,total_service_time,50.0
result_quantum_5customer.json,R204,R,R2,N5,Inflated,AveragePartitionSolver,N5 Inflated AveragePartitionSolver,total_waiting_time,653.0
result_quantum_5customer.json,R205,R,R2,N5,Uncoarsened,FullQubo,N5 Uncoarsened FullQubo,capacity_violations,0.0
result_quantum_5customer.json,R205,R,R2,N5,Uncoarsened,FullQubo,N5 Uncoarsened FullQubo,computation_time,7.827945832978003
result_quantum_5customer.json,R205,R,R2,N5,Uncoarsened,FullQubo,N5 Uncoarsened FullQubo,num_vehicles,2.0
result_quantum_5customer.json,R205,R,R2,N5,Uncoarsened,FullQubo,N5 Uncoarsened FullQubo,time_window_violations,0.0
result_quantum_5customer.json,R205,R,R2,N5,Uncoarsened,FullQubo,N5 Uncoarsened FullQubo,total_demand_served,75.0
result_quantum_5customer.json,R205,R,R2,N5,Uncoarsened,FullQubo,N5 Uncoarsened FullQubo,total_distance,175.98004918616738
result_quantum_5customer.json,R205,R,R2,N5,Uncoarsened,FullQubo,N5 Uncoarsened FullQubo,total_route_duration,1203.563164151207
result_quantum_5customer.json,R205,R,R2,N5,Uncoarsened,FullQubo,N5 Uncoarsened FullQubo,total_service_time,50.0
result_quantum_5customer.json,R205,R,R2,N5,Uncoarsened,FullQubo,N5 Uncoarsened FullQubo,total_waiting_time,977.5831149650398
result_quantum_5customer.json,R205,R,R2,N5,Uncoarsened,AveragePartitionSolver,N5 Uncoarsened AveragePartitionSolver,capacity_violations,0.0
result_quantum_5customer.json,R205,R,R2,N5,Uncoarsened,AveragePartitionSolver,N5 Uncoarsened AveragePartitionSolver,computation_time,7.836156291014049
result_quantum_5customer.json,R205,R,R2,N5,Uncoarsened,AveragePartitionSolver,N5 Uncoarsened AveragePartitionSolver,num_vehicles,2.0
result_quantum_5customer.json,R205,R,R2,N5,Uncoarsened,AveragePartitionSolver,N5 Uncoarsened AveragePartitionSolver,time_window_violations,0.0
result_quantum_5customer.json,R205,R,R2,N5,Uncoarsened,AveragePartitionSolver,N5 Uncoarsened AveragePartitionSolver,total_demand_served,75.0
result_quantum_5customer.json,R205,R,R2,N5,Uncoarsened,AveragePartitionSolver,N5 Uncoarsened AveragePartitionSolver,total_distance,178.95073413024585
result_quantum_5customer.json,R205,R,R2,N5,Uncoarsened,AveragePartitionSolver,N5 Uncoarsened AveragePartitionSolver,total_route_duration,1203.563164151207
result_quantum_5customer.json,R205,R,R2,N5,Uncoarsened,AveragePartitionSolver,N5 Uncoarsened AveragePartitionSolver,total_service_time,50.0
result_quantum_5customer.json,R205,R,R2,N5,Uncoarsened,AveragePartitionSolver,N5 Uncoarsened AveragePartitionSolver,total_waiting_time,974.6124300209613
result_quantum_5customer.json,R205,R,R2,N5,Inflated,FullQubo,N5 Inflated FullQubo,capacity_violations,0.0
result_quantum_5customer.json,R205,R,R2,N5,Inflated,FullQubo,N5 Inflated FullQubo,computation_time,4.728648666001391
result_quantum_5customer.json,R205,R,R2,N5,Inflated,FullQubo,N5 Inflated FullQubo,num_vehicles,2.0
result_quantum_5customer.json,R205,R,R2,N5,Inflated,FullQubo,N5 Inflated FullQubo,time_window_violations,0.0
result_quantum_5customer.json,R205,R,R2,N5,Inflated,FullQubo,N5 Inflated FullQubo,total_demand_served,75.0
result_quantum_5customer.json,R205,R,R2,N5,Inflated,FullQubo,N5 Inflated FullQubo,total_distance,134.24657066262213
result_quantum_5customer.json,R205,R,R2,N5,Inflated,FullQubo,N5 Inflated FullQubo,total_route_duration,756.0228222464656
result_quantum_5customer.json,R205,R,R2,N5,Inflated,FullQubo,N5 Inflated FullQubo,total_service_time,50.0
result_quantum_5customer.json,R205,R,R2,N5,Inflated,FullQubo,N5 Inflated FullQubo,total_waiting_time,571.7762515838433
result_quantum_5customer.json,R205,R,R2,N5,Inflated,AveragePartitionSolver,N5 Inflated AveragePartitionSolver,capacity_violations,0.0
result_quantum_5customer.json,R205,R,R2,N5,Inflated,AveragePartitionSolver,N5 Inflated AveragePartitionSolver,computation_time,4.737940916966181
result_quantum_5customer.json,R205,R,R2,N5,Inflated,AveragePartitionSolver,N5 Inflated AveragePartitionSolver,num_vehicles,2.0
result_quantum_5customer.json,R205,R,R2,N5,Inflated,AveragePartitionSolver,N5 Inflated AveragePartitionSolver,time_window_violations,0.0
result_quantum_5customer.json,R205,R,R2,N5,Inflated,AveragePartitionSolver,N5 Inflated AveragePartitionSolver,total_demand_served,75.0
result_quantum_5customer.json,R205,R,R2,N5,Inflated,AveragePartitionSolver,N5 Inflated AveragePartitionSolver,total_distance,169.04765144272426
result_quantum_5customer.json,R205,R,R2,N5,Inflated,AveragePartitionSolver,N5 Inflated AveragePartitionSolver,total_route_duration,1338.2315462117278
result_quantum_5customer.json,R205,R,R2,N5,Inflated,AveragePartitionSolver,N5 Inflated AveragePartitionSolver,total_service_time,50.0
result_quantum_5customer.json,R205,R,R2,N5,Inflated,AveragePartitionSolver,N5 Inflated AveragePartitionSolver,total_waiting_time,1119.1838947690035
result_quantum_5customer.json,R206,R,R2,N5,Uncoarsened,FullQubo,N5 Uncoarsened FullQubo,capacity_violations,0.0
result_quantum_5customer.json,R206,R,R2,N5,Uncoarsened,FullQubo,N5 Uncoarsened FullQubo,computation_time,7.838927457982209
result_quantum_5customer.json,R206,R,R2,N5,Uncoarsened,FullQubo,N5 Uncoarsened FullQubo,num_vehicles,2.0
result_quantum_5customer.json,R206,R,R2,N5,Uncoarsened,FullQubo,N5 Uncoarsened FullQubo,time_window_violations,0.0
result_quantum_5customer.json,R206,R,R2,N5,Uncoarsened,FullQubo,N5 Uncoarsened FullQubo,total_demand_served,75.0
result_quantum_5customer.json,R206,R,R2,N5,Uncoarsened,FullQubo,N5 Uncoarsened FullQubo,total_distance,169.04765144272426
result_quantum_5customer.json,R206,R,R2,N5,Uncoarsened,FullQubo,N5 Uncoarsened FullQubo,total_route_duration,767.2010670584593
result_quantum_5customer.json,R206,R,R2,N5,Uncoarsened,FullQubo,N5 Uncoarsened FullQubo,total_service_time,50.0
result_quantum_5customer.json,R206,R,R2,N5,Uncoarsened,FullQubo,N5 Uncoarsened FullQubo,total_waiting_time,548.1534156157351
result_quantum_5customer.json,R206,R,R2,N5,Uncoarsened,AveragePartitionSolver,N5 Uncoarsened AveragePartitionSolver,capacity_violations,0.0
result_quantum_5customer.json,R206,R,R2,N5,Uncoarsened,AveragePartitionSolver,N5 Uncoarsened AveragePartitionSolver,computation_time,7.823089541983791
result_quantum_5customer.json,R206,R,R2,N5,Uncoarsened,AveragePartitionSolver,N5 Uncoarsened AveragePartitionSolver,num_vehicles,2.0
result_quantum_5customer.json,R206,R,R2,N5,Uncoarsened,AveragePartitionSolver,N5 Uncoarsened AveragePartitionSolver,time_window_violations,0.0
result_quantum_5customer.json,R206,R,R2,N5,Uncoarsened,AveragePartitionSolver,N5 Uncoarsened AveragePartitionSolver,total_demand_served,75.0
result_quantum_5customer.json,R206,R,R2,N5,Uncoarsened,AveragePartitionSolver,N5 Uncoarsened AveragePartitionSolver,total_distance,171.35400563376757
result_quantum_5customer.json,R206,R,R2,N5,Uncoarsened,AveragePartitionSolver,N5 Uncoarsened AveragePartitionSolver,total_route_duration,793.130257217611
result_quantum_5customer.json,R206,R,R2,N5,Uncoarsened,AveragePartitionSolver,N5 Uncoarsened AveragePartitionSolver,total_service_time,50.0
result_quantum_5customer.json,R206,R,R2,N5,Uncoarsened,AveragePartitionSolver,N5 Uncoarsened AveragePartitionSolver,total_waiting_time,571.7762515838433
result_quantum_5customer.json,R206,R,R2,N5,Inflated,FullQubo,N5 Inflated FullQubo,capacity_violations,0.0
result_quantum_5customer.json,R206,R,R2,N5,Inflated,FullQubo,N5 Inflated FullQubo,computation_time,4.729573541961145
result_quantum_5customer.json,R206,R,R2,N5,Inflated,FullQubo,N5 Inflated FullQubo,num_vehicles,2.0
result_quantum_5customer.json,R206,R,R2,N5,Inflated,FullQubo,N5 Inflated FullQubo,time_window_violations,0.0
result_quantum_5customer.json,R206,R,R2,N5,Inflated,FullQubo,N5 Inflated FullQubo,total_demand_served,75.0
result_quantum_5customer.json,R206,R,R2,N5,Inflated,FullQubo,N5 Inflated FullQubo,total_distance,156.3510612611215
result_quantum_5customer.json,R206,R,R2,N5,Inflated,FullQubo,N5 Inflated FullQubo,total_route_duration,801.3510612611215
result_quantum_5customer.json,R206,R,R2,N5,Inflated,FullQubo,N5 Inflated FullQubo,total_service_time,50.0
result_quantum_5customer.json,R206,R,R2,N5,Inflated,FullQubo,N5 Inflated FullQubo,total_waiting_time,595.0
result_quantum_5customer.json,R206,R,R2,N5,Inflated,AveragePartitionSolver,N5 Inflated AveragePartitionSolver,capacity_violations,0.0
result_quantum_5customer.json,R206,R,R2,N5,Inflated,AveragePartitionSolver,N5 Inflated AveragePartitionSolver,computation_time,4.735634958953597
result_quantum_5customer.json,R206,R,R2,N5,Inflated,AveragePartitionSolver,N5 Inflated AveragePartitionSolver,num_vehicles,2.0
result_quantum_5customer.json,R206,R,R2,N5,Inflated,AveragePartitionSolver,N5 Inflated AveragePartitionSolver,time_window_violations,0.0
result_quantum_5customer.json,R206,R,R2,N5,Inflated,AveragePartitionSolver,N5 Inflated AveragePartitionSolver,total_demand_served,75.0
result_quantum_5customer.json,R206,R,R2,N5,Inflated,AveragePartitionSolver,N5 Inflated AveragePartitionSolver,total_distance,156.5926329416096
result_quantum_5customer.json,R206,R,R2,N5,Inflated,AveragePartitionSolver,N5 Inflated AveragePartitionSolver,total_route_duration,737.4692490118414
result_quantum_5customer.json,R206,R,R2,N5,Inflated,AveragePartitionSolver,N5 Inflated AveragePartitionSolver,total_service_time,50.0
result_quantum_5customer.json,R206,R,R2,N5,Inflated,AveragePartitionSolver,N5 Inflated AveragePartitionSolver,total_waiting_time,530.8766160702319
result_quantum_5customer.json,R207,R,R2,N5,Uncoarsened,FullQubo,N5 Uncoarsened FullQubo,capacity_violations,0.0
result_quantum_5customer.json,R207,R,R2,N5,Uncoarsened,FullQubo,N5 Uncoarsened FullQubo,computation_time,7.832952583034057
result_quantum_5customer.json,R207,R,R2,N5,Uncoarsened,FullQubo,N5 Uncoarsened FullQubo,num_vehicles,2.0
result_quantum_5customer.json,R207,R,R2,N5,Uncoarsened,FullQubo,N5 Uncoarsened FullQubo,time_window_violations,0.0
result_quantum_5customer.json,R207,R,R2,N5,Uncoarsened,FullQubo,N5 Uncoarsened FullQubo,total_demand_served,75.0
result_quantum_5customer.json,R207,R,R2,N5,Uncoarsened,FullQubo,N5 Uncoarsened FullQubo,total_distance,175.7384775056793
result_quantum_5customer.json,R207,R,R2,N5,Uncoarsened,FullQubo,N5 Uncoarsened FullQubo,total_route_duration,797.5147290895226
result_quantum_5customer.json,R207,R,R2,N5,Uncoarsened,FullQubo,N5 Uncoarsened FullQubo,total_service_time,50.0
result_quantum_5customer.json,R207,R,R2,N5,Uncoarsened,FullQubo,N5 Uncoarsened FullQubo,total_waiting_time,571.7762515838433
result_quantum_5customer.json,R207,R,R2,N5,Uncoarsened,AveragePartitionSolver,N5 Uncoarsened AveragePartitionSolver,capacity_violations,0.0
result_quantum_5customer.json,R207,R,R2,N5,Uncoarsened,AveragePartitionSolver,N5 Uncoarsened AveragePartitionSolver,computation_time,7.829625125043094
result_quantum_5customer.json,R207,R,R2,N5,Uncoarsened,AveragePartitionSolver,N5 Uncoarsened AveragePartitionSolver,num_vehicles,2.0
result_quantum_5customer.json,R207,R,R2,N5,Uncoarsened,AveragePartitionSolver,N5 Uncoarsened AveragePartitionSolver,time_window_violations,0.0
result_quantum_5customer.json,R207,R,R2,N5,Uncoarsened,AveragePartitionSolver,N5 Uncoarsened AveragePartitionSolver,total_demand_served,75.0
result_quantum_5customer.json,R207,R,R2,N5,Uncoarsened,AveragePartitionSolver,N5 Uncoarsened AveragePartitionSolver,total_distance,159.34164250346757
result_quantum_5customer.json,R207,R,R2,N5,Uncoarsened,AveragePartitionSolver,N5 Uncoarsened AveragePartitionSolver,total_route_duration,695.4630924234557
result_quantum_5customer.json,R207,R,R2,N5,Uncoarsened,AveragePartitionSolver,N5 Uncoarsened AveragePartitionSolver,total_service_time,50.0
result_quantum_5customer.json,R207,R,R2,N5,Uncoarsened,AveragePartitionSolver,N5 Uncoarsened AveragePartitionSolver,total_waiting_time,486.1214499199881
result_quantum_5customer.json,R207,R,R2,N5,Inflated,FullQubo,N5 Inflated FullQubo,capacity_violations,0.0
result_quantum_5customer.json,R207,R,R2,N5,Inflated,FullQubo,N5 Inflated FullQubo,computation_time,4.730560832947958
result_quantum_5customer.json,R207,R,R2,N5,Inflated,FullQubo,N5 Inflated FullQubo,num_vehicles,2.0
result_quantum_5customer.json,R207,R,R2,N5,Inflated,FullQubo,N5 Inflated FullQubo,time_window_violations,0.0
result_quantum_5customer.json,R207,R,R2,N5,Inflated,FullQubo,N5 Inflated FullQubo,total_demand_served,75.0
result_quantum_5customer.json,R207,R,R2,N5,Inflated,FullQubo,N5 Inflated FullQubo,total_distance,134.24657066262213
result_quantum_5customer.json,R207,R,R2,N5,Inflated,FullQubo,N5 Inflated FullQubo,total_route_duration,756.0228222464656
result_quantum_5customer.json,R207,R,R2,N5,Inflated,FullQubo,N5 Inflated FullQubo,total_service_time,50.0
result_quantum_5customer.json,R207,R,R2,N5,Inflated,FullQubo,N5 Inflated FullQubo,total_waiting_time,571.7762515838433
result_quantum_5customer.json,R207,R,R2,N5,Inflated,AveragePartitionSolver,N5 Inflated AveragePartitionSolver,capacity_violations,0.0
result_quantum_5customer.json,R207,R,R2,N5,Inflated,AveragePartitionSolver,N5 Inflated AveragePartitionSolver,computation_time,4.740722000016831
result_quantum_5customer.json,R207,R,R2,N5,Inflated,AveragePartitionSolver,N5 Inflated AveragePartitionSolver,num_vehicles,2.0
result_quantum_5customer.json,R207,R,R2,N5,Inflated,AveragePartitionSolver,N5 Inflated AveragePartitionSolver,time_window_violations,0.0
result_quantum_5customer.json,R207,R,R2,N5,Inflated,AveragePartitionSolver,N5 Inflated AveragePartitionSolver,total_demand_served,75.0
result_quantum_5customer.json,R207,R,R2,N5,Inflated,AveragePartitionSolver,N5 Inflated AveragePartitionSolver,total_distance,153.37823228285856
result_quantum_5customer.json,R207,R,R2,N5,Inflated,AveragePartitionSolver,N5 Inflated AveragePartitionSolver,total_route_duration,798.3782322828586
result_quantum_5customer.json,R207,R,R2,N5,Inflated,AveragePartitionSolver,N5 Inflated AveragePartitionSolver,total_service_time,50.0
result_quantum_5customer.json,R207,R,R2,N5,Inflated,AveragePartitionSolver,N5 Inflated AveragePartitionSolver,total_waiting_time,595.0
result_quantum_5customer.json,R208,R,R2,N5,Uncoarsened,FullQubo,N5 Uncoarsened FullQubo,capacity_violations,0.0
result_quantum_5customer.json,R208,R,R2,N5,Uncoarsened,FullQubo,N5 Uncoarsened FullQubo,computation_time,7.815290708036628
result_quantum_5customer.json,R208,R,R2,N5,Uncoarsened,FullQubo,N5 Uncoarsened FullQubo,num_vehicles,1.0
result_quantum_5customer.json,R208,R,R2,N5,Uncoarsened,FullQubo,N5 Uncoarsened FullQubo,time_window_violations,0.0
result_quantum_5customer.json,R208,R,R2,N5,Uncoarsened,FullQubo,N5 Uncoarsened FullQubo,total_demand_served,75.0
result_quantum_5customer.json,R208,R,R2,N5,Uncoarsened,FullQubo,N5 Uncoarsened FullQubo,total_distance,155.6970525398607
result_quantum_5customer.json,R208,R,R2,N5,Uncoarsened,FullQubo,N5 Uncoarsened FullQubo,total_route_duration,800.6970525398607
result_quantum_5customer.json,R208,R,R2,N5,Uncoarsened,FullQubo,N5 Uncoarsened FullQubo,total_service_time,50.0
result_quantum_5customer.json,R208,R,R2,N5,Uncoarsened,FullQubo,N5 Uncoarsened FullQubo,total_waiting_time,595.0
result_quantum_5customer.json,R208,R,R2,N5,Uncoarsened,AveragePartitionSolver,N5 Uncoarsened AveragePartitionSolver,capacity_violations,0.0
result_quantum_5customer.json,R208,R,R2,N5,Uncoarsened,AveragePartitionSolver,N5 Uncoarsened AveragePartitionSolver,computation_time,7.823812041955534
result_quantum_5customer.json,R208,R,R2,N5,Uncoarsened,AveragePartitionSolver,N5 Uncoarsened AveragePartitionSolver,num_vehicles,2.0
result_quantum_5customer.json,R208,R,R2,N5,Uncoarsened,AveragePartitionSolver,N5 Uncoarsened AveragePartitionSolver,time_window_violations,0.0
result_quantum_5customer.json,R208,R,R2,N5,Uncoarsened,AveragePartitionSolver,N5 Uncoarsened AveragePartitionSolver,total_demand_served,75.0
result_quantum_5customer.json,R208,R,R2,N5,Uncoarsened,AveragePartitionSolver,N5 Uncoarsened AveragePartitionSolver,total_distance,150.65587173079265
result_quantum_5customer.json,R208,R,R2,N5,Uncoarsened,AveragePartitionSolver,N5 Uncoarsened AveragePartitionSolver,total_route_duration,795.6558717307928
result_quantum_5customer.json,R208,R,R2,N5,Uncoarsened,AveragePartitionSolver,N5 Uncoarsened AveragePartitionSolver,total_service_time,50.0
result_quantum_5customer.json,R208,R,R2,N5,Uncoarsened,AveragePartitionSolver,N5 Uncoarsened AveragePartitionSolver,total_waiting_time,595.0
result_quantum_5customer.json,R208,R,R2,N5,Inflated,FullQubo,N5 Inflated FullQubo,capacity_violations,0.0
result_quantum_5customer.json,R208,R,R2,N5,Inflated,FullQubo,N5 Inflated FullQubo,computation_time,4.7275694160489365
result_quantum_5customer.json,R208,R,R2,N5,Inflated,FullQubo,N5 Inflated FullQubo,num_vehicles,2.0
result_quantum_5customer.json,R208,R,R2,N5,Inflated,FullQubo,N5 Inflated FullQubo,time_window_violations,0.0
result_quantum_5customer.json,R208,R,R2,N5,Inflated,FullQubo,N5 Inflated FullQubo,total_demand_served,75.0
result_quantum_5customer.json,R208,R,R2,N5,Inflated,FullQubo,N5 Inflated FullQubo,total_distance,150.65587173079265
result_quantum_5customer.json,R208,R,R2,N5,Inflated,FullQubo,N5 Inflated FullQubo,total_route_duration,795.6558717307928
result_quantum_5customer.json,R208,R,R2,N5,Inflated,FullQubo,N5 Inflated FullQubo,total_service_time,50.0
result_quantum_5customer.json,R208,R,R2,N5,Inflated,FullQubo,N5 Inflated FullQubo,total_waiting_time,595.0
result_quantum_5customer.json,R208,R,R2,N5,Inflated,AveragePartitionSolver,N5 Inflated AveragePartitionSolver,capacity_violations,0.0
result_quantum_5customer.json,R208,R,R2,N5,Inflated,AveragePartitionSolver,N5 Inflated AveragePartitionSolver,computation_time,4.73583612497896
result_quantum_5customer.json,R208,R,R2,N5,Inflated,AveragePartitionSolver,N5 Inflated AveragePartitionSolver,num_vehicles,2.0
result_quantum_5customer.json,R208,R,R2,N5,Inflated,AveragePartitionSolver,N5 Inflated AveragePartitionSolver,time_window_violations,0.0
result_quantum_5customer.json,R208,R,R2,N5,Inflated,AveragePartitionSolver,N5 Inflated AveragePartitionSolver,total_demand_served,75.0
result_quantum_5customer.json,R208,R,R2,N5,Inflated,AveragePartitionSolver,N5 Inflated AveragePartitionSolver,total_distance,153.37823228285856
result_quantum_5customer.json,R208,R,R2,N5,Inflated,AveragePartitionSolver,N5 Inflated AveragePartitionSolver,total_route_duration,798.3782322828586
result_quantum_5customer.json,R208,R,R2,N5,Inflated,AveragePartitionSolver,N5 Inflated AveragePartitionSolver,total_service_time,50.0
result_quantum_5customer.json,R208,R,R2,N5,Inflated,AveragePartitionSolver,N5 Inflated AveragePartitionSolver,total_waiting_time,595.0
result_quantum_5customer.json,R209,R,R2,N5,Uncoarsened,FullQubo,N5 Uncoarsened FullQubo,capacity_violations,0.0
result_quantum_5customer.json,R209,R,R2,N5,Uncoarsened,FullQubo,N5 Uncoarsened FullQubo,computation_time,7.817873958032578
result_quantum_5customer.json,R209,R,R2,N5,Uncoarsened,FullQubo,N5 Uncoarsened FullQubo,num_vehicles,2.0
result_quantum_5customer.json,R209,R,R2,N5,Uncoarsened,FullQubo,N5 Uncoarsened FullQubo,time_window_violations,0.0
result_quantum_5customer.json,R209,R,R2,N5,Uncoarsened,FullQubo,N5 Uncoarsened FullQubo,total_demand_served,75.0
result_quantum_5customer.json,R209,R,R2,N5,Uncoarsened,FullQubo,N5 Uncoarsened FullQubo,total_distance,174.99645156319005
result_quantum_5customer.json,R209,R,R2,N5,Uncoarsened,FullQubo,N5 Uncoarsened FullQubo,total_route_duration,1198.5922259867257
result_quantum_5customer.json,R209,R,R2,N5,Uncoarsened,FullQubo,N5 Uncoarsened FullQubo,total_service_time,50.0
result_quantum_5customer.json,R209,R,R2,N5,Uncoarsened,FullQubo,N5 Uncoarsened FullQubo,total_waiting_time,973.5957744235357
result_quantum_5customer.json,R209,R,R2,N5,Uncoarsened,AveragePartitionSolver,N5 Uncoarsened AveragePartitionSolver,capacity_violations,0.0
result_quantum_5customer.json,R209,R,R2,N5,Uncoarsened,AveragePartitionSolver,N5 Uncoarsened AveragePartitionSolver,computation_time,7.825064791017212
result_quantum_5customer.json,R209,R,R2,N5,Uncoarsened,AveragePartitionSolver,N5 Uncoarsened AveragePartitionSolver,num_vehicles,2.0
result_quantum_5customer.json,R209,R,R2,N5,Uncoarsened,AveragePartitionSolver,N5 Uncoarsened AveragePartitionSolver,time_window_violations,0.0
result_quantum_5customer.json,R209,R,R2,N5,Uncoarsened,AveragePartitionSolver,N5 Uncoarsened AveragePartitionSolver,total_demand_served,75.0
result_quantum_5customer.json,R209,R,R2,N5,Uncoarsened,AveragePartitionSolver,N5 Uncoarsened AveragePartitionSolver,total_distance,173.67326044294688
result_quantum_5customer.json,R209,R,R2,N5,Uncoarsened,AveragePartitionSolver,N5 Uncoarsened AveragePartitionSolver,total_route_duration,1243.5631641512073
result_quantum_5customer.json,R209,R,R2,N5,Uncoarsened,AveragePartitionSolver,N5 Uncoarsened AveragePartitionSolver,total_service_time,50.0
result_quantum_5customer.json,R209,R,R2,N5,Uncoarsened,AveragePartitionSolver,N5 Uncoarsened AveragePartitionSolver,total_waiting_time,1019.8899037082601
result_quantum_5customer.json,R209,R,R2,N5,Inflated,FullQubo,N5 Inflated FullQubo,capacity_violations,0.0
result_quantum_5customer.json,R209,R,R2,N5,Inflated,FullQubo,N5 Inflated FullQubo,computation_time,4.787005916994531
result_quantum_5customer.json,R209,R,R2,N5,Inflated,FullQubo,N5 Inflated FullQubo,num_vehicles,2.0
result_quantum_5customer.json,R209,R,R2,N5,Inflated,FullQubo,N5 Inflated FullQubo,time_window_violations,0.0
result_quantum_5customer.json,R209,R,R2,N5,Inflated,FullQubo,N5 Inflated FullQubo,total_demand_served,75.0
result_quantum_5customer.json,R209,R,R2,N5,Inflated,FullQubo,N5 Inflated FullQubo,total_distance,169.0476514427243
result_quantum_5customer.json,R209,R,R2,N5,Inflated,FullQubo,N5 Inflated FullQubo,total_route_duration,1166.2315462117278
result_quantum_5customer.json,R209,R,R2,N5,Inflated,FullQubo,N5 Inflated FullQubo,total_service_time,50.0
result_quantum_5customer.json,R209,R,R2,N5,Inflated,FullQubo,N5 Inflated FullQubo,total_waiting_time,947.1838947690035
result_quantum_5customer.json,R209,R,R2,N5,Inflated,AveragePartitionSolver,N5 Inflated AveragePartitionSolver,capacity_violations,0.0
result_quantum_5customer.json,R209,R,R2,N5,Inflated,AveragePartitionSolver,N5 Inflated AveragePartitionSolver,computation_time,4.768193875032011
result_quantum_5customer.json,R209,R,R2,N5,Inflated,AveragePartitionSolver,N5 Inflated AveragePartitionSolver,num_vehicles,2.0
result_quantum_5customer.json,R209,R,R2,N5,Inflated,AveragePartitionSolver,N5 Inflated AveragePartitionSolver,time_window_violations,0.0
result_quantum_5customer.json,R209,R,R2,N5,Inflated,AveragePartitionSolver,N5 Inflated AveragePartitionSolver,total_demand_served,75.0
result_quantum_5customer.json,R209,R,R2,N5,Inflated,AveragePartitionSolver,N5 Inflated AveragePartitionSolver,total_distance,134.24657066262213
result_quantum_5customer.json,R209,R,R2,N5,Inflated,AveragePartitionSolver,N5 Inflated AveragePartitionSolver,total_route_duration,712.4626024679045
result_quantum_5customer.json,R209,R,R2,N5,Inflated,AveragePartitionSolver,N5 Inflated AveragePartitionSolver,total_service_time,50.0
result_quantum_5customer.json,R209,R,R2,N5,Inflated,AveragePartitionSolver,N5 Inflated AveragePartitionSolver,total_waiting_time,528.2160318052822
result_quantum_5customer.json,R210,R,R2,N5,Uncoarsened,FullQubo,N5 Uncoarsened FullQubo,capacity_violations,0.0
result_quantum_5customer.json,R210,R,R2,N5,Uncoarsened,FullQubo,N5 Uncoarsened FullQubo,computation_time,7.881599958986044
result_quantum_5customer.json,R210,R,R2,N5,Uncoarsened,FullQubo,N5 Uncoarsened FullQubo,num_vehicles,2.0
result_quantum_5customer.json,R210,R,R2,N5,Uncoarsened,FullQubo,N5 Uncoarsened FullQubo,time_window_violations,0.0
result_quantum_5customer.json,R210,R,R2,N5,Uncoarsened,FullQubo,N5 Uncoarsened FullQubo,total_demand_served,75.0
result_quantum_5customer.json,R210,R,R2,N5,Uncoarsened,FullQubo,N5 Uncoarsened FullQubo,total_distance,161.64843124668806
result_quantum_5customer.json,R210,R,R2,N5,Uncoarsened,FullQubo,N5 Uncoarsened FullQubo,total_route_duration,1008.0562052599623
result_quantum_5customer.json,R210,R,R2,N5,Uncoarsened,FullQubo,N5 Uncoarsened FullQubo,total_service_time,50.0
result_quantum_5customer.json,R210,R,R2,N5,Uncoarsened,FullQubo,N5 Uncoarsened FullQubo,total_waiting_time,796.4077740132743
result_quantum_5customer.json,R210,R,R2,N5,Uncoarsened,AveragePartitionSolver,N5 Uncoarsened AveragePartitionSolver,capacity_violations,0.0
result_quantum_5customer.json,R210,R,R2,N5,Uncoarsened,AveragePartitionSolver,N5 Uncoarsened AveragePartitionSolver,computation_time,7.817058541986626
result_quantum_5customer.json,R210,R,R2,N5,Uncoarsened,AveragePartitionSolver,N5 Uncoarsened AveragePartitionSolver,num_vehicles,2.0
result_quantum_5customer.json,R210,R,R2,N5,Uncoarsened,AveragePartitionSolver,N5 Uncoarsened AveragePartitionSolver,time_window_violations,0.0
result_quantum_5customer.json,R210,R,R2,N5,Uncoarsened,AveragePartitionSolver,N5 Uncoarsened AveragePartitionSolver,total_demand_served,75.0
result_quantum_5customer.json,R210,R,R2,N5,Uncoarsened,AveragePartitionSolver,N5 Uncoarsened AveragePartitionSolver,total_distance,174.74284097305312
result_quantum_5customer.json,R210,R,R2,N5,Uncoarsened,AveragePartitionSolver,N5 Uncoarsened AveragePartitionSolver,total_route_duration,760.0
result_quantum_5customer.json,R210,R,R2,N5,Uncoarsened,AveragePartitionSolver,N5 Uncoarsened AveragePartitionSolver,total_service_time,50.0
result_quantum_5customer.json,R210,R,R2,N5,Uncoarsened,AveragePartitionSolver,N5 Uncoarsened AveragePartitionSolver,total_waiting_time,535.2571590269469
result_quantum_5customer.json,R210,R,R2,N5,Inflated,FullQubo,N5 Inflated FullQubo,capacity_violations,0.0
result_quantum_5customer.json,R210,R,R2,N5,Inflated,FullQubo,N5 Inflated FullQubo,computation_time,4.739515958004631
result_quantum_5customer.json,R210,R,R2,N5,Inflated,FullQubo,N5 Inflated FullQubo,num_vehicles,2.0
result_quantum_5customer.json,R210,R,R2,N5,Inflated,FullQubo,N5 Inflated FullQubo,time_window_violations,0.0
result_quantum_5customer.json,R210,R,R2,N5,Inflated,FullQubo,N5 Inflated FullQubo,total_demand_served,75.0
result_quantum_5customer.json,R210,R,R2,N5,Inflated,FullQubo,N5 Inflated FullQubo,total_distance,142.26101500213028
result_quantum_5customer.json,R210,R,R2,N5,Inflated,FullQubo,N5 Inflated FullQubo,total_route_duration,846.2610150021303
result_quantum_5customer.json,R210,R,R2,N5,Inflated,FullQubo,N5 Inflated FullQubo,total_service_time,50.0
result_quantum_5customer.json,R210,R,R2,N5,Inflated,FullQubo,N5 Inflated FullQubo,total_waiting_time,654.0
result_quantum_5customer.json,R210,R,R2,N5,Inflated,AveragePartitionSolver,N5 Inflated AveragePartitionSolver,capacity_violations,0.0
result_quantum_5customer.json,R210,R,R2,N5,Inflated,AveragePartitionSolver,N5 Inflated AveragePartitionSolver,computation_time,4.735031500051264
result_quantum_5customer.json,R210,R,R2,N5,Inflated,AveragePartitionSolver,N5 Inflated AveragePartitionSolver,num_vehicles,2.0
result_quantum_5customer.json,R210,R,R2,N5,Inflated,AveragePartitionSolver,N5 Inflated AveragePartitionSolver,time_window_violations,0.0
result_quantum_5customer.json,R210,R,R2,N5,Inflated,AveragePartitionSolver,N5 Inflated AveragePartitionSolver,total_demand_served,75.0
result_quantum_5customer.json,R210,R,R2,N5,Inflated,AveragePartitionSolver,N5 Inflated AveragePartitionSolver,total_distance,152.96266047401315
result_quantum_5customer.json,R210,R,R2,N5,Inflated,AveragePartitionSolver,N5 Inflated AveragePartitionSolver,total_route_duration,1100.3782322828586
result_quantum_5customer.json,R210,R,R2,N5,Inflated,AveragePartitionSolver,N5 Inflated AveragePartitionSolver,total_service_time,50.0
result_quantum_5customer.json,R210,R,R2,N5,Inflated,AveragePartitionSolver,N5 Inflated AveragePartitionSolver,total_waiting_time,897.4155718088455
result_quantum_5customer.json,R211,R,R2,N5,Uncoarsened,FullQubo,N5 Uncoarsened FullQubo,capacity_violations,0.0
result_quantum_5customer.json,R211,R,R2,N5,Uncoarsened,FullQubo,N5 Uncoarsened FullQubo,computation_time,7.825013666995801
result_quantum_5customer.json,R211,R,R2,N5,Uncoarsened,FullQubo,N5 Uncoarsened FullQubo,num_vehicles,2.0
result_quantum_5customer.json,R211,R,R2,N5,Uncoarsened,FullQubo,N5 Uncoarsened FullQubo,time_window_violations,0.0
result_quantum_5customer.json,R211,R,R2,N5,Uncoarsened,FullQubo,N5 Uncoarsened FullQubo,total_demand_served,75.0
result_quantum_5customer.json,R211,R,R2,N5,Uncoarsened,FullQubo,N5 Uncoarsened FullQubo,total_distance,174.5808797543446
result_quantum_5customer.json,R211,R,R2,N5,Uncoarsened,FullQubo,N5 Uncoarsened FullQubo,total_route_duration,1015.9886537676189
result_quantum_5customer.json,R211,R,R2,N5,Uncoarsened,FullQubo,N5 Uncoarsened FullQubo,total_service_time,50.0
result_quantum_5customer.json,R211,R,R2,N5,Uncoarsened,FullQubo,N5 Uncoarsened FullQubo,total_waiting_time,791.4077740132743
result_quantum_5customer.json,R211,R,R2,N5,Uncoarsened,AveragePartitionSolver,N5 Uncoarsened AveragePartitionSolver,capacity_violations,0.0
result_quantum_5customer.json,R211,R,R2,N5,Uncoarsened,AveragePartitionSolver,N5 Uncoarsened AveragePartitionSolver,computation_time,7.8323886670405045
result_quantum_5customer.json,R211,R,R2,N5,Uncoarsened,AveragePartitionSolver,N5 Uncoarsened AveragePartitionSolver,num_vehicles,2.0
result_quantum_5customer.json,R211,R,R2,N5,Uncoarsened,AveragePartitionSolver,N5 Uncoarsened AveragePartitionSolver,time_window_violations,0.0
result_quantum_5customer.json,R211,R,R2,N5,Uncoarsened,AveragePartitionSolver,N5 Uncoarsened AveragePartitionSolver,total_demand_served,75.0
result_quantum_5customer.json,R211,R,R2,N5,Uncoarsened,AveragePartitionSolver,N5 Uncoarsened AveragePartitionSolver,total_distance,178.70916244975777
result_quantum_5customer.json,R211,R,R2,N5,Uncoarsened,AveragePartitionSolver,N5 Uncoarsened AveragePartitionSolver,total_route_duration,1036.34848267476
result_quantum_5customer.json,R211,R,R2,N5,Uncoarsened,AveragePartitionSolver,N5 Uncoarsened AveragePartitionSolver,total_service_time,50.0
result_quantum_5customer.json,R211,R,R2,N5,Uncoarsened,AveragePartitionSolver,N5 Uncoarsened AveragePartitionSolver,total_waiting_time,807.6393202250022
result_quantum_5customer.json,R211,R,R2,N5,Inflated,FullQubo,N5 Inflated FullQubo,capacity_violations,0.0
result_quantum_5customer.json,R211,R,R2,N5,Inflated,FullQubo,N5 Inflated FullQubo,computation_time,4.733197124965955
result_quantum_5customer.json,R211,R,R2,N5,Inflated,FullQubo,N5 Inflated FullQubo,num_vehicles,2.0
result_quantum_5customer.json,R211,R,R2,N5,Inflated,FullQubo,N5 Inflated FullQubo,time_window_violations,0.0
result_quantum_5customer.json,R211,R,R2,N5,Inflated,FullQubo,N5 Inflated FullQubo,total_demand_served,75.0
result_quantum_5customer.json,R211,R,R2,N5,Inflated,FullQubo,N5 Inflated FullQubo,total_distance,141.84544319328486
result_quantum_5customer.json,R211,R,R2,N5,Inflated,FullQubo,N5 Inflated FullQubo,total_route_duration,1047.924543639726
result_quantum_5customer.json,R211,R,R2,N5,Inflated,FullQubo,N5 Inflated FullQubo,total_service_time,50.0
result_quantum_5customer.json,R211,R,R2,N5,Inflated,FullQubo,N5 Inflated FullQubo,total_waiting_time,856.0791004464411
result_quantum_5customer.json,R211,R,R2,N5,Inflated,AveragePartitionSolver,N5 Inflated AveragePartitionSolver,capacity_violations,0.0
result_quantum_5customer.json,R211,R,R2,N5,Inflated,AveragePartitionSolver,N5 Inflated AveragePartitionSolver,computation_time,4.731388291984331
result_quantum_5customer.json,R211,R,R2,N5,Inflated,AveragePartitionSolver,N5 Inflated AveragePartitionSolver,num_vehicles,2.0
result_quantum_5customer.json,R211,R,R2,N5,Inflated,AveragePartitionSolver,N5 Inflated AveragePartitionSolver,time_window_violations,0.0
result_quantum_5customer.json,R211,R,R2,N5,Inflated,AveragePartitionSolver,N5 Inflated AveragePartitionSolver,total_demand_served,75.0
result_quantum_5customer.json,R211,R,R2,N5,Inflated,AveragePartitionSolver,N5 Inflated AveragePartitionSolver,total_distance,156.5926329416096
result_quantum_5customer.json,R211,R,R2,N5,Inflated,AveragePartitionSolver,N5 Inflated AveragePartitionSolver,total_route_duration,610.6717333880506
result_quantum_5customer.json,R211,R,R2,N5,Inflated,AveragePartitionSolver,N5 Inflated AveragePartitionSolver,total_service_time,50.0
result_quantum_5customer.json,R211,R,R2,N5,Inflated,AveragePartitionSolver,N5 Inflated AveragePartitionSolver,total_waiting_time,404.0791004464411
result_quantum_5customer.json,RC101,RC,RC1,N5,Uncoarsened,FullQubo,N5 Uncoarsened FullQubo,capacity_violations,0.0
result_quantum_5customer.json,RC101,RC,RC1,N5,Uncoarsened,FullQubo,N5 Uncoarsened FullQubo,computation_time,6.342592083034106
result_quantum_5customer.json,RC101,RC,RC1,N5,Uncoarsened,FullQubo,N5 Uncoarsened FullQubo,num_vehicles,2.0
result_quantum_5customer.json,RC101,RC,RC1,N5,Uncoarsened,FullQubo,N5 Uncoarsened FullQubo,time_window_violations,0.0
result_quantum_5customer.json,RC101,RC,RC1,N5,Uncoarsened,FullQubo,N5 Uncoarsened FullQubo,total_demand_served,120.0
result_quantum_5customer.json,RC101,RC,RC1,N5,Uncoarsened,FullQubo,N5 Uncoarsened FullQubo,total_distance,155.63667543408542
result_quantum_5customer.json,RC101,RC,RC1,N5,Uncoarsened,FullQubo,N5 Uncoarsened FullQubo,total_route_duration,380.13437828395945
result_quantum_5customer.json,RC101,RC,RC1,N5,Uncoarsened,FullQubo,N5 Uncoarsened FullQubo,total_service_time,50.0
result_quantum_5customer.json,RC101,RC,RC1,N5,Uncoarsened,FullQubo,N5 Uncoarsened FullQubo,total_waiting_time,174.49770284987403
result_quantum_5customer.json,RC101,RC,RC1,N5,Uncoarsened,AveragePartitionSolver,N5 Uncoarsened AveragePartitionSolver,capacity_violations,0.0
result_quantum_5customer.json,RC101,RC,RC1,N5,Uncoarsened,AveragePartitionSolver,N5 Uncoarsened AveragePartitionSolver,computation_time,6.327174292004202
result_quantum_5customer.json,RC101,RC,RC1,N5,Uncoarsened,AveragePartitionSolver,N5 Uncoarsened AveragePartitionSolver,num_vehicles,2.0
result_quantum_5customer.json,RC101,RC,RC1,N5,Uncoarsened,AveragePartitionSolver,N5 Uncoarsened AveragePartitionSolver,time_window_violations,0.0
result_quantum_5customer.json,RC101,RC,RC1,N5,Uncoarsened,AveragePartitionSolver,N5 Uncoarsened AveragePartitionSolver,total_demand_served,120.0
result_quantum_5customer.json,RC101,RC,RC1,N5,Uncoarsened,AveragePartitionSolver,N5 Uncoarsened AveragePartitionSolver,total_distance,179.82651467699162
result_quantum_5customer.json,RC101,RC,RC1,N5,Uncoarsened,AveragePartitionSolver,N5 Uncoarsened AveragePartitionSolver,total_route_duration,380.13437828395945
result_quantum_5customer.json,RC101,RC,RC1,N5,Uncoarsened,AveragePartitionSolver,N5 Uncoarsened AveragePartitionSolver,total_service_time,50.0
result_quantum_5customer.json,RC101,RC,RC1,N5,Uncoarsened,AveragePartitionSolver,N5 Uncoarsened AveragePartitionSolver,total_waiting_time,150.30786360696777
result_quantum_5customer.json,RC101,RC,RC1,N5,Inflated,FullQubo,N5 Inflated FullQubo,capacity_violations,0.0
result_quantum_5customer.json,RC101,RC,RC1,N5,Inflated,FullQubo,N5 Inflated FullQubo,computation_time,3.8259004579740576
result_quantum_5customer.json,RC101,RC,RC1,N5,Inflated,FullQubo,N5 Inflated FullQubo,num_vehicles,2.0
result_quantum_5customer.json,RC101,RC,RC1,N5,Inflated,FullQubo,N5 Inflated FullQubo,time_window_violations,0.0
result_quantum_5customer.json,RC101,RC,RC1,N5,Inflated,FullQubo,N5 Inflated FullQubo,total_demand_served,120.0
result_quantum_5customer.json,RC101,RC,RC1,N5,Inflated,FullQubo,N5 Inflated FullQubo,total_distance,163.2515106269509
result_quantum_5customer.json,RC101,RC,RC1,N5,Inflated,FullQubo,N5 Inflated FullQubo,total_route_duration,380.13437828395945
result_quantum_5customer.json,RC101,RC,RC1,N5,Inflated,FullQubo,N5 Inflated FullQubo,total_service_time,50.0
result_quantum_5customer.json,RC101,RC,RC1,N5,Inflated,FullQubo,N5 Inflated FullQubo,total_waiting_time,166.88286765700855
result_quantum_5customer.json,RC101,RC,RC1,N5,Inflated,AveragePartitionSolver,N5 Inflated AveragePartitionSolver,capacity_violations,0.0
result_quantum_5customer.json,RC101,RC,RC1,N5,Inflated,AveragePartitionSolver,N5 Inflated AveragePartitionSolver,computation_time,3.7591225839569233
result_quantum_5customer.json,RC101,RC,RC1,N5,Inflated,AveragePartitionSolver,N5 Inflated AveragePartitionSolver,num_vehicles,2.0
result_quantum_5customer.json,RC101,RC,RC1,N5,Inflated,AveragePartitionSolver,N5 Inflated AveragePartitionSolver,time_window_violations,0.0
result_quantum_5customer.json,RC101,RC,RC1,N5,Inflated,AveragePartitionSolver,N5 Inflated AveragePartitionSolver,total_demand_served,120.0
result_quantum_5customer.json,RC101,RC,RC1,N5,Inflated,AveragePartitionSolver,N5 Inflated AveragePartitionSolver,total_distance,172.3862081680811
result_quantum_5customer.json,RC101,RC,RC1,N5,Inflated,AveragePartitionSolver,N5 Inflated AveragePartitionSolver,total_route_duration,380.13437828395945
result_quantum_5customer.json,RC101,RC,RC1,N5,Inflated,AveragePartitionSolver,N5 Inflated AveragePartitionSolver,total_service_time,50.0
result_quantum_5customer.json,RC101,RC,RC1,N5,Inflated,AveragePartitionSolver,N5 Inflated AveragePartitionSolver,total_waiting_time,157.74817011587834
result_quantum_5customer.json,RC102,RC,RC1,N5,Uncoarsened,FullQubo,N5 Uncoarsened FullQubo,capacity_violations,0.0
result_quantum_5customer.json,RC102,RC,RC1,N5,Uncoarsened,FullQubo,N5 Uncoarsened FullQubo,computation_time,6.3951388749992475
result_quantum_5customer.json,RC102,RC,RC1,N5,Uncoarsened,FullQubo,N5 Uncoarsened FullQubo,num_vehicles,2.0
result_quantum_5customer.json,RC102,RC,RC1,N5,Uncoarsened,FullQubo,N5 Uncoarsened FullQubo,time_window_violations,0.0
result_quantum_5customer.json,RC102,RC,RC1,N5,Uncoarsened,FullQubo,N5 Uncoarsened FullQubo,total_demand_served,120.0
result_quantum_5customer.json,RC102,RC,RC1,N5,Uncoarsened,FullQubo,N5 Uncoarsened FullQubo,total_distance,163.27761622807276
result_quantum_5customer.json,RC102,RC,RC1,N5,Uncoarsened,FullQubo,N5 Uncoarsened FullQubo,total_route_duration,287.81358589161874
result_quantum_5customer.json,RC102,RC,RC1,N5,Uncoarsened,FullQubo,N5 Uncoarsened FullQubo,total_service_time,50.0
result_quantum_5customer.json,RC102,RC,RC1,N5,Uncoarsened,FullQubo,N5 Uncoarsened FullQubo,total_waiting_time,74.53596966354596
result_quantum_5customer.json,RC102,RC,RC1,N5,Uncoarsened,AveragePartitionSolver,N5 Uncoarsened AveragePartitionSolver,capacity_violations,0.0
result_quantum_5customer.json,RC102,RC,RC1,N5,Uncoarsened,AveragePartitionSolver,N5 Uncoarsened AveragePartitionSolver,computation_time,6.344903499993961
result_quantum_5customer.json,RC102,RC,RC1,N5,Uncoarsened,AveragePartitionSolver,N5 Uncoarsened AveragePartitionSolver,num_vehicles,2.0
result_quantum_5customer.json,RC102,RC,RC1,N5,Uncoarsened,AveragePartitionSolver,N5 Uncoarsened AveragePartitionSolver,time_window_violations,0.0
result_quantum_5customer.json,RC102,RC,RC1,N5,Uncoarsened,AveragePartitionSolver,N5 Uncoarsened AveragePartitionSolver,total_demand_served,120.0
result_quantum_5customer.json,RC102,RC,RC1,N5,Uncoarsened,AveragePartitionSolver,N5 Uncoarsened AveragePartitionSolver,total_distance,164.97028891485076
result_quantum_5customer.json,RC102,RC,RC1,N5,Uncoarsened,AveragePartitionSolver,N5 Uncoarsened AveragePartitionSolver,total_route_duration,319.91477616021086
result_quantum_5customer.json,RC102,RC,RC1,N5,Uncoarsened,AveragePartitionSolver,N5 Uncoarsened AveragePartitionSolver,total_service_time,50.0
result_quantum_5customer.json,RC102,RC,RC1,N5,Uncoarsened,AveragePartitionSolver,N5 Uncoarsened AveragePartitionSolver,total_waiting_time,104.94448724536011
result_quantum_5customer.json,RC102,RC,RC1,N5,Inflated,FullQubo,N5 Inflated FullQubo,capacity_violations,0.0
result_quantum_5customer.json,RC102,RC,RC1,N5,Inflated,FullQubo,N5 Inflated FullQubo,computation_time,1.936203041987028
result_quantum_5customer.json,RC102,RC,RC1,N5,Inflated,FullQubo,N5 Inflated FullQubo,num_vehicles,2.0
result_quantum_5customer.json,RC102,RC,RC1,N5,Inflated,FullQubo,N5 Inflated FullQubo,time_window_violations,0.0
result_quantum_5customer.json,RC102,RC,RC1,N5,Inflated,FullQubo,N5 Inflated FullQubo,total_demand_served,120.0
result_quantum_5customer.json,RC102,RC,RC1,N5,Inflated,FullQubo,N5 Inflated FullQubo,total_distance,158.6684643611818
result_quantum_5customer.json,RC102,RC,RC1,N5,Inflated,FullQubo,N5 Inflated FullQubo,total_route_duration,313.6129516065419
result_quantum_5customer.json,RC102,RC,RC1,N5,Inflated,FullQubo,N5 Inflated FullQubo,total_service_time,50.0
result_quantum_5customer.json,RC102,RC,RC1,N5,Inflated,FullQubo,N5 Inflated FullQubo,total_waiting_time,104.94448724536011
result_quantum_5customer.json,RC102,RC,RC1,N5,Inflated,AveragePartitionSolver,N5 Inflated AveragePartitionSolver,capacity_violations,0.0
result_quantum_5customer.json,RC102,RC,RC1,N5,Inflated,AveragePartitionSolver,N5 Inflated AveragePartitionSolver,computation_time,1.941192374972161
result_quantum_5customer.json,RC102,RC,RC1,N5,Inflated,AveragePartitionSolver,N5 Inflated AveragePartitionSolver,num_vehicles,2.0
result_quantum_5customer.json,RC102,RC,RC1,N5,Inflated,AveragePartitionSolver,N5 Inflated AveragePartitionSolver,time_window_violations,0.0
result_quantum_5customer.json,RC102,RC,RC1,N5,Inflated,AveragePartitionSolver,N5 Inflated AveragePartitionSolver,total_demand_served,120.0
result_quantum_5customer.json,RC102,RC,RC1,N5,Inflated,AveragePartitionSolver,N5 Inflated AveragePartitionSolver,total_distance,158.6684643611818
result_quantum_5customer.json,RC102,RC,RC1,N5,Inflated,AveragePartitionSolver,N5 Inflated AveragePartitionSolver,total_route_duration,313.6129516065419
result_quantum_5customer.json,RC102,RC,RC1,N5,Inflated,AveragePartitionSolver,N5 Inflated AveragePartitionSolver,total_service_time,50.0
result_quantum_5customer.json,RC102,RC,RC1,N5,Inflated,AveragePartitionSolver,N5 Inflated AveragePartitionSolver,total_waiting_time,104.94448724536011
result_quantum_5customer.json,RC103,RC,RC1,N5,Uncoarsened,FullQubo,N5 Uncoarsened FullQubo,capacity_violations,0.0
result_quantum_5customer.json,RC103,RC,RC1,N5,Uncoarsened,FullQubo,N5 Uncoarsened FullQubo,computation_time,6.335128125036135
result_quantum_5customer.json,RC103,RC,RC1,N5,Uncoarsened,FullQubo,N5 Uncoarsened FullQubo,num_vehicles,2.0
result_quantum_5customer.json,RC103,RC,RC1,N5,Uncoarsened,FullQubo,N5 Uncoarsened FullQubo,time_window_violations,0.0
result_quantum_5customer.json,RC103,RC,RC1,N5,Uncoarsened,FullQubo,N5 Uncoarsened FullQubo,total_demand_served,120.0
result_quantum_5customer.json,RC103,RC,RC1,N5,Uncoarsened,FullQubo,N5 Uncoarsened FullQubo,total_distance,166.90411580276674
result_quantum_5customer.json,RC103,RC,RC1,N5,Uncoarsened,FullQubo,N5 Uncoarsened FullQubo,total_route_duration,303.1616136873234
result_quantum_5customer.json,RC103,RC,RC1,N5,Uncoarsened,FullQubo,N5 Uncoarsened FullQubo,total_service_time,50.0
result_quantum_5customer.json,RC103,RC,RC1,N5,Uncoarsened,FullQubo,N5 Uncoarsened FullQubo,total_waiting_time,86.25749788455664
result_quantum_5customer.json,RC103,RC,RC1,N5,Uncoarsened,AveragePartitionSolver,N5 Uncoarsened AveragePartitionSolver,capacity_violations,0.0
result_quantum_5customer.json,RC103,RC,RC1,N5,Uncoarsened,AveragePartitionSolver,N5 Uncoarsened AveragePartitionSolver,computation_time,6.327044625009876
result_quantum_5customer.json,RC103,RC,RC1,N5,Uncoarsened,AveragePartitionSolver,N5 Uncoarsened AveragePartitionSolver,num_vehicles,1.0
result_quantum_5customer.json,RC103,RC,RC1,N5,Uncoarsened,AveragePartitionSolver,N5 Uncoarsened AveragePartitionSolver,time_window_violations,0.0
result_quantum_5customer.json,RC103,RC,RC1,N5,Uncoarsened,AveragePartitionSolver,N5 Uncoarsened AveragePartitionSolver,total_demand_served,120.0
result_quantum_5customer.json,RC103,RC,RC1,N5,Uncoarsened,AveragePartitionSolver,N5 Uncoarsened AveragePartitionSolver,total_distance,101.77531907794679
result_quantum_5customer.json,RC103,RC,RC1,N5,Uncoarsened,AveragePartitionSolver,N5 Uncoarsened AveragePartitionSolver,total_route_duration,206.31128874149275
result_quantum_5customer.json,RC103,RC,RC1,N5,Uncoarsened,AveragePartitionSolver,N5 Uncoarsened AveragePartitionSolver,total_service_time,50.0
result_quantum_5customer.json,RC103,RC,RC1,N5,Uncoarsened,AveragePartitionSolver,N5 Uncoarsened AveragePartitionSolver,total_waiting_time,54.535969663545956
result_quantum_5customer.json,RC103,RC,RC1,N5,Inflated,FullQubo,N5 Inflated FullQubo,capacity_violations,0.0
result_quantum_5customer.json,RC103,RC,RC1,N5,Inflated,FullQubo,N5 Inflated FullQubo,computation_time,1.9437248750473373
result_quantum_5customer.json,RC103,RC,RC1,N5,Inflated,FullQubo,N5 Inflated FullQubo,num_vehicles,2.0
result_quantum_5customer.json,RC103,RC,RC1,N5,Inflated,FullQubo,N5 Inflated FullQubo,time_window_violations,0.0
result_quantum_5customer.json,RC103,RC,RC1,N5,Inflated,FullQubo,N5 Inflated FullQubo,total_demand_served,120.0
result_quantum_5customer.json,RC103,RC,RC1,N5,Inflated,FullQubo,N5 Inflated FullQubo,total_distance,158.6684643611818
result_quantum_5customer.json,RC103,RC,RC1,N5,Inflated,FullQubo,N5 Inflated FullQubo,total_route_duration,313.6129516065419
result_quantum_5customer.json,RC103,RC,RC1,N5,Inflated,FullQubo,N5 Inflated FullQubo,total_service_time,50.0
result_quantum_5customer.json,RC103,RC,RC1,N5,Inflated,FullQubo,N5 Inflated FullQubo,total_waiting_time,104.94448724536011
result_quantum_5customer.json,RC103,RC,RC1,N5,Inflated,AveragePartitionSolver,N5 Inflated AveragePartitionSolver,capacity_violations,0.0
result_quantum_5customer.json,RC103,RC,RC1,N5,Inflated,AveragePartitionSolver,N5 Inflated AveragePartitionSolver,computation_time,1.9632357090013102
result_quantum_5customer.json,RC103,RC,RC1,N5,Inflated,AveragePartitionSolver,N5 Inflated AveragePartitionSolver,num_vehicles,2.0
result_quantum_5customer.json,RC103,RC,RC1,N5,Inflated,AveragePartitionSolver,N5 Inflated AveragePartitionSolver,time_window_violations,0.0
result_quantum_5customer.json,RC103,RC,RC1,N5,Inflated,AveragePartitionSolver,N5 Inflated AveragePartitionSolver,total_demand_served,120.0
result_quantum_5customer.json,RC103,RC,RC1,N5,Inflated,AveragePartitionSolver,N5 Inflated AveragePartitionSolver,total_distance,158.6684643611818
result_quantum_5customer.json,RC103,RC,RC1,N5,Inflated,AveragePartitionSolver,N5 Inflated AveragePartitionSolver,total_route_duration,313.6129516065419
result_quantum_5customer.json,RC103,RC,RC1,N5,Inflated,AveragePartitionSolver,N5 Inflated AveragePartitionSolver,total_service_time,50.0
result_quantum_5customer.json,RC103,RC,RC1,N5,Inflated,AveragePartitionSolver,N5 Inflated AveragePartitionSolver,total_waiting_time,104.94448724536011
result_quantum_5customer.json,RC104,RC,RC1,N5,Uncoarsened,FullQubo,N5 Uncoarsened FullQubo,capacity_violations,0.0
result_quantum_5customer.json,RC104,RC,RC1,N5,Uncoarsened,FullQubo,N5 Uncoarsened FullQubo,computation_time,6.454218124970794
result_quantum_5customer.json,RC104,RC,RC1,N5,Uncoarsened,FullQubo,N5 Uncoarsened FullQubo,num_vehicles,2.0
result_quantum_5customer.json,RC104,RC,RC1,N5,Uncoarsened,FullQubo,N5 Uncoarsened FullQubo,time_window_violations,0.0
result_quantum_5customer.json,RC104,RC,RC1,N5,Uncoarsened,FullQubo,N5 Uncoarsened FullQubo,total_demand_served,120.0
result_quantum_5customer.json,RC104,RC,RC1,N5,Uncoarsened,FullQubo,N5 Uncoarsened FullQubo,total_distance,164.8807630280871
result_quantum_5customer.json,RC104,RC,RC1,N5,Uncoarsened,FullQubo,N5 Uncoarsened FullQubo,total_route_duration,301.1382609126437
result_quantum_5customer.json,RC104,RC,RC1,N5,Uncoarsened,FullQubo,N5 Uncoarsened FullQubo,total_service_time,50.0
result_quantum_5customer.json,RC104,RC,RC1,N5,Uncoarsened,FullQubo,N5 Uncoarsened FullQubo,total_waiting_time,86.25749788455664
result_quantum_5customer.json,RC104,RC,RC1,N5,Uncoarsened,AveragePartitionSolver,N5 Uncoarsened AveragePartitionSolver,capacity_violations,0.0
result_quantum_5customer.json,RC104,RC,RC1,N5,Uncoarsened,AveragePartitionSolver,N5 Uncoarsened AveragePartitionSolver,computation_time,6.341724375030026
result_quantum_5customer.json,RC104,RC,RC1,N5,Uncoarsened,AveragePartitionSolver,N5 Uncoarsened AveragePartitionSolver,num_vehicles,2.0
result_quantum_5customer.json,RC104,RC,RC1,N5,Uncoarsened,AveragePartitionSolver,N5 Uncoarsened AveragePartitionSolver,time_window_violations,0.0
result_quantum_5customer.json,RC104,RC,RC1,N5,Uncoarsened,AveragePartitionSolver,N5 Uncoarsened AveragePartitionSolver,total_demand_served,120.0
result_quantum_5customer.json,RC104,RC,RC1,N5,Uncoarsened,AveragePartitionSolver,N5 Uncoarsened AveragePartitionSolver,total_distance,171.6284756498061
result_quantum_5customer.json,RC104,RC,RC1,N5,Uncoarsened,AveragePartitionSolver,N5 Uncoarsened AveragePartitionSolver,total_route_duration,288.7241388044415
result_quantum_5customer.json,RC104,RC,RC1,N5,Uncoarsened,AveragePartitionSolver,N5 Uncoarsened AveragePartitionSolver,total_service_time,50.0
result_quantum_5customer.json,RC104,RC,RC1,N5,Uncoarsened,AveragePartitionSolver,N5 Uncoarsened AveragePartitionSolver,total_waiting_time,67.0956631546354
result_quantum_5customer.json,RC104,RC,RC1,N5,Inflated,FullQubo,N5 Inflated FullQubo,capacity_violations,0.0
result_quantum_5customer.json,RC104,RC,RC1,N5,Inflated,FullQubo,N5 Inflated FullQubo,computation_time,1.9479963749763556
result_quantum_5customer.json,RC104,RC,RC1,N5,Inflated,FullQubo,N5 Inflated FullQubo,num_vehicles,2.0
result_quantum_5customer.json,RC104,RC,RC1,N5,Inflated,FullQubo,N5 Inflated FullQubo,time_window_violations,0.0
result_quantum_5customer.json,RC104,RC,RC1,N5,Inflated,FullQubo,N5 Inflated FullQubo,total_demand_served,120.0
result_quantum_5customer.json,RC104,RC,RC1,N5,Inflated,FullQubo,N5 Inflated FullQubo,total_distance,158.6684643611818
result_quantum_5customer.json,RC104,RC,RC1,N5,Inflated,FullQubo,N5 Inflated FullQubo,total_route_duration,313.6129516065419
result_quantum_5customer.json,RC104,RC,RC1,N5,Inflated,FullQubo,N5 Inflated FullQubo,total_service_time,50.0
result_quantum_5customer.json,RC104,RC,RC1,N5,Inflated,FullQubo,N5 Inflated FullQubo,total_waiting_time,104.94448724536011
result_quantum_5customer.json,RC104,RC,RC1,N5,Inflated,AveragePartitionSolver,N5 Inflated AveragePartitionSolver,capacity_violations,0.0
result_quantum_5customer.json,RC104,RC,RC1,N5,Inflated,AveragePartitionSolver,N5 Inflated AveragePartitionSolver,computation_time,1.9445095420232974
result_quantum_5customer.json,RC104,RC,RC1,N5,Inflated,AveragePartitionSolver,N5 Inflated AveragePartitionSolver,num_vehicles,2.0
result_quantum_5customer.json,RC104,RC,RC1,N5,Inflated,AveragePartitionSolver,N5 Inflated AveragePartitionSolver,time_window_violations,0.0
result_quantum_5customer.json,RC104,RC,RC1,N5,Inflated,AveragePartitionSolver,N5 Inflated AveragePartitionSolver,total_demand_served,120.0
result_quantum_5customer.json,RC104,RC,RC1,N5,Inflated,AveragePartitionSolver,N5 Inflated AveragePartitionSolver,total_distance,158.6684643611818
result_quantum_5customer.json,RC104,RC,RC1,N5,Inflated,AveragePartitionSolver,N5 Inflated AveragePartitionSolver,total_route_duration,313.6129516065419
result_quantum_5customer.json,RC104,RC,RC1,N5,Inflated,AveragePartitionSolver,N5 Inflated AveragePartitionSolver,total_service_time,50.0
result_quantum_5customer.json,RC104,RC,RC1,N5,Inflated,AveragePartitionSolver,N5 Inflated AveragePartitionSolver,total_waiting_time,104.94448724536011
result_quantum_5customer.json,RC105,RC,RC1,N5,Uncoarsened,FullQubo,N5 Uncoarsened FullQubo,capacity_violations,0.0
result_quantum_5customer.json,RC105,RC,RC1,N5,Uncoarsened,FullQubo,N5 Uncoarsened FullQubo,computation_time,6.340397207997739
result_quantum_5customer.json,RC105,RC,RC1,N5,Uncoarsened,FullQubo,N5 Uncoarsened FullQubo,num_vehicles,2.0
result_quantum_5customer.json,RC105,RC,RC1,N5,Uncoarsened,FullQubo,N5 Uncoarsened FullQubo,time_window_violations,0.0
result_quantum_5customer.json,RC105,RC,RC1,N5,Uncoarsened,FullQubo,N5 Uncoarsened FullQubo,total_demand_served,120.0
result_quantum_5customer.json,RC105,RC,RC1,N5,Uncoarsened,FullQubo,N5 Uncoarsened FullQubo,total_distance,164.32257843881638
result_quantum_5customer.json,RC105,RC,RC1,N5,Uncoarsened,FullQubo,N5 Uncoarsened FullQubo,total_route_duration,321.86135635613863
result_quantum_5customer.json,RC105,RC,RC1,N5,Uncoarsened,FullQubo,N5 Uncoarsened FullQubo,total_service_time,50.0
result_quantum_5customer.json,RC105,RC,RC1,N5,Uncoarsened,FullQubo,N5 Uncoarsened FullQubo,total_waiting_time,107.53877791732224
result_quantum_5customer.json,RC105,RC,RC1,N5,Uncoarsened,AveragePartitionSolver,N5 Uncoarsened AveragePartitionSolver,capacity_violations,0.0
result_quantum_5customer.json,RC105,RC,RC1,N5,Uncoarsened,AveragePartitionSolver,N5 Uncoarsened AveragePartitionSolver,computation_time,6.327166416973341
result_quantum_5customer.json,RC105,RC,RC1,N5,Uncoarsened,AveragePartitionSolver,N5 Uncoarsened AveragePartitionSolver,num_vehicles,2.0
result_quantum_5customer.json,RC105,RC,RC1,N5,Uncoarsened,AveragePartitionSolver,N5 Uncoarsened AveragePartitionSolver,time_window_violations,0.0
result_quantum_5customer.json,RC105,RC,RC1,N5,Uncoarsened,AveragePartitionSolver,N5 Uncoarsened AveragePartitionSolver,total_demand_served,120.0
result_quantum_5customer.json,RC105,RC,RC1,N5,Uncoarsened,AveragePartitionSolver,N5 Uncoarsened AveragePartitionSolver,total_distance,155.63667543408542
result_quantum_5customer.json,RC105,RC,RC1,N5,Uncoarsened,AveragePartitionSolver,N5 Uncoarsened AveragePartitionSolver,total_route_duration,343.36680149613267
result_quantum_5customer.json,RC105,RC,RC1,N5,Uncoarsened,AveragePartitionSolver,N5 Uncoarsened AveragePartitionSolver,total_service_time,50.0
result_quantum_5customer.json,RC105,RC,RC1,N5,Uncoarsened,AveragePartitionSolver,N5 Uncoarsened AveragePartitionSolver,total_waiting_time,137.73012606204725
result_quantum_5customer.json,RC105,RC,RC1,N5,Inflated,FullQubo,N5 Inflated FullQubo,capacity_violations,0.0
result_quantum_5customer.json,RC105,RC,RC1,N5,Inflated,FullQubo,N5 Inflated FullQubo,computation_time,1.9394637079676613
result_quantum_5customer.json,RC105,RC,RC1,N5,Inflated,FullQubo,N5 Inflated FullQubo,num_vehicles,2.0
result_quantum_5customer.json,RC105,RC,RC1,N5,Inflated,FullQubo,N5 Inflated FullQubo,time_window_violations,0.0
result_quantum_5customer.json,RC105,RC,RC1,N5,Inflated,FullQubo,N5 Inflated FullQubo,total_demand_served,120.0
result_quantum_5customer.json,RC105,RC,RC1,N5,Inflated,FullQubo,N5 Inflated FullQubo,total_distance,156.1937736672836
result_quantum_5customer.json,RC105,RC,RC1,N5,Inflated,FullQubo,N5 Inflated FullQubo,total_route_duration,322.13437828395945
result_quantum_5customer.json,RC105,RC,RC1,N5,Inflated,FullQubo,N5 Inflated FullQubo,total_service_time,50.0
result_quantum_5customer.json,RC105,RC,RC1,N5,Inflated,FullQubo,N5 Inflated FullQubo,total_waiting_time,115.94060461667581
result_quantum_5customer.json,RC105,RC,RC1,N5,Inflated,AveragePartitionSolver,N5 Inflated AveragePartitionSolver,capacity_violations,0.0
result_quantum_5customer.json,RC105,RC,RC1,N5,Inflated,AveragePartitionSolver,N5 Inflated AveragePartitionSolver,computation_time,1.9394607089925557
result_quantum_5customer.json,RC105,RC,RC1,N5,Inflated,AveragePartitionSolver,N5 Inflated AveragePartitionSolver,num_vehicles,2.0
result_quantum_5customer.json,RC105,RC,RC1,N5,Inflated,AveragePartitionSolver,N5 Inflated AveragePartitionSolver,time_window_violations,0.0
result_quantum_5customer.json,RC105,RC,RC1,N5,Inflated,AveragePartitionSolver,N5 Inflated AveragePartitionSolver,total_demand_served,120.0
result_quantum_5customer.json,RC105,RC,RC1,N5,Inflated,AveragePartitionSolver,N5 Inflated AveragePartitionSolver,total_distance,156.1937736672836
result_quantum_5customer.json,RC105,RC,RC1,N5,Inflated,AveragePartitionSolver,N5 Inflated AveragePartitionSolver,total_route_duration,322.13437828395945
result_quantum_5customer.json,RC105,RC,RC1,N5,Inflated,AveragePartitionSolver,N5 Inflated AveragePartitionSolver,total_service_time,50.0
result_quantum_5customer.json,RC105,RC,RC1,N5,Inflated,AveragePartitionSolver,N5 Inflated AveragePartitionSolver,total_waiting_time,115.94060461667581
result_quantum_5customer.json,RC106,RC,RC1,N5,Uncoarsened,FullQubo,N5 Uncoarsened FullQubo,capacity_violations,0.0
result_quantum_5customer.json,RC106,RC,RC1,N5,Uncoarsened,FullQubo,N5 Uncoarsened FullQubo,computation_time,6.3565410830196925
result_quantum_5customer.json,RC106,RC,RC1,N5,Uncoarsened,FullQubo,N5 Uncoarsened FullQubo,num_vehicles,2.0
result_quantum_5customer.json,RC106,RC,RC1,N5,Uncoarsened,FullQubo,N5 Uncoarsened FullQubo,time_window_violations,0.0
result_quantum_5customer.json,RC106,RC,RC1,N5,Uncoarsened,FullQubo,N5 Uncoarsened FullQubo,total_demand_served,120.0
result_quantum_5customer.json,RC106,RC,RC1,N5,Uncoarsened,FullQubo,N5 Uncoarsened FullQubo,total_distance,171.2076068268054
result_quantum_5customer.json,RC106,RC,RC1,N5,Uncoarsened,FullQubo,N5 Uncoarsened FullQubo,total_route_duration,296.65926110986334
result_quantum_5customer.json,RC106,RC,RC1,N5,Uncoarsened,FullQubo,N5 Uncoarsened FullQubo,total_service_time,50.0
result_quantum_5customer.json,RC106,RC,RC1,N5,Uncoarsened,FullQubo,N5 Uncoarsened FullQubo,total_waiting_time,75.45165428305792
result_quantum_5customer.json,RC106,RC,RC1,N5,Uncoarsened,AveragePartitionSolver,N5 Uncoarsened AveragePartitionSolver,capacity_violations,0.0
result_quantum_5customer.json,RC106,RC,RC1,N5,Uncoarsened,AveragePartitionSolver,N5 Uncoarsened AveragePartitionSolver,computation_time,6.413594499987084
result_quantum_5customer.json,RC106,RC,RC1,N5,Uncoarsened,AveragePartitionSolver,N5 Uncoarsened AveragePartitionSolver,num_vehicles,2.0
result_quantum_5customer.json,RC106,RC,RC1,N5,Uncoarsened,AveragePartitionSolver,N5 Uncoarsened AveragePartitionSolver,time_window_violations,0.0
result_quantum_5customer.json,RC106,RC,RC1,N5,Uncoarsened,AveragePartitionSolver,N5 Uncoarsened AveragePartitionSolver,total_demand_served,120.0
result_quantum_5customer.json,RC106,RC,RC1,N5,Uncoarsened,AveragePartitionSolver,N5 Uncoarsened AveragePartitionSolver,total_distance,175.4179970951775
result_quantum_5customer.json,RC106,RC,RC1,N5,Uncoarsened,AveragePartitionSolver,N5 Uncoarsened AveragePartitionSolver,total_route_duration,364.41285006294873
result_quantum_5customer.json,RC106,RC,RC1,N5,Uncoarsened,AveragePartitionSolver,N5 Uncoarsened AveragePartitionSolver,total_service_time,50.0
result_quantum_5customer.json,RC106,RC,RC1,N5,Uncoarsened,AveragePartitionSolver,N5 Uncoarsened AveragePartitionSolver,total_waiting_time,138.99485296777124
result_quantum_5customer.json,RC106,RC,RC1,N5,Inflated,FullQubo,N5 Inflated FullQubo,capacity_violations,0.0
result_quantum_5customer.json,RC106,RC,RC1,N5,Inflated,FullQubo,N5 Inflated FullQubo,computation_time,1.9366131669958122
result_quantum_5customer.json,RC106,RC,RC1,N5,Inflated,FullQubo,N5 Inflated FullQubo,num_vehicles,2.0
result_quantum_5customer.json,RC106,RC,RC1,N5,Inflated,FullQubo,N5 Inflated FullQubo,time_window_violations,0.0
result_quantum_5customer.json,RC106,RC,RC1,N5,Inflated,FullQubo,N5 Inflated FullQubo,total_demand_served,120.0
result_quantum_5customer.json,RC106,RC,RC1,N5,Inflated,FullQubo,N5 Inflated FullQubo,total_distance,163.56666603281806
result_quantum_5customer.json,RC106,RC,RC1,N5,Inflated,FullQubo,N5 Inflated FullQubo,total_route_duration,334.5072706494939
result_quantum_5customer.json,RC106,RC,RC1,N5,Inflated,FullQubo,N5 Inflated FullQubo,total_service_time,50.0
result_quantum_5customer.json,RC106,RC,RC1,N5,Inflated,FullQubo,N5 Inflated FullQubo,total_waiting_time,120.94060461667581
result_quantum_5customer.json,RC106,RC,RC1,N5,Inflated,AveragePartitionSolver,N5 Inflated AveragePartitionSolver,capacity_violations,0.0
result_quantum_5customer.json,RC106,RC,RC1,N5,Inflated,AveragePartitionSolver,N5 Inflated AveragePartitionSolver,computation_time,1.9389962499844842
result_quantum_5customer.json,RC106,RC,RC1,N5,Inflated,AveragePartitionSolver,N5 Inflated AveragePartitionSolver,num_vehicles,2.0
result_quantum_5customer.json,RC106,RC,RC1,N5,Inflated,AveragePartitionSolver,N5 Inflated AveragePartitionSolver,time_window_violations,0.0
result_quantum_5customer.json,RC106,RC,RC1,N5,Inflated,AveragePartitionSolver,N5 Inflated AveragePartitionSolver,total_demand_served,120.0
result_quantum_5customer.json,RC106,RC,RC1,N5,Inflated,AveragePartitionSolver,N5 Inflated AveragePartitionSolver,total_distance,163.56666603281806
result_quantum_5customer.json,RC106,RC,RC1,N5,Inflated,AveragePartitionSolver,N5 Inflated AveragePartitionSolver,total_route_duration,334.5072706494939
result_quantum_5customer.json,RC106,RC,RC1,N5,Inflated,AveragePartitionSolver,N5 Inflated AveragePartitionSolver,total_service_time,50.0
result_quantum_5customer.json,RC106,RC,RC1,N5,Inflated,AveragePartitionSolver,N5 Inflated AveragePartitionSolver,total_waiting_time,120.94060461667581
result_quantum_5customer.json,RC107,RC,RC1,N5,Uncoarsened,FullQubo,N5 Uncoarsened FullQubo,capacity_violations,0.0
result_quantum_5customer.json,RC107,RC,RC1,N5,Uncoarsened,FullQubo,N5 Uncoarsened FullQubo,computation_time,6.321161292027682
result_quantum_5customer.json,RC107,RC,RC1,N5,Uncoarsened,FullQubo,N5 Uncoarsened FullQubo,num_vehicles,2.0
result_quantum_5customer.json,RC107,RC,RC1,N5,Uncoarsened,FullQubo,N5 Uncoarsened FullQubo,time_window_violations,0.0
result_quantum_5customer.json,RC107,RC,RC1,N5,Uncoarsened,FullQubo,N5 Uncoarsened FullQubo,total_demand_served,120.0
result_quantum_5customer.json,RC107,RC,RC1,N5,Uncoarsened,FullQubo,N5 Uncoarsened FullQubo,total_distance,161.73786570267757
result_quantum_5customer.json,RC107,RC,RC1,N5,Uncoarsened,FullQubo,N5 Uncoarsened FullQubo,total_route_duration,347.13437828395945
result_quantum_5customer.json,RC107,RC,RC1,N5,Uncoarsened,FullQubo,N5 Uncoarsened FullQubo,total_service_time,50.0
result_quantum_5customer.json,RC107,RC,RC1,N5,Uncoarsened,FullQubo,N5 Uncoarsened FullQubo,total_waiting_time,135.39651258128185
result_quantum_5customer.json,RC107,RC,RC1,N5,Uncoarsened,AveragePartitionSolver,N5 Uncoarsened AveragePartitionSolver,capacity_violations,0.0
result_quantum_5customer.json,RC107,RC,RC1,N5,Uncoarsened,AveragePartitionSolver,N5 Uncoarsened AveragePartitionSolver,computation_time,6.329191374999937
result_quantum_5customer.json,RC107,RC,RC1,N5,Uncoarsened,AveragePartitionSolver,N5 Uncoarsened AveragePartitionSolver,num_vehicles,2.0
result_quantum_5customer.json,RC107,RC,RC1,N5,Uncoarsened,AveragePartitionSolver,N5 Uncoarsened AveragePartitionSolver,time_window_violations,0.0
result_quantum_5customer.json,RC107,RC,RC1,N5,Uncoarsened,AveragePartitionSolver,N5 Uncoarsened AveragePartitionSolver,total_demand_served,120.0
result_quantum_5customer.json,RC107,RC,RC1,N5,Uncoarsened,AveragePartitionSolver,N5 Uncoarsened AveragePartitionSolver,total_distance,173.69921880727765
result_quantum_5customer.json,RC107,RC,RC1,N5,Uncoarsened,AveragePartitionSolver,N5 Uncoarsened AveragePartitionSolver,total_route_duration,290.13437828395945
result_quantum_5customer.json,RC107,RC,RC1,N5,Uncoarsened,AveragePartitionSolver,N5 Uncoarsened AveragePartitionSolver,total_service_time,50.0
result_quantum_5customer.json,RC107,RC,RC1,N5,Uncoarsened,AveragePartitionSolver,N5 Uncoarsened AveragePartitionSolver,total_waiting_time,66.43515947668179
result_quantum_5customer.json,RC107,RC,RC1,N5,Inflated,FullQubo,N5 Inflated FullQubo,capacity_violations,0.0
result_quantum_5customer.json,RC107,RC,RC1,N5,Inflated,FullQubo,N5 Inflated FullQubo,computation_time,1.9847715410287492
result_quantum_5customer.json,RC107,RC,RC1,N5,Inflated,FullQubo,N5 Inflated FullQubo,num_vehicles,2.0
result_quantum_5customer.json,RC107,RC,RC1,N5,Inflated,FullQubo,N5 Inflated FullQubo,time_window_violations,0.0
result_quantum_5customer.json,RC107,RC,RC1,N5,Inflated,FullQubo,N5 Inflated FullQubo,total_demand_served,120.0
result_quantum_5customer.json,RC107,RC,RC1,N5,Inflated,FullQubo,N5 Inflated FullQubo,total_distance,154.4580740928097
result_quantum_5customer.json,RC107,RC,RC1,N5,Inflated,FullQubo,N5 Inflated FullQubo,total_route_duration,254.34094174981828
result_quantum_5customer.json,RC107,RC,RC1,N5,Inflated,FullQubo,N5 Inflated FullQubo,total_service_time,50.0
result_quantum_5customer.json,RC107,RC,RC1,N5,Inflated,FullQubo,N5 Inflated FullQubo,total_waiting_time,49.88286765700853
result_quantum_5customer.json,RC107,RC,RC1,N5,Inflated,AveragePartitionSolver,N5 Inflated AveragePartitionSolver,capacity_violations,0.0
result_quantum_5customer.json,RC107,RC,RC1,N5,Inflated,AveragePartitionSolver,N5 Inflated AveragePartitionSolver,computation_time,1.9825275409966707
result_quantum_5customer.json,RC107,RC,RC1,N5,Inflated,AveragePartitionSolver,N5 Inflated AveragePartitionSolver,num_vehicles,2.0
result_quantum_5customer.json,RC107,RC,RC1,N5,Inflated,AveragePartitionSolver,N5 Inflated AveragePartitionSolver,time_window_violations,0.0
result_quantum_5customer.json,RC107,RC,RC1,N5,Inflated,AveragePartitionSolver,N5 Inflated AveragePartitionSolver,total_demand_served,120.0
result_quantum_5customer.json,RC107,RC,RC1,N5,Inflated,AveragePartitionSolver,N5 Inflated AveragePartitionSolver,total_distance,154.4580740928097
result_quantum_5customer.json,RC107,RC,RC1,N5,Inflated,AveragePartitionSolver,N5 Inflated AveragePartitionSolver,total_route_duration,254.34094174981828
result_quantum_5customer.json,RC107,RC,RC1,N5,Inflated,AveragePartitionSolver,N5 Inflated AveragePartitionSolver,total_service_time,50.0
result_quantum_5customer.json,RC107,RC,RC1,N5,Inflated,AveragePartitionSolver,N5 Inflated AveragePartitionSolver,total_waiting_time,49.88286765700853
result_quantum_5customer.json,RC108,RC,RC1,N5,Uncoarsened,FullQubo,N5 Uncoarsened FullQubo,capacity_violations,0.0
result_quantum_5customer.json,RC108,RC,RC1,N5,Uncoarsened,FullQubo,N5 Uncoarsened FullQubo,computation_time,6.3236518340418115
result_quantum_5customer.json,RC108,RC,RC1,N5,Uncoarsened,FullQubo,N5 Uncoarsened FullQubo,num_vehicles,1.0
result_quantum_5customer.json,RC108,RC,RC1,N5,Uncoarsened,FullQubo,N5 Uncoarsened FullQubo,time_window_violations,0.0
result_quantum_5customer.json,RC108,RC,RC1,N5,Uncoarsened,FullQubo,N5 Uncoarsened FullQubo,total_demand_served,120.0
result_quantum_5customer.json,RC108,RC,RC1,N5,Uncoarsened,FullQubo,N5 Uncoarsened FullQubo,total_distance,88.57336496199144
result_quantum_5customer.json,RC108,RC,RC1,N5,Uncoarsened,FullQubo,N5 Uncoarsened FullQubo,total_route_duration,161.38235655335822
result_quantum_5customer.json,RC108,RC,RC1,N5,Uncoarsened,FullQubo,N5 Uncoarsened FullQubo,total_service_time,50.0
result_quantum_5customer.json,RC108,RC,RC1,N5,Uncoarsened,FullQubo,N5 Uncoarsened FullQubo,total_waiting_time,22.808991591366777
result_quantum_5customer.json,RC108,RC,RC1,N5,Uncoarsened,AveragePartitionSolver,N5 Uncoarsened AveragePartitionSolver,capacity_violations,0.0
result_quantum_5customer.json,RC108,RC,RC1,N5,Uncoarsened,AveragePartitionSolver,N5 Uncoarsened AveragePartitionSolver,computation_time,6.326918333012145
result_quantum_5customer.json,RC108,RC,RC1,N5,Uncoarsened,AveragePartitionSolver,N5 Uncoarsened AveragePartitionSolver,num_vehicles,2.0
result_quantum_5customer.json,RC108,RC,RC1,N5,Uncoarsened,AveragePartitionSolver,N5 Uncoarsened AveragePartitionSolver,time_window_violations,0.0
result_quantum_5customer.json,RC108,RC,RC1,N5,Uncoarsened,AveragePartitionSolver,N5 Uncoarsened AveragePartitionSolver,total_demand_served,120.0
result_quantum_5customer.json,RC108,RC,RC1,N5,Uncoarsened,AveragePartitionSolver,N5 Uncoarsened AveragePartitionSolver,total_distance,163.56666603281806
result_quantum_5customer.json,RC108,RC,RC1,N5,Uncoarsened,AveragePartitionSolver,N5 Uncoarsened AveragePartitionSolver,total_route_duration,302.15381596986936
result_quantum_5customer.json,RC108,RC,RC1,N5,Uncoarsened,AveragePartitionSolver,N5 Uncoarsened AveragePartitionSolver,total_service_time,50.0
result_quantum_5customer.json,RC108,RC,RC1,N5,Uncoarsened,AveragePartitionSolver,N5 Uncoarsened AveragePartitionSolver,total_waiting_time,88.58714993705125
result_quantum_5customer.json,RC108,RC,RC1,N5,Inflated,FullQubo,N5 Inflated FullQubo,capacity_violations,0.0
result_quantum_5customer.json,RC108,RC,RC1,N5,Inflated,FullQubo,N5 Inflated FullQubo,computation_time,1.9353271250147372
result_quantum_5customer.json,RC108,RC,RC1,N5,Inflated,FullQubo,N5 Inflated FullQubo,num_vehicles,2.0
result_quantum_5customer.json,RC108,RC,RC1,N5,Inflated,FullQubo,N5 Inflated FullQubo,time_window_violations,0.0
result_quantum_5customer.json,RC108,RC,RC1,N5,Inflated,FullQubo,N5 Inflated FullQubo,total_demand_served,120.0
result_quantum_5customer.json,RC108,RC,RC1,N5,Inflated,FullQubo,N5 Inflated FullQubo,total_distance,155.63667543408542
result_quantum_5customer.json,RC108,RC,RC1,N5,Inflated,FullQubo,N5 Inflated FullQubo,total_route_duration,271.13437828395945
result_quantum_5customer.json,RC108,RC,RC1,N5,Inflated,FullQubo,N5 Inflated FullQubo,total_service_time,50.0
result_quantum_5customer.json,RC108,RC,RC1,N5,Inflated,FullQubo,N5 Inflated FullQubo,total_waiting_time,65.49770284987403
result_quantum_5customer.json,RC108,RC,RC1,N5,Inflated,AveragePartitionSolver,N5 Inflated AveragePartitionSolver,capacity_violations,0.0
result_quantum_5customer.json,RC108,RC,RC1,N5,Inflated,AveragePartitionSolver,N5 Inflated AveragePartitionSolver,computation_time,1.9333614580100402
result_quantum_5customer.json,RC108,RC,RC1,N5,Inflated,AveragePartitionSolver,N5 Inflated AveragePartitionSolver,num_vehicles,2.0
result_quantum_5customer.json,RC108,RC,RC1,N5,Inflated,AveragePartitionSolver,N5 Inflated AveragePartitionSolver,time_window_violations,0.0
result_quantum_5customer.json,RC108,RC,RC1,N5,Inflated,AveragePartitionSolver,N5 Inflated AveragePartitionSolver,total_demand_served,120.0
result_quantum_5customer.json,RC108,RC,RC1,N5,Inflated,AveragePartitionSolver,N5 Inflated AveragePartitionSolver,total_distance,155.63667543408542
result_quantum_5customer.json,RC108,RC,RC1,N5,Inflated,AveragePartitionSolver,N5 Inflated AveragePartitionSolver,total_route_duration,271.13437828395945
result_quantum_5customer.json,RC108,RC,RC1,N5,Inflated,AveragePartitionSolver,N5 Inflated AveragePartitionSolver,total_service_time,50.0
result_quantum_5customer.json,RC108,RC,RC1,N5,Inflated,AveragePartitionSolver,N5 Inflated AveragePartitionSolver,total_waiting_time,65.49770284987403
result_quantum_5customer.json,RC201,RC,RC2,N5,Uncoarsened,FullQubo,N5 Uncoarsened FullQubo,capacity_violations,0.0
result_quantum_5customer.json,RC201,RC,RC2,N5,Uncoarsened,FullQubo,N5 Uncoarsened FullQubo,computation_time,7.386905250023119
result_quantum_5customer.json,RC201,RC,RC2,N5,Uncoarsened,FullQubo,N5 Uncoarsened FullQubo,num_vehicles,2.0
result_quantum_5customer.json,RC201,RC,RC2,N5,Uncoarsened,FullQubo,N5 Uncoarsened FullQubo,time_window_violations,0.0
result_quantum_5customer.json,RC201,RC,RC2,N5,Uncoarsened,FullQubo,N5 Uncoarsened FullQubo,total_demand_served,120.0
result_quantum_5customer.json,RC201,RC,RC2,N5,Uncoarsened,FullQubo,N5 Uncoarsened FullQubo,total_distance,156.1937736672836
result_quantum_5customer.json,RC201,RC,RC2,N5,Uncoarsened,FullQubo,N5 Uncoarsened FullQubo,total_route_duration,1411.1343782839594
result_quantum_5customer.json,RC201,RC,RC2,N5,Uncoarsened,FullQubo,N5 Uncoarsened FullQubo,total_service_time,50.0
result_quantum_5customer.json,RC201,RC,RC2,N5,Uncoarsened,FullQubo,N5 Uncoarsened FullQubo,total_waiting_time,1204.9406046166757
result_quantum_5customer.json,RC201,RC,RC2,N5,Uncoarsened,AveragePartitionSolver,N5 Uncoarsened AveragePartitionSolver,capacity_violations,0.0
result_quantum_5customer.json,RC201,RC,RC2,N5,Uncoarsened,AveragePartitionSolver,N5 Uncoarsened AveragePartitionSolver,computation_time,7.34983750001993
result_quantum_5customer.json,RC201,RC,RC2,N5,Uncoarsened,AveragePartitionSolver,N5 Uncoarsened AveragePartitionSolver,num_vehicles,1.0
result_quantum_5customer.json,RC201,RC,RC2,N5,Uncoarsened,AveragePartitionSolver,N5 Uncoarsened AveragePartitionSolver,time_window_violations,0.0
result_quantum_5customer.json,RC201,RC,RC2,N5,Uncoarsened,AveragePartitionSolver,N5 Uncoarsened AveragePartitionSolver,total_demand_served,120.0
result_quantum_5customer.json,RC201,RC,RC2,N5,Uncoarsened,AveragePartitionSolver,N5 Uncoarsened AveragePartitionSolver,total_distance,89.13046319518966
result_quantum_5customer.json,RC201,RC,RC2,N5,Uncoarsened,AveragePartitionSolver,N5 Uncoarsened AveragePartitionSolver,total_route_duration,736.1265805665055
result_quantum_5customer.json,RC201,RC,RC2,N5,Uncoarsened,AveragePartitionSolver,N5 Uncoarsened AveragePartitionSolver,total_service_time,50.0
result_quantum_5customer.json,RC201,RC,RC2,N5,Uncoarsened,AveragePartitionSolver,N5 Uncoarsened AveragePartitionSolver,total_waiting_time,596.9961173713157
result_quantum_5customer.json,RC201,RC,RC2,N5,Inflated,FullQubo,N5 Inflated FullQubo,capacity_violations,0.0
result_quantum_5customer.json,RC201,RC,RC2,N5,Inflated,FullQubo,N5 Inflated FullQubo,computation_time,7.369956708978862
result_quantum_5customer.json,RC201,RC,RC2,N5,Inflated,FullQubo,N5 Inflated FullQubo,num_vehicles,2.0
result_quantum_5customer.json,RC201,RC,RC2,N5,Inflated,FullQubo,N5 Inflated FullQubo,time_window_violations,0.0
result_quantum_5customer.json,RC201,RC,RC2,N5,Inflated,FullQubo,N5 Inflated FullQubo,total_demand_served,120.0
result_quantum_5customer.json,RC201,RC,RC2,N5,Inflated,FullQubo,N5 Inflated FullQubo,total_distance,163.07698194299596
result_quantum_5customer.json,RC201,RC,RC2,N5,Inflated,FullQubo,N5 Inflated FullQubo,total_route_duration,1411.1343782839594
result_quantum_5customer.json,RC201,RC,RC2,N5,Inflated,FullQubo,N5 Inflated FullQubo,total_service_time,50.0
result_quantum_5customer.json,RC201,RC,RC2,N5,Inflated,FullQubo,N5 Inflated FullQubo,total_waiting_time,1198.0573963409634
result_quantum_5customer.json,RC201,RC,RC2,N5,Inflated,AveragePartitionSolver,N5 Inflated AveragePartitionSolver,capacity_violations,0.0
result_quantum_5customer.json,RC201,RC,RC2,N5,Inflated,AveragePartitionSolver,N5 Inflated AveragePartitionSolver,computation_time,7.376541665988043
result_quantum_5customer.json,RC201,RC,RC2,N5,Inflated,AveragePartitionSolver,N5 Inflated AveragePartitionSolver,num_vehicles,2.0
result_quantum_5customer.json,RC201,RC,RC2,N5,Inflated,AveragePartitionSolver,N5 Inflated AveragePartitionSolver,time_window_violations,0.0
result_quantum_5customer.json,RC201,RC,RC2,N5,Inflated,AveragePartitionSolver,N5 Inflated AveragePartitionSolver,total_demand_served,120.0
result_quantum_5customer.json,RC201,RC,RC2,N5,Inflated,AveragePartitionSolver,N5 Inflated AveragePartitionSolver,total_distance,160.6022912490978
result_quantum_5customer.json,RC201,RC,RC2,N5,Inflated,AveragePartitionSolver,N5 Inflated AveragePartitionSolver,total_route_duration,1411.1343782839594
result_quantum_5customer.json,RC201,RC,RC2,N5,Inflated,AveragePartitionSolver,N5 Inflated AveragePartitionSolver,total_service_time,50.0
result_quantum_5customer.json,RC201,RC,RC2,N5,Inflated,AveragePartitionSolver,N5 Inflated AveragePartitionSolver,total_waiting_time,1200.5320870348617
result_quantum_5customer.json,RC202,RC,RC2,N5,Uncoarsened,FullQubo,N5 Uncoarsened FullQubo,capacity_violations,0.0
result_quantum_5customer.json,RC202,RC,RC2,N5,Uncoarsened,FullQubo,N5 Uncoarsened FullQubo,computation_time,7.350742500042543
result_quantum_5customer.json,RC202,RC,RC2,N5,Uncoarsened,FullQubo,N5 Uncoarsened FullQubo,num_vehicles,2.0
result_quantum_5customer.json,RC202,RC,RC2,N5,Uncoarsened,FullQubo,N5 Uncoarsened FullQubo,time_window_violations,0.0
result_quantum_5customer.json,RC202,RC,RC2,N5,Uncoarsened,FullQubo,N5 Uncoarsened FullQubo,total_demand_served,120.0
result_quantum_5customer.json,RC202,RC,RC2,N5,Uncoarsened,FullQubo,N5 Uncoarsened FullQubo,total_distance,179.82651467699162
result_quantum_5customer.json,RC202,RC,RC2,N5,Uncoarsened,FullQubo,N5 Uncoarsened FullQubo,total_route_duration,837.7710019223518
result_quantum_5customer.json,RC202,RC,RC2,N5,Uncoarsened,FullQubo,N5 Uncoarsened FullQubo,total_service_time,50.0
result_quantum_5customer.json,RC202,RC,RC2,N5,Uncoarsened,FullQubo,N5 Uncoarsened FullQubo,total_waiting_time,607.94448724536
result_quantum_5customer.json,RC202,RC,RC2,N5,Uncoarsened,AveragePartitionSolver,N5 Uncoarsened AveragePartitionSolver,capacity_violations,0.0
result_quantum_5customer.json,RC202,RC,RC2,N5,Uncoarsened,AveragePartitionSolver,N5 Uncoarsened AveragePartitionSolver,computation_time,7.371576916018967
result_quantum_5customer.json,RC202,RC,RC2,N5,Uncoarsened,AveragePartitionSolver,N5 Uncoarsened AveragePartitionSolver,num_vehicles,2.0
result_quantum_5customer.json,RC202,RC,RC2,N5,Uncoarsened,AveragePartitionSolver,N5 Uncoarsened AveragePartitionSolver,time_window_violations,0.0
result_quantum_5customer.json,RC202,RC,RC2,N5,Uncoarsened,AveragePartitionSolver,N5 Uncoarsened AveragePartitionSolver,total_demand_served,120.0
result_quantum_5customer.json,RC202,RC,RC2,N5,Uncoarsened,AveragePartitionSolver,N5 Uncoarsened AveragePartitionSolver,total_distance,161.22815785227124
result_quantum_5customer.json,RC202,RC,RC2,N5,Uncoarsened,AveragePartitionSolver,N5 Uncoarsened AveragePartitionSolver,total_route_duration,819.1726450976314
result_quantum_5customer.json,RC202,RC,RC2,N5,Uncoarsened,AveragePartitionSolver,N5 Uncoarsened AveragePartitionSolver,total_service_time,50.0
result_quantum_5customer.json,RC202,RC,RC2,N5,Uncoarsened,AveragePartitionSolver,N5 Uncoarsened AveragePartitionSolver,total_waiting_time,607.94448724536
result_quantum_5customer.json,RC202,RC,RC2,N5,Inflated,FullQubo,N5 Inflated FullQubo,capacity_violations,0.0
result_quantum_5customer.json,RC202,RC,RC2,N5,Inflated,FullQubo,N5 Inflated FullQubo,computation_time,2.362509916012641
result_quantum_5customer.json,RC202,RC,RC2,N5,Inflated,FullQubo,N5 Inflated FullQubo,num_vehicles,2.0
result_quantum_5customer.json,RC202,RC,RC2,N5,Inflated,FullQubo,N5 Inflated FullQubo,time_window_violations,0.0
result_quantum_5customer.json,RC202,RC,RC2,N5,Inflated,FullQubo,N5 Inflated FullQubo,total_demand_served,120.0
result_quantum_5customer.json,RC202,RC,RC2,N5,Inflated,FullQubo,N5 Inflated FullQubo,total_distance,158.6684643611818
result_quantum_5customer.json,RC202,RC,RC2,N5,Inflated,FullQubo,N5 Inflated FullQubo,total_route_duration,816.612951606542
result_quantum_5customer.json,RC202,RC,RC2,N5,Inflated,FullQubo,N5 Inflated FullQubo,total_service_time,50.0
result_quantum_5customer.json,RC202,RC,RC2,N5,Inflated,FullQubo,N5 Inflated FullQubo,total_waiting_time,607.94448724536
result_quantum_5customer.json,RC202,RC,RC2,N5,Inflated,AveragePartitionSolver,N5 Inflated AveragePartitionSolver,capacity_violations,0.0
result_quantum_5customer.json,RC202,RC,RC2,N5,Inflated,AveragePartitionSolver,N5 Inflated AveragePartitionSolver,computation_time,2.361843459017109
result_quantum_5customer.json,RC202,RC,RC2,N5,Inflated,AveragePartitionSolver,N5 Inflated AveragePartitionSolver,num_vehicles,2.0
result_quantum_5customer.json,RC202,RC,RC2,N5,Inflated,AveragePartitionSolver,N5 Inflated AveragePartitionSolver,time_window_violations,0.0
result_quantum_5customer.json,RC202,RC,RC2,N5,Inflated,AveragePartitionSolver,N5 Inflated AveragePartitionSolver,total_demand_served,120.0
result_quantum_5customer.json,RC202,RC,RC2,N5,Inflated,AveragePartitionSolver,N5 Inflated AveragePartitionSolver,total_distance,158.6684643611818
result_quantum_5customer.json,RC202,RC,RC2,N5,Inflated,AveragePartitionSolver,N5 Inflated AveragePartitionSolver,total_route_duration,816.612951606542
result_quantum_5customer.json,RC202,RC,RC2,N5,Inflated,AveragePartitionSolver,N5 Inflated AveragePartitionSolver,total_service_time,50.0
result_quantum_5customer.json,RC202,RC,RC2,N5,Inflated,AveragePartitionSolver,N5 Inflated AveragePartitionSolver,total_waiting_time,607.94448724536
result_quantum_5customer.json,RC203,RC,RC2,N5,Uncoarsened,FullQubo,N5 Uncoarsened FullQubo,capacity_violations,0.0
result_quantum_5customer.json,RC203,RC,RC2,N5,Uncoarsened,FullQubo,N5 Uncoarsened FullQubo,computation_time,7.350725250027608
result_quantum_5customer.json,RC203,RC,RC2,N5,Uncoarsened,FullQubo,N5 Uncoarsened FullQubo,num_vehicles,2.0
result_quantum_5customer.json,RC203,RC,RC2,N5,Uncoarsened,FullQubo,N5 Uncoarsened FullQubo,time_window_violations,0.0
result_quantum_5customer.json,RC203,RC,RC2,N5,Uncoarsened,FullQubo,N5 Uncoarsened FullQubo,total_demand_served,120.0
result_quantum_5customer.json,RC203,RC,RC2,N5,Uncoarsened,FullQubo,N5 Uncoarsened FullQubo,total_distance,160.6022912490978
result_quantum_5customer.json,RC203,RC,RC2,N5,Uncoarsened,FullQubo,N5 Uncoarsened FullQubo,total_route_duration,818.546778494458
result_quantum_5customer.json,RC203,RC,RC2,N5,Uncoarsened,FullQubo,N5 Uncoarsened FullQubo,total_service_time,50.0
result_quantum_5customer.json,RC203,RC,RC2,N5,Uncoarsened,FullQubo,N5 Uncoarsened FullQubo,total_waiting_time,607.94448724536
result_quantum_5customer.json,RC203,RC,RC2,N5,Uncoarsened,AveragePartitionSolver,N5 Uncoarsened AveragePartitionSolver,capacity_violations,0.0
result_quantum_5customer.json,RC203,RC,RC2,N5,Uncoarsened,AveragePartitionSolver,N5 Uncoarsened AveragePartitionSolver,computation_time,7.363106665958185
result_quantum_5customer.json,RC203,RC,RC2,N5,Uncoarsened,AveragePartitionSolver,N5 Uncoarsened AveragePartitionSolver,num_vehicles,2.0
result_quantum_5customer.json,RC203,RC,RC2,N5,Uncoarsened,AveragePartitionSolver,N5 Uncoarsened AveragePartitionSolver,time_window_violations,0.0
result_quantum_5customer.json,RC203,RC,RC2,N5,Uncoarsened,AveragePartitionSolver,N5 Uncoarsened AveragePartitionSolver,total_demand_served,120.0
result_quantum_5customer.json,RC203,RC,RC2,N5,Uncoarsened,AveragePartitionSolver,N5 Uncoarsened AveragePartitionSolver,total_distance,158.70607677558118
result_quantum_5customer.json,RC203,RC,RC2,N5,Uncoarsened,AveragePartitionSolver,N5 Uncoarsened AveragePartitionSolver,total_route_duration,806.515068366948
result_quantum_5customer.json,RC203,RC,RC2,N5,Uncoarsened,AveragePartitionSolver,N5 Uncoarsened AveragePartitionSolver,total_service_time,50.0
result_quantum_5customer.json,RC203,RC,RC2,N5,Uncoarsened,AveragePartitionSolver,N5 Uncoarsened AveragePartitionSolver,total_waiting_time,597.8089915913667
result_quantum_5customer.json,RC203,RC,RC2,N5,Inflated,FullQubo,N5 Inflated FullQubo,capacity_violations,0.0
result_quantum_5customer.json,RC203,RC,RC2,N5,Inflated,FullQubo,N5 Inflated FullQubo,computation_time,2.3612832499784417
result_quantum_5customer.json,RC203,RC,RC2,N5,Inflated,FullQubo,N5 Inflated FullQubo,num_vehicles,2.0
result_quantum_5customer.json,RC203,RC,RC2,N5,Inflated,FullQubo,N5 Inflated FullQubo,time_window_violations,0.0
result_quantum_5customer.json,RC203,RC,RC2,N5,Inflated,FullQubo,N5 Inflated FullQubo,total_demand_served,120.0
result_quantum_5customer.json,RC203,RC,RC2,N5,Inflated,FullQubo,N5 Inflated FullQubo,total_distance,158.6684643611818
result_quantum_5customer.json,RC203,RC,RC2,N5,Inflated,FullQubo,N5 Inflated FullQubo,total_route_duration,816.612951606542
result_quantum_5customer.json,RC203,RC,RC2,N5,Inflated,FullQubo,N5 Inflated FullQubo,total_service_time,50.0
result_quantum_5customer.json,RC203,RC,RC2,N5,Inflated,FullQubo,N5 Inflated FullQubo,total_waiting_time,607.94448724536
result_quantum_5customer.json,RC203,RC,RC2,N5,Inflated,AveragePartitionSolver,N5 Inflated AveragePartitionSolver,capacity_violations,0.0
result_quantum_5customer.json,RC203,RC,RC2,N5,Inflated,AveragePartitionSolver,N5 Inflated AveragePartitionSolver,computation_time,2.362065249995794
result_quantum_5customer.json,RC203,RC,RC2,N5,Inflated,AveragePartitionSolver,N5 Inflated AveragePartitionSolver,num_vehicles,2.0
result_quantum_5customer.json,RC203,RC,RC2,N5,Inflated,AveragePartitionSolver,N5 Inflated AveragePartitionSolver,time_window_violations,0.0
result_quantum_5customer.json,RC203,RC,RC2,N5,Inflated,AveragePartitionSolver,N5 Inflated AveragePartitionSolver,total_demand_served,120.0
result_quantum_5customer.json,RC203,RC,RC2,N5,Inflated,AveragePartitionSolver,N5 Inflated AveragePartitionSolver,total_distance,158.6684643611818
result_quantum_5customer.json,RC203,RC,RC2,N5,Inflated,AveragePartitionSolver,N5 Inflated AveragePartitionSolver,total_route_duration,816.612951606542
result_quantum_5customer.json,RC203,RC,RC2,N5,Inflated,AveragePartitionSolver,N5 Inflated AveragePartitionSolver,total_service_time,50.0
result_quantum_5customer.json,RC203,RC,RC2,N5,Inflated,AveragePartitionSolver,N5 Inflated AveragePartitionSolver,total_waiting_time,607.94448724536
result_quantum_5customer.json,RC204,RC,RC2,N5,Uncoarsened,FullQubo,N5 Uncoarsened FullQubo,capacity_violations,0.0
result_quantum_5customer.json,RC204,RC,RC2,N5,Uncoarsened,FullQubo,N5 Uncoarsened FullQubo,computation_time,7.359956833999604
result_quantum_5customer.json,RC204,RC,RC2,N5,Uncoarsened,FullQubo,N5 Uncoarsened FullQubo,num_vehicles,2.0
result_quantum_5customer.json,RC204,RC,RC2,N5,Uncoarsened,FullQubo,N5 Uncoarsened FullQubo,time_window_violations,0.0
result_quantum_5customer.json,RC204,RC,RC2,N5,Uncoarsened,FullQubo,N5 Uncoarsened FullQubo,total_demand_served,120.0
result_quantum_5customer.json,RC204,RC,RC2,N5,Uncoarsened,FullQubo,N5 Uncoarsened FullQubo,total_distance,163.00956779961987
result_quantum_5customer.json,RC204,RC,RC2,N5,Uncoarsened,FullQubo,N5 Uncoarsened FullQubo,total_route_duration,801.8596344584348
result_quantum_5customer.json,RC204,RC,RC2,N5,Uncoarsened,FullQubo,N5 Uncoarsened FullQubo,total_service_time,50.0
result_quantum_5customer.json,RC204,RC,RC2,N5,Uncoarsened,FullQubo,N5 Uncoarsened FullQubo,total_waiting_time,588.850066658815
result_quantum_5customer.json,RC204,RC,RC2,N5,Uncoarsened,AveragePartitionSolver,N5 Uncoarsened AveragePartitionSolver,capacity_violations,0.0
result_quantum_5customer.json,RC204,RC,RC2,N5,Uncoarsened,AveragePartitionSolver,N5 Uncoarsened AveragePartitionSolver,computation_time,7.367406875011511
result_quantum_5customer.json,RC204,RC,RC2,N5,Uncoarsened,AveragePartitionSolver,N5 Uncoarsened AveragePartitionSolver,num_vehicles,2.0
result_quantum_5customer.json,RC204,RC,RC2,N5,Uncoarsened,AveragePartitionSolver,N5 Uncoarsened AveragePartitionSolver,time_window_violations,0.0
result_quantum_5customer.json,RC204,RC,RC2,N5,Uncoarsened,AveragePartitionSolver,N5 Uncoarsened AveragePartitionSolver,total_demand_served,120.0
result_quantum_5customer.json,RC204,RC,RC2,N5,Uncoarsened,AveragePartitionSolver,N5 Uncoarsened AveragePartitionSolver,total_distance,170.62440299248533
result_quantum_5customer.json,RC204,RC,RC2,N5,Uncoarsened,AveragePartitionSolver,N5 Uncoarsened AveragePartitionSolver,total_route_duration,809.4744696513003
result_quantum_5customer.json,RC204,RC,RC2,N5,Uncoarsened,AveragePartitionSolver,N5 Uncoarsened AveragePartitionSolver,total_service_time,50.0
result_quantum_5customer.json,RC204,RC,RC2,N5,Uncoarsened,AveragePartitionSolver,N5 Uncoarsened AveragePartitionSolver,total_waiting_time,588.850066658815
result_quantum_5customer.json,RC204,RC,RC2,N5,Inflated,FullQubo,N5 Inflated FullQubo,capacity_violations,0.0
result_quantum_5customer.json,RC204,RC,RC2,N5,Inflated,FullQubo,N5 Inflated FullQubo,computation_time,2.3613227080204524
result_quantum_5customer.json,RC204,RC,RC2,N5,Inflated,FullQubo,N5 Inflated FullQubo,num_vehicles,2.0
result_quantum_5customer.json,RC204,RC,RC2,N5,Inflated,FullQubo,N5 Inflated FullQubo,time_window_violations,0.0
result_quantum_5customer.json,RC204,RC,RC2,N5,Inflated,FullQubo,N5 Inflated FullQubo,total_demand_served,120.0
result_quantum_5customer.json,RC204,RC,RC2,N5,Inflated,FullQubo,N5 Inflated FullQubo,total_distance,158.6684643611818
result_quantum_5customer.json,RC204,RC,RC2,N5,Inflated,FullQubo,N5 Inflated FullQubo,total_route_duration,816.612951606542
result_quantum_5customer.json,RC204,RC,RC2,N5,Inflated,FullQubo,N5 Inflated FullQubo,total_service_time,50.0
result_quantum_5customer.json,RC204,RC,RC2,N5,Inflated,FullQubo,N5 Inflated FullQubo,total_waiting_time,607.94448724536
result_quantum_5customer.json,RC204,RC,RC2,N5,Inflated,AveragePartitionSolver,N5 Inflated AveragePartitionSolver,capacity_violations,0.0
result_quantum_5customer.json,RC204,RC,RC2,N5,Inflated,AveragePartitionSolver,N5 Inflated AveragePartitionSolver,computation_time,2.369849249953404
result_quantum_5customer.json,RC204,RC,RC2,N5,Inflated,AveragePartitionSolver,N5 Inflated AveragePartitionSolver,num_vehicles,2.0
result_quantum_5customer.json,RC204,RC,RC2,N5,Inflated,AveragePartitionSolver,N5 Inflated AveragePartitionSolver,time_window_violations,0.0
result_quantum_5customer.json,RC204,RC,RC2,N5,Inflated,AveragePartitionSolver,N5 Inflated AveragePartitionSolver,total_demand_served,120.0
result_quantum_5customer.json,RC204,RC,RC2,N5,Inflated,AveragePartitionSolver,N5 Inflated AveragePartitionSolver,total_distance,158.6684643611818
result_quantum_5customer.json,RC204,RC,RC2,N5,Inflated,AveragePartitionSolver,N5 Inflated AveragePartitionSolver,total_route_duration,816.612951606542
result_quantum_5customer.json,RC204,RC,RC2,N5,Inflated,AveragePartitionSolver,N5 Inflated AveragePartitionSolver,total_service_time,50.0
result_quantum_5customer.json,RC204,RC,RC2,N5,Inflated,AveragePartitionSolver,N5 Inflated AveragePartitionSolver,total_waiting_time,607.94448724536
result_quantum_5customer.json,RC205,RC,RC2,N5,Uncoarsened,FullQubo,N5 Uncoarsened FullQubo,capacity_violations,0.0
result_quantum_5customer.json,RC205,RC,RC2,N5,Uncoarsened,FullQubo,N5 Uncoarsened FullQubo,computation_time,7.3846515829791315
result_quantum_5customer.json,RC205,RC,RC2,N5,Uncoarsened,FullQubo,N5 Uncoarsened FullQubo,num_vehicles,1.0
result_quantum_5customer.json,RC205,RC,RC2,N5,Uncoarsened,FullQubo,N5 Uncoarsened FullQubo,time_window_violations,0.0
result_quantum_5customer.json,RC205,RC,RC2,N5,Uncoarsened,FullQubo,N5 Uncoarsened FullQubo,total_demand_served,120.0
result_quantum_5customer.json,RC205,RC,RC2,N5,Uncoarsened,FullQubo,N5 Uncoarsened FullQubo,total_distance,87.30166286504917
result_quantum_5customer.json,RC205,RC,RC2,N5,Uncoarsened,FullQubo,N5 Uncoarsened FullQubo,total_route_duration,720.05551275464
result_quantum_5customer.json,RC205,RC,RC2,N5,Uncoarsened,FullQubo,N5 Uncoarsened FullQubo,total_service_time,50.0
result_quantum_5customer.json,RC205,RC,RC2,N5,Uncoarsened,FullQubo,N5 Uncoarsened FullQubo,total_waiting_time,582.7538498895907
result_quantum_5customer.json,RC205,RC,RC2,N5,Uncoarsened,AveragePartitionSolver,N5 Uncoarsened AveragePartitionSolver,capacity_violations,0.0
result_quantum_5customer.json,RC205,RC,RC2,N5,Uncoarsened,AveragePartitionSolver,N5 Uncoarsened AveragePartitionSolver,computation_time,7.362286499992479
result_quantum_5customer.json,RC205,RC,RC2,N5,Uncoarsened,AveragePartitionSolver,N5 Uncoarsened AveragePartitionSolver,num_vehicles,2.0
result_quantum_5customer.json,RC205,RC,RC2,N5,Uncoarsened,AveragePartitionSolver,N5 Uncoarsened AveragePartitionSolver,time_window_violations,0.0
result_quantum_5customer.json,RC205,RC,RC2,N5,Uncoarsened,AveragePartitionSolver,N5 Uncoarsened AveragePartitionSolver,total_demand_served,120.0
result_quantum_5customer.json,RC205,RC,RC2,N5,Uncoarsened,AveragePartitionSolver,N5 Uncoarsened AveragePartitionSolver,total_distance,153.38700628094423
result_quantum_5customer.json,RC205,RC,RC2,N5,Uncoarsened,AveragePartitionSolver,N5 Uncoarsened AveragePartitionSolver,total_route_duration,822.0757175394515
result_quantum_5customer.json,RC205,RC,RC2,N5,Uncoarsened,AveragePartitionSolver,N5 Uncoarsened AveragePartitionSolver,total_service_time,50.0
result_quantum_5customer.json,RC205,RC,RC2,N5,Uncoarsened,AveragePartitionSolver,N5 Uncoarsened AveragePartitionSolver,total_waiting_time,618.6887112585073
result_quantum_5customer.json,RC205,RC,RC2,N5,Inflated,FullQubo,N5 Inflated FullQubo,capacity_violations,0.0
result_quantum_5customer.json,RC205,RC,RC2,N5,Inflated,FullQubo,N5 Inflated FullQubo,computation_time,2.3653626249870285
result_quantum_5customer.json,RC205,RC,RC2,N5,Inflated,FullQubo,N5 Inflated FullQubo,num_vehicles,2.0
result_quantum_5customer.json,RC205,RC,RC2,N5,Inflated,FullQubo,N5 Inflated FullQubo,time_window_violations,0.0
result_quantum_5customer.json,RC205,RC,RC2,N5,Inflated,FullQubo,N5 Inflated FullQubo,total_demand_served,120.0
result_quantum_5customer.json,RC205,RC,RC2,N5,Inflated,FullQubo,N5 Inflated FullQubo,total_distance,163.56666603281806
result_quantum_5customer.json,RC205,RC,RC2,N5,Inflated,FullQubo,N5 Inflated FullQubo,total_route_duration,1060.4128500629488
result_quantum_5customer.json,RC205,RC,RC2,N5,Inflated,FullQubo,N5 Inflated FullQubo,total_service_time,50.0
result_quantum_5customer.json,RC205,RC,RC2,N5,Inflated,FullQubo,N5 Inflated FullQubo,total_waiting_time,846.8461840301306
result_quantum_5customer.json,RC205,RC,RC2,N5,Inflated,AveragePartitionSolver,N5 Inflated AveragePartitionSolver,capacity_violations,0.0
result_quantum_5customer.json,RC205,RC,RC2,N5,Inflated,AveragePartitionSolver,N5 Inflated AveragePartitionSolver,computation_time,2.375102291989606
result_quantum_5customer.json,RC205,RC,RC2,N5,Inflated,AveragePartitionSolver,N5 Inflated AveragePartitionSolver,num_vehicles,2.0
result_quantum_5customer.json,RC205,RC,RC2,N5,Inflated,AveragePartitionSolver,N5 Inflated AveragePartitionSolver,time_window_violations,0.0
result_quantum_5customer.json,RC205,RC,RC2,N5,Inflated,AveragePartitionSolver,N5 Inflated AveragePartitionSolver,total_demand_served,120.0
result_quantum_5customer.json,RC205,RC,RC2,N5,Inflated,AveragePartitionSolver,N5 Inflated AveragePartitionSolver,total_distance,163.56666603281806
result_quantum_5customer.json,RC205,RC,RC2,N5,Inflated,AveragePartitionSolver,N5 Inflated AveragePartitionSolver,total_route_duration,1060.4128500629488
result_quantum_5customer.json,RC205,RC,RC2,N5,Inflated,AveragePartitionSolver,N5 Inflated AveragePartitionSolver,total_service_time,50.0
result_quantum_5customer.json,RC205,RC,RC2,N5,Inflated,AveragePartitionSolver,N5 Inflated AveragePartitionSolver,total_waiting_time,846.8461840301306
result_quantum_5customer.json,RC206,RC,RC2,N5,Uncoarsened,FullQubo,N5 Uncoarsened FullQubo,capacity_violations,0.0
result_quantum_5customer.json,RC206,RC,RC2,N5,Uncoarsened,FullQubo,N5 Uncoarsened FullQubo,computation_time,7.357344040996395
result_quantum_5customer.json,RC206,RC,RC2,N5,Uncoarsened,FullQubo,N5 Uncoarsened FullQubo,num_vehicles,2.0
result_quantum_5customer.json,RC206,RC,RC2,N5,Uncoarsened,FullQubo,N5 Uncoarsened FullQubo,time_window_violations,0.0
result_quantum_5customer.json,RC206,RC,RC2,N5,Uncoarsened,FullQubo,N5 Uncoarsened FullQubo,total_demand_served,120.0
result_quantum_5customer.json,RC206,RC,RC2,N5,Uncoarsened,FullQubo,N5 Uncoarsened FullQubo,total_distance,163.00956779961984
result_quantum_5customer.json,RC206,RC,RC2,N5,Uncoarsened,FullQubo,N5 Uncoarsened FullQubo,total_route_duration,1121.4362028376283
result_quantum_5customer.json,RC206,RC,RC2,N5,Uncoarsened,FullQubo,N5 Uncoarsened FullQubo,total_service_time,50.0
result_quantum_5customer.json,RC206,RC,RC2,N5,Uncoarsened,FullQubo,N5 Uncoarsened FullQubo,total_waiting_time,908.4266350380085
result_quantum_5customer.json,RC206,RC,RC2,N5,Uncoarsened,AveragePartitionSolver,N5 Uncoarsened AveragePartitionSolver,capacity_violations,0.0
result_quantum_5customer.json,RC206,RC,RC2,N5,Uncoarsened,AveragePartitionSolver,N5 Uncoarsened AveragePartitionSolver,computation_time,7.357969292032067
result_quantum_5customer.json,RC206,RC,RC2,N5,Uncoarsened,AveragePartitionSolver,N5 Uncoarsened AveragePartitionSolver,num_vehicles,1.0
result_quantum_5customer.json,RC206,RC,RC2,N5,Uncoarsened,AveragePartitionSolver,N5 Uncoarsened AveragePartitionSolver,time_window_violations,0.0
result_quantum_5customer.json,RC206,RC,RC2,N5,Uncoarsened,AveragePartitionSolver,N5 Uncoarsened AveragePartitionSolver,total_demand_served,120.0
result_quantum_5customer.json,RC206,RC,RC2,N5,Uncoarsened,AveragePartitionSolver,N5 Uncoarsened AveragePartitionSolver,total_distance,89.13046319518966
result_quantum_5customer.json,RC206,RC,RC2,N5,Uncoarsened,AveragePartitionSolver,N5 Uncoarsened AveragePartitionSolver,total_route_duration,676.1265805665055
result_quantum_5customer.json,RC206,RC,RC2,N5,Uncoarsened,AveragePartitionSolver,N5 Uncoarsened AveragePartitionSolver,total_service_time,50.0
result_quantum_5customer.json,RC206,RC,RC2,N5,Uncoarsened,AveragePartitionSolver,N5 Uncoarsened AveragePartitionSolver,total_waiting_time,536.9961173713157
result_quantum_5customer.json,RC206,RC,RC2,N5,Inflated,FullQubo,N5 Inflated FullQubo,capacity_violations,0.0
result_quantum_5customer.json,RC206,RC,RC2,N5,Inflated,FullQubo,N5 Inflated FullQubo,computation_time,4.537598875002004
result_quantum_5customer.json,RC206,RC,RC2,N5,Inflated,FullQubo,N5 Inflated FullQubo,num_vehicles,2.0
result_quantum_5customer.json,RC206,RC,RC2,N5,Inflated,FullQubo,N5 Inflated FullQubo,time_window_violations,0.0
result_quantum_5customer.json,RC206,RC,RC2,N5,Inflated,FullQubo,N5 Inflated FullQubo,total_demand_served,120.0
result_quantum_5customer.json,RC206,RC,RC2,N5,Inflated,FullQubo,N5 Inflated FullQubo,total_distance,163.27761622807276
result_quantum_5customer.json,RC206,RC,RC2,N5,Inflated,FullQubo,N5 Inflated FullQubo,total_route_duration,751.7014430123049
result_quantum_5customer.json,RC206,RC,RC2,N5,Inflated,FullQubo,N5 Inflated FullQubo,total_service_time,50.0
result_quantum_5customer.json,RC206,RC,RC2,N5,Inflated,FullQubo,N5 Inflated FullQubo,total_waiting_time,538.4238267842322
result_quantum_5customer.json,RC206,RC,RC2,N5,Inflated,AveragePartitionSolver,N5 Inflated AveragePartitionSolver,capacity_violations,0.0
result_quantum_5customer.json,RC206,RC,RC2,N5,Inflated,AveragePartitionSolver,N5 Inflated AveragePartitionSolver,computation_time,4.4794564170297235
result_quantum_5customer.json,RC206,RC,RC2,N5,Inflated,AveragePartitionSolver,N5 Inflated AveragePartitionSolver,num_vehicles,2.0
result_quantum_5customer.json,RC206,RC,RC2,N5,Inflated,AveragePartitionSolver,N5 Inflated AveragePartitionSolver,time_window_violations,0.0
result_quantum_5customer.json,RC206,RC,RC2,N5,Inflated,AveragePartitionSolver,N5 Inflated AveragePartitionSolver,total_demand_served,120.0
result_quantum_5customer.json,RC206,RC,RC2,N5,Inflated,AveragePartitionSolver,N5 Inflated AveragePartitionSolver,total_distance,155.63667543408542
result_quantum_5customer.json,RC206,RC,RC2,N5,Inflated,AveragePartitionSolver,N5 Inflated AveragePartitionSolver,total_route_duration,1291.1343782839594
result_quantum_5customer.json,RC206,RC,RC2,N5,Inflated,AveragePartitionSolver,N5 Inflated AveragePartitionSolver,total_service_time,50.0
result_quantum_5customer.json,RC206,RC,RC2,N5,Inflated,AveragePartitionSolver,N5 Inflated AveragePartitionSolver,total_waiting_time,1085.497702849874
result_quantum_5customer.json,RC207,RC,RC2,N5,Uncoarsened,FullQubo,N5 Uncoarsened FullQubo,capacity_violations,0.0
result_quantum_5customer.json,RC207,RC,RC2,N5,Uncoarsened,FullQubo,N5 Uncoarsened FullQubo,computation_time,7.377947582979687
result_quantum_5customer.json,RC207,RC,RC2,N5,Uncoarsened,FullQubo,N5 Uncoarsened FullQubo,num_vehicles,2.0
result_quantum_5customer.json,RC207,RC,RC2,N5,Uncoarsened,FullQubo,N5 Uncoarsened FullQubo,time_window_violations,0.0
result_quantum_5customer.json,RC207,RC,RC2,N5,Uncoarsened,FullQubo,N5 Uncoarsened FullQubo,total_demand_served,120.0
result_quantum_5customer.json,RC207,RC,RC2,N5,Uncoarsened,FullQubo,N5 Uncoarsened FullQubo,total_distance,165.63667543408542
result_quantum_5customer.json,RC207,RC,RC2,N5,Uncoarsened,FullQubo,N5 Uncoarsened FullQubo,total_route_duration,1173.519543091094
result_quantum_5customer.json,RC207,RC,RC2,N5,Uncoarsened,FullQubo,N5 Uncoarsened FullQubo,total_service_time,50.0
result_quantum_5customer.json,RC207,RC,RC2,N5,Uncoarsened,FullQubo,N5 Uncoarsened FullQubo,total_waiting_time,957.8828676570085
result_quantum_5customer.json,RC207,RC,RC2,N5,Uncoarsened,AveragePartitionSolver,N5 Uncoarsened AveragePartitionSolver,capacity_violations,0.0
result_quantum_5customer.json,RC207,RC,RC2,N5,Uncoarsened,AveragePartitionSolver,N5 Uncoarsened AveragePartitionSolver,computation_time,7.361707541975193
result_quantum_5customer.json,RC207,RC,RC2,N5,Uncoarsened,AveragePartitionSolver,N5 Uncoarsened AveragePartitionSolver,num_vehicles,2.0
result_quantum_5customer.json,RC207,RC,RC2,N5,Uncoarsened,AveragePartitionSolver,N5 Uncoarsened AveragePartitionSolver,time_window_violations,0.0
result_quantum_5customer.json,RC207,RC,RC2,N5,Uncoarsened,AveragePartitionSolver,N5 Uncoarsened AveragePartitionSolver,total_demand_served,120.0
result_quantum_5customer.json,RC207,RC,RC2,N5,Uncoarsened,AveragePartitionSolver,N5 Uncoarsened AveragePartitionSolver,total_distance,167.84513781180738
result_quantum_5customer.json,RC207,RC,RC2,N5,Uncoarsened,AveragePartitionSolver,N5 Uncoarsened AveragePartitionSolver,total_route_duration,1176.4839178748143
result_quantum_5customer.json,RC207,RC,RC2,N5,Uncoarsened,AveragePartitionSolver,N5 Uncoarsened AveragePartitionSolver,total_service_time,50.0
result_quantum_5customer.json,RC207,RC,RC2,N5,Uncoarsened,AveragePartitionSolver,N5 Uncoarsened AveragePartitionSolver,total_waiting_time,958.6387800630068
result_quantum_5customer.json,RC207,RC,RC2,N5,Inflated,FullQubo,N5 Inflated FullQubo,capacity_violations,0.0
result_quantum_5customer.json,RC207,RC,RC2,N5,Inflated,FullQubo,N5 Inflated FullQubo,computation_time,4.461719999962952
result_quantum_5customer.json,RC207,RC,RC2,N5,Inflated,FullQubo,N5 Inflated FullQubo,num_vehicles,2.0
result_quantum_5customer.json,RC207,RC,RC2,N5,Inflated,FullQubo,N5 Inflated FullQubo,time_window_violations,0.0
result_quantum_5customer.json,RC207,RC,RC2,N5,Inflated,FullQubo,N5 Inflated FullQubo,total_demand_served,120.0
result_quantum_5customer.json,RC207,RC,RC2,N5,Inflated,FullQubo,N5 Inflated FullQubo,total_distance,163.2515106269509
result_quantum_5customer.json,RC207,RC,RC2,N5,Inflated,FullQubo,N5 Inflated FullQubo,total_route_duration,1103.1343782839594
result_quantum_5customer.json,RC207,RC,RC2,N5,Inflated,FullQubo,N5 Inflated FullQubo,total_service_time,50.0
result_quantum_5customer.json,RC207,RC,RC2,N5,Inflated,FullQubo,N5 Inflated FullQubo,total_waiting_time,889.8828676570085
result_quantum_5customer.json,RC207,RC,RC2,N5,Inflated,AveragePartitionSolver,N5 Inflated AveragePartitionSolver,capacity_violations,0.0
result_quantum_5customer.json,RC207,RC,RC2,N5,Inflated,AveragePartitionSolver,N5 Inflated AveragePartitionSolver,computation_time,4.626993499987293
result_quantum_5customer.json,RC207,RC,RC2,N5,Inflated,AveragePartitionSolver,N5 Inflated AveragePartitionSolver,num_vehicles,2.0
result_quantum_5customer.json,RC207,RC,RC2,N5,Inflated,AveragePartitionSolver,N5 Inflated AveragePartitionSolver,time_window_violations,0.0
result_quantum_5customer.json,RC207,RC,RC2,N5,Inflated,AveragePartitionSolver,N5 Inflated AveragePartitionSolver,total_demand_served,120.0
result_quantum_5customer.json,RC207,RC,RC2,N5,Inflated,AveragePartitionSolver,N5 Inflated AveragePartitionSolver,total_distance,155.63667543408542
result_quantum_5customer.json,RC207,RC,RC2,N5,Inflated,AveragePartitionSolver,N5 Inflated AveragePartitionSolver,total_route_duration,1103.1343782839594
result_quantum_5customer.json,RC207,RC,RC2,N5,Inflated,AveragePartitionSolver,N5 Inflated AveragePartitionSolver,total_service_time,50.0
result_quantum_5customer.json,RC207,RC,RC2,N5,Inflated,AveragePartitionSolver,N5 Inflated AveragePartitionSolver,total_waiting_time,897.497702849874
result_quantum_5customer.json,RC208,RC,RC2,N5,Uncoarsened,FullQubo,N5 Uncoarsened FullQubo,capacity_violations,0.0
result_quantum_5customer.json,RC208,RC,RC2,N5,Uncoarsened,FullQubo,N5 Uncoarsened FullQubo,computation_time,7.348866249958519
result_quantum_5customer.json,RC208,RC,RC2,N5,Uncoarsened,FullQubo,N5 Uncoarsened FullQubo,num_vehicles,2.0
result_quantum_5customer.json,RC208,RC,RC2,N5,Uncoarsened,FullQubo,N5 Uncoarsened FullQubo,time_window_violations,0.0
result_quantum_5customer.json,RC208,RC,RC2,N5,Uncoarsened,FullQubo,N5 Uncoarsened FullQubo,total_demand_served,120.0
result_quantum_5customer.json,RC208,RC,RC2,N5,Uncoarsened,FullQubo,N5 Uncoarsened FullQubo,total_distance,150.04955651099556
result_quantum_5customer.json,RC208,RC,RC2,N5,Uncoarsened,FullQubo,N5 Uncoarsened FullQubo,total_route_duration,588.9940437563557
result_quantum_5customer.json,RC208,RC,RC2,N5,Uncoarsened,FullQubo,N5 Uncoarsened FullQubo,total_service_time,50.0
result_quantum_5customer.json,RC208,RC,RC2,N5,Uncoarsened,FullQubo,N5 Uncoarsened FullQubo,total_waiting_time,388.9444872453601
result_quantum_5customer.json,RC208,RC,RC2,N5,Uncoarsened,AveragePartitionSolver,N5 Uncoarsened AveragePartitionSolver,capacity_violations,0.0
result_quantum_5customer.json,RC208,RC,RC2,N5,Uncoarsened,AveragePartitionSolver,N5 Uncoarsened AveragePartitionSolver,computation_time,7.363061791984364
result_quantum_5customer.json,RC208,RC,RC2,N5,Uncoarsened,AveragePartitionSolver,N5 Uncoarsened AveragePartitionSolver,num_vehicles,1.0
result_quantum_5customer.json,RC208,RC,RC2,N5,Uncoarsened,AveragePartitionSolver,N5 Uncoarsened AveragePartitionSolver,time_window_violations,0.0
result_quantum_5customer.json,RC208,RC,RC2,N5,Uncoarsened,AveragePartitionSolver,N5 Uncoarsened AveragePartitionSolver,total_demand_served,120.0
result_quantum_5customer.json,RC208,RC,RC2,N5,Uncoarsened,AveragePartitionSolver,N5 Uncoarsened AveragePartitionSolver,total_distance,89.86135635613861
result_quantum_5customer.json,RC208,RC,RC2,N5,Uncoarsened,AveragePartitionSolver,N5 Uncoarsened AveragePartitionSolver,total_route_duration,471.0555127546399
result_quantum_5customer.json,RC208,RC,RC2,N5,Uncoarsened,AveragePartitionSolver,N5 Uncoarsened AveragePartitionSolver,total_service_time,50.0
result_quantum_5customer.json,RC208,RC,RC2,N5,Uncoarsened,AveragePartitionSolver,N5 Uncoarsened AveragePartitionSolver,total_waiting_time,331.19415639850126
result_quantum_5customer.json,RC208,RC,RC2,N5,Inflated,FullQubo,N5 Inflated FullQubo,capacity_violations,0.0
result_quantum_5customer.json,RC208,RC,RC2,N5,Inflated,FullQubo,N5 Inflated FullQubo,computation_time,2.405903542006854
result_quantum_5customer.json,RC208,RC,RC2,N5,Inflated,FullQubo,N5 Inflated FullQubo,num_vehicles,2.0
result_quantum_5customer.json,RC208,RC,RC2,N5,Inflated,FullQubo,N5 Inflated FullQubo,time_window_violations,0.0
result_quantum_5customer.json,RC208,RC,RC2,N5,Inflated,FullQubo,N5 Inflated FullQubo,total_demand_served,120.0
result_quantum_5customer.json,RC208,RC,RC2,N5,Inflated,FullQubo,N5 Inflated FullQubo,total_distance,150.04955651099556
result_quantum_5customer.json,RC208,RC,RC2,N5,Inflated,FullQubo,N5 Inflated FullQubo,total_route_duration,542.6671999576373
result_quantum_5customer.json,RC208,RC,RC2,N5,Inflated,FullQubo,N5 Inflated FullQubo,total_service_time,50.0
result_quantum_5customer.json,RC208,RC,RC2,N5,Inflated,FullQubo,N5 Inflated FullQubo,total_waiting_time,342.6176434466418
result_quantum_5customer.json,RC208,RC,RC2,N5,Inflated,AveragePartitionSolver,N5 Inflated AveragePartitionSolver,capacity_violations,0.0
result_quantum_5customer.json,RC208,RC,RC2,N5,Inflated,AveragePartitionSolver,N5 Inflated AveragePartitionSolver,computation_time,2.445641040976625
result_quantum_5customer.json,RC208,RC,RC2,N5,Inflated,AveragePartitionSolver,N5 Inflated AveragePartitionSolver,num_vehicles,2.0
result_quantum_5customer.json,RC208,RC,RC2,N5,Inflated,AveragePartitionSolver,N5 Inflated AveragePartitionSolver,time_window_violations,0.0
result_quantum_5customer.json,RC208,RC,RC2,N5,Inflated,AveragePartitionSolver,N5 Inflated AveragePartitionSolver,total_demand_served,120.0
result_quantum_5customer.json,RC208,RC,RC2,N5,Inflated,AveragePartitionSolver,N5 Inflated AveragePartitionSolver,total_distance,150.04955651099556
result_quantum_5customer.json,RC208,RC,RC2,N5,Inflated,AveragePartitionSolver,N5 Inflated AveragePartitionSolver,total_route_duration,542.6671999576373
result_quantum_5customer.json,RC208,RC,RC2,N5,Inflated,AveragePartitionSolver,N5 Inflated AveragePartitionSolver,total_service_time,50.0
result_quantum_5customer.json,RC208,RC,RC2,N5,Inflated,AveragePartitionSolver,N5 Inflated AveragePartitionSolver,total_waiting_time,342.6176434466418
results_classical_final.json,C101,C,C1,All,Uncoarsened,Greedy,Uncoarsened Greedy,capacity_violations,0.0
results_classical_final.json,C101,C,C1,All,Uncoarsened,Greedy,Uncoarsened Greedy,computation_time,0.024977208000564133
results_classical_final.json,C101,C,C1,All,Uncoarsened,Greedy,Uncoarsened Greedy,num_vehicles,22.0
results_classical_final.json,C101,C,C1,All,Uncoarsened,Greedy,Uncoarsened Greedy,time_window_violations,0.0
results_classical_final.json,C101,C,C1,All,Uncoarsened,Greedy,Uncoarsened Greedy,total_demand_served,1810.0
results_classical_final.json,C101,C,C1,All,Uncoarsened,Greedy,Uncoarsened Greedy,total_distance,2020.67788615447
results_classical_final.json,C101,C,C1,All,Uncoarsened,Greedy,Uncoarsened Greedy,total_route_duration,19000.310813917506
results_classical_final.json,C101,C,C1,All,Uncoarsened,Greedy,Uncoarsened Greedy,total_service_time,9000.0
results_classical_final.json,C101,C,C1,All,Uncoarsened,Greedy,Uncoarsened Greedy,total_waiting_time,7979.6329277630375
results_classical_final.json,C101,C,C1,All,Uncoarsened,Savings,Uncoarsened Savings,capacity_violations,0.0
results_classical_final.json,C101,C,C1,All,Uncoarsened,Savings,Uncoarsened Savings,computation_time,0.022040292000383488
results_classical_final.json,C101,C,C1,All,Uncoarsened,Savings,Uncoarsened Savings,num_vehicles,12.0
results_classical_final.json,C101,C,C1,All,Uncoarsened,Savings,Uncoarsened Savings,time_window_violations,0.0
results_classical_final.json,C101,C,C1,All,Uncoarsened,Savings,Uncoarsened Savings,total_demand_served,1810.0
results_classical_final.json,C101,C,C1,All,Uncoarsened,Savings,Uncoarsened Savings,total_distance,930.1213683043279
results_classical_final.json,C101,C,C1,All,Uncoarsened,Savings,Uncoarsened Savings,total_route_duration,11348.924807785952
results_classical_final.json,C101,C,C1,All,Uncoarsened,Savings,Uncoarsened Savings,total_service_time,9000.0
results_classical_final.json,C101,C,C1,All,Uncoarsened,Savings,Uncoarsened Savings,total_waiting_time,1418.8034394816234
results_classical_final.json,C101,C,C1,All,Inflated,Greedy,Inflated Greedy,capacity_violations,0.0
results_classical_final.json,C101,C,C1,All,Inflated,Greedy,Inflated Greedy,computation_time,0.003606000000218046
results_classical_final.json,C101,C,C1,All,Inflated,Greedy,Inflated Greedy,num_vehicles,16.0
results_classical_final.json,C101,C,C1,All,Inflated,Greedy,Inflated Greedy,time_window_violations,0.0
results_classical_final.json,C101,C,C1,All,Inflated,Greedy,Inflated Greedy,total_demand_served,1810.0
results_classical_final.json,C101,C,C1,All,Inflated,Greedy,Inflated Greedy,total_distance,1605.8917820061051
results_classical_final.json,C101,C,C1,All,Inflated,Greedy,Inflated Greedy,total_route_duration,14284.934922443756
results_classical_final.json,C101,C,C1,All,Inflated,Greedy,Inflated Greedy,total_service_time,9000.0
results_classical_final.json,C101,C,C1,All,Inflated,Greedy,Inflated Greedy,total_waiting_time,3679.0431404376513
results_classical_final.json,C101,C,C1,All,Inflated,Savings,Inflated Savings,capacity_violations,0.0
results_classical_final.json,C101,C,C1,All,Inflated,Savings,Inflated Savings,computation_time,0.004815291000340949
results_classical_final.json,C101,C,C1,All,Inflated,Savings,Inflated Savings,num_vehicles,12.0
results_classical_final.json,C101,C,C1,All,Inflated,Savings,Inflated Savings,time_window_violations,0.0
results_classical_final.json,C101,C,C1,All,Inflated,Savings,Inflated Savings,total_demand_served,1810.0
results_classical_final.json,C101,C,C1,All,Inflated,Savings,Inflated Savings,total_distance,901.3503088804787
results_classical_final.json,C101,C,C1,All,Inflated,Savings,Inflated Savings,total_route_duration,10835.00773473207
results_classical_final.json,C101,C,C1,All,Inflated,Savings,Inflated Savings,total_service_time,9000.0
results_classical_final.json,C101,C,C1,All,Inflated,Savings,Inflated Savings,total_waiting_time,933.6574258515903
results_classical_final.json,C102,C,C1,All,Uncoarsened,Greedy,Uncoarsened Greedy,capacity_violations,0.0
results_classical_final.json,C102,C,C1,All,Uncoarsened,Greedy,Uncoarsened Greedy,computation_time,0.04157558400038397
results_classical_final.json,C102,C,C1,All,Uncoarsened,Greedy,Uncoarsened Greedy,num_vehicles,20.0
results_classical_final.json,C102,C,C1,All,Uncoarsened,Greedy,Uncoarsened Greedy,time_window_violations,0.0
results_classical_final.json,C102,C,C1,All,Uncoarsened,Greedy,Uncoarsened Greedy,total_demand_served,1810.0
results_classical_final.json,C102,C,C1,All,Uncoarsened,Greedy,Uncoarsened Greedy,total_distance,2142.444877048896
results_classical_final.json,C102,C,C1,All,Uncoarsened,Greedy,Uncoarsened Greedy,total_route_duration,18542.202463968362
results_classical_final.json,C102,C,C1,All,Uncoarsened,Greedy,Uncoarsened Greedy,total_service_time,9000.0
results_classical_final.json,C102,C,C1,All,Uncoarsened,Greedy,Uncoarsened Greedy,total_waiting_time,7399.757586919472
results_classical_final.json,C102,C,C1,All,Uncoarsened,Savings,Uncoarsened Savings,capacity_violations,0.0
results_classical_final.json,C102,C,C1,All,Uncoarsened,Savings,Uncoarsened Savings,computation_time,0.02422691600077087
results_classical_final.json,C102,C,C1,All,Uncoarsened,Savings,Uncoarsened Savings,num_vehicles,14.0
results_classical_final.json,C102,C,C1,All,Uncoarsened,Savings,Uncoarsened Savings,time_window_violations,0.0
results_classical_final.json,C102,C,C1,All,Uncoarsened,Savings,Uncoarsened Savings,total_demand_served,1810.0
results_classical_final.json,C102,C,C1,All,Uncoarsened,Savings,Uncoarsened Savings,total_distance,1044.3431437654885
results_classical_final.json,C102,C,C1,All,Uncoarsened,Savings,Uncoarsened Savings,total_route_duration,13150.021093550538
results_classical_final.json,C102,C,C1,All,Uncoarsened,Savings,Uncoarsened Savings,total_service_time,9000.0
results_classical_final.json,C102,C,C1,All,Uncoarsened,Savings,Uncoarsened Savings,total_waiting_time,3105.6779497850484
results_classical_final.json,C102,C,C1,All,Inflated,Greedy,Inflated Greedy,capacity_violations,0.0
results_classical_final.json,C102,C,C1,All,Inflated,Greedy,Inflated Greedy,computation_time,0.004441832999873441
results_classical_final.json,C102,C,C1,All,Inflated,Greedy,Inflated Greedy,num_vehicles,19.0
results_classical_final.json,C102,C,C1,All,Inflated,Greedy,Inflated Greedy,time_window_violations,0.0
results_classical_final.json,C102,C,C1,All,Inflated,Greedy,Inflated Greedy,total_demand_served,1810.0
results_classical_final.json,C102,C,C1,All,Inflated,Greedy,Inflated Greedy,total_distance,1777.7467895581
results_classical_final.json,C102,C,C1,All,Inflated,Greedy,Inflated Greedy,total_route_duration,15894.727966794866
results_classical_final.json,C102,C,C1,All,Inflated,Greedy,Inflated Greedy,total_service_time,9000.0
results_classical_final.json,C102,C,C1,All,Inflated,Greedy,Inflated Greedy,total_waiting_time,5116.981177236769
results_classical_final.json,C102,C,C1,All,Inflated,Savings,Inflated Savings,capacity_violations,0.0
results_classical_final.json,C102,C,C1,All,Inflated,Savings,Inflated Savings,computation_time,0.006910834001246258
results_classical_final.json,C102,C,C1,All,Inflated,Savings,Inflated Savings,num_vehicles,17.0
results_classical_final.json,C102,C,C1,All,Inflated,Savings,Inflated Savings,time_window_violations,0.0
results_classical_final.json,C102,C,C1,All,Inflated,Savings,Inflated Savings,total_demand_served,1810.0
results_classical_final.json,C102,C,C1,All,Inflated,Savings,Inflated Savings,total_distance,1339.1705054079519
results_classical_final.json,C102,C,C1,All,Inflated,Savings,Inflated Savings,total_route_duration,14360.657561640308
results_classical_final.json,C102,C,C1,All,Inflated,Savings,Inflated Savings,total_service_time,9000.0
results_classical_final.json,C102,C,C1,All,Inflated,Savings,Inflated Savings,total_waiting_time,4021.4870562323545
results_classical_final.json,C103,C,C1,All,Uncoarsened,Greedy,Uncoarsened Greedy,capacity_violations,0.0
results_classical_final.json,C103,C,C1,All,Uncoarsened,Greedy,Uncoarsened Greedy,computation_time,0.032195959000091534
results_classical_final.json,C103,C,C1,All,Uncoarsened,Greedy,Uncoarsened Greedy,num_vehicles,18.0
results_classical_final.json,C103,C,C1,All,Uncoarsened,Greedy,Uncoarsened Greedy,time_window_violations,0.0
results_classical_final.json,C103,C,C1,All,Uncoarsened,Greedy,Uncoarsened Greedy,total_demand_served,1810.0
results_classical_final.json,C103,C,C1,All,Uncoarsened,Greedy,Uncoarsened Greedy,total_distance,2107.1506313856194
results_classical_final.json,C103,C,C1,All,Uncoarsened,Greedy,Uncoarsened Greedy,total_route_duration,17491.586029119746
results_classical_final.json,C103,C,C1,All,Uncoarsened,Greedy,Uncoarsened Greedy,total_service_time,9000.0
results_classical_final.json,C103,C,C1,All,Uncoarsened,Greedy,Uncoarsened Greedy,total_waiting_time,6384.435397734126
results_classical_final.json,C103,C,C1,All,Uncoarsened,Savings,Uncoarsened Savings,capacity_violations,0.0
results_classical_final.json,C103,C,C1,All,Uncoarsened,Savings,Uncoarsened Savings,computation_time,0.025107666000621975
results_classical_final.json,C103,C,C1,All,Uncoarsened,Savings,Uncoarsened Savings,num_vehicles,12.0
results_classical_final.json,C103,C,C1,All,Uncoarsened,Savings,Uncoarsened Savings,time_window_violations,0.0
results_classical_final.json,C103,C,C1,All,Uncoarsened,Savings,Uncoarsened Savings,total_demand_served,1810.0
results_classical_final.json,C103,C,C1,All,Uncoarsened,Savings,Uncoarsened Savings,total_distance,1006.0834965512012
results_classical_final.json,C103,C,C1,All,Uncoarsened,Savings,Uncoarsened Savings,total_route_duration,11430.634576762055
results_classical_final.json,C103,C,C1,All,Uncoarsened,Savings,Uncoarsened Savings,total_service_time,9000.0
results_classical_final.json,C103,C,C1,All,Uncoarsened,Savings,Uncoarsened Savings,total_waiting_time,1424.551080210853
results_classical_final.json,C103,C,C1,All,Inflated,Greedy,Inflated Greedy,capacity_violations,0.0
results_classical_final.json,C103,C,C1,All,Inflated,Greedy,Inflated Greedy,computation_time,0.0041137909993267385
results_classical_final.json,C103,C,C1,All,Inflated,Greedy,Inflated Greedy,num_vehicles,19.0
results_classical_final.json,C103,C,C1,All,Inflated,Greedy,Inflated Greedy,time_window_violations,0.0
results_classical_final.json,C103,C,C1,All,Inflated,Greedy,Inflated Greedy,total_demand_served,1810.0
results_classical_final.json,C103,C,C1,All,Inflated,Greedy,Inflated Greedy,total_distance,1718.1610449285533
results_classical_final.json,C103,C,C1,All,Inflated,Greedy,Inflated Greedy,total_route_duration,15249.561275138629
results_classical_final.json,C103,C,C1,All,Inflated,Greedy,Inflated Greedy,total_service_time,9000.0
results_classical_final.json,C103,C,C1,All,Inflated,Greedy,Inflated Greedy,total_waiting_time,4531.4002302100735
results_classical_final.json,C103,C,C1,All,Inflated,Savings,Inflated Savings,capacity_violations,0.0
results_classical_final.json,C103,C,C1,All,Inflated,Savings,Inflated Savings,computation_time,0.01131508400067105
results_classical_final.json,C103,C,C1,All,Inflated,Savings,Inflated Savings,num_vehicles,16.0
results_classical_final.json,C103,C,C1,All,Inflated,Savings,Inflated Savings,time_window_violations,0.0
results_classical_final.json,C103,C,C1,All,Inflated,Savings,Inflated Savings,total_demand_served,1810.0
results_classical_final.json,C103,C,C1,All,Inflated,Savings,Inflated Savings,total_distance,1389.9472139493294
results_classical_final.json,C103,C,C1,All,Inflated,Savings,Inflated Savings,total_route_duration,13499.209669644697
results_classical_final.json,C103,C,C1,All,Inflated,Savings,Inflated Savings,total_service_time,9000.0
results_classical_final.json,C103,C,C1,All,Inflated,Savings,Inflated Savings,total_waiting_time,3109.2624556953697
results_classical_final.json,C104,C,C1,All,Uncoarsened,Greedy,Uncoarsened Greedy,capacity_violations,0.0
results_classical_final.json,C104,C,C1,All,Uncoarsened,Greedy,Uncoarsened Greedy,computation_time,0.027228124999965075
results_classical_final.json,C104,C,C1,All,Uncoarsened,Greedy,Uncoarsened Greedy,num_vehicles,15.0
results_classical_final.json,C104,C,C1,All,Uncoarsened,Greedy,Uncoarsened Greedy,time_window_violations,0.0
results_classical_final.json,C104,C,C1,All,Uncoarsened,Greedy,Uncoarsened Greedy,total_demand_served,1810.0
results_classical_final.json,C104,C,C1,All,Uncoarsened,Greedy,Uncoarsened Greedy,total_distance,1706.6427616615902
results_classical_final.json,C104,C,C1,All,Uncoarsened,Greedy,Uncoarsened Greedy,total_route_duration,15650.548617893463
results_classical_final.json,C104,C,C1,All,Uncoarsened,Greedy,Uncoarsened Greedy,total_service_time,9000.0
results_classical_final.json,C104,C,C1,All,Uncoarsened,Greedy,Uncoarsened Greedy,total_waiting_time,4943.90585623187
results_classical_final.json,C104,C,C1,All,Uncoarsened,Savings,Uncoarsened Savings,capacity_violations,0.0
results_classical_final.json,C104,C,C1,All,Uncoarsened,Savings,Uncoarsened Savings,computation_time,0.022192084001289913
results_classical_final.json,C104,C,C1,All,Uncoarsened,Savings,Uncoarsened Savings,num_vehicles,13.0
results_classical_final.json,C104,C,C1,All,Uncoarsened,Savings,Uncoarsened Savings,time_window_violations,0.0
results_classical_final.json,C104,C,C1,All,Uncoarsened,Savings,Uncoarsened Savings,total_demand_served,1810.0
results_classical_final.json,C104,C,C1,All,Uncoarsened,Savings,Uncoarsened Savings,total_distance,1007.3413921111742
results_classical_final.json,C104,C,C1,All,Uncoarsened,Savings,Uncoarsened Savings,total_route_duration,11616.62616121595
results_classical_final.json,C104,C,C1,All,Uncoarsened,Savings,Uncoarsened Savings,total_service_time,9000.0
results_classical_final.json,C104,C,C1,All,Uncoarsened,Savings,Uncoarsened Savings,total_waiting_time,1609.2847691047764
results_classical_final.json,C104,C,C1,All,Inflated,Greedy,Inflated Greedy,capacity_violations,0.0
results_classical_final.json,C104,C,C1,All,Inflated,Greedy,Inflated Greedy,computation_time,0.0036426660008146428
results_classical_final.json,C104,C,C1,All,Inflated,Greedy,Inflated Greedy,num_vehicles,19.0
results_classical_final.json,C104,C,C1,All,Inflated,Greedy,Inflated Greedy,time_window_violations,0.0
results_classical_final.json,C104,C,C1,All,Inflated,Greedy,Inflated Greedy,total_demand_served,1810.0
results_classical_final.json,C104,C,C1,All,Inflated,Greedy,Inflated Greedy,total_distance,1512.1602143225884
results_classical_final.json,C104,C,C1,All,Inflated,Greedy,Inflated Greedy,total_route_duration,15920.76059046124
results_classical_final.json,C104,C,C1,All,Inflated,Greedy,Inflated Greedy,total_service_time,9000.0
results_classical_final.json,C104,C,C1,All,Inflated,Greedy,Inflated Greedy,total_waiting_time,5408.600376138652
results_classical_final.json,C104,C,C1,All,Inflated,Savings,Inflated Savings,capacity_violations,0.0
results_classical_final.json,C104,C,C1,All,Inflated,Savings,Inflated Savings,computation_time,0.009349291998660192
results_classical_final.json,C104,C,C1,All,Inflated,Savings,Inflated Savings,num_vehicles,15.0
results_classical_final.json,C104,C,C1,All,Inflated,Savings,Inflated Savings,time_window_violations,0.0
results_classical_final.json,C104,C,C1,All,Inflated,Savings,Inflated Savings,total_demand_served,1810.0
results_classical_final.json,C104,C,C1,All,Inflated,Savings,Inflated Savings,total_distance,1278.854018962264
results_classical_final.json,C104,C,C1,All,Inflated,Savings,Inflated Savings,total_route_duration,13381.74233765689
results_classical_final.json,C104,C,C1,All,Inflated,Savings,Inflated Savings,total_service_time,9000.0
results_classical_final.json,C104,C,C1,All,Inflated,Savings,Inflated Savings,total_waiting_time,3102.8883186946264
results_classical_final.json,C105,C,C1,All,Uncoarsened,Greedy,Uncoarsened Greedy,capacity_violations,0.0
results_classical_final.json,C105,C,C1,All,Uncoarsened,Greedy,Uncoarsened Greedy,computation_time,0.02365704200019536
results_classical_final.json,C105,C,C1,All,Uncoarsened,Greedy,Uncoarsened Greedy,num_vehicles,21.0
results_classical_final.json,C105,C,C1,All,Uncoarsened,Greedy,Uncoarsened Greedy,time_window_violations,0.0
results_classical_final.json,C105,C,C1,All,Uncoarsened,Greedy,Uncoarsened Greedy,total_demand_served,1810.0
results_classical_final.json,C105,C,C1,All,Uncoarsened,Greedy,Uncoarsened Greedy,total_distance,2038.3718625370236
results_classical_final.json,C105,C,C1,All,Uncoarsened,Greedy,Uncoarsened Greedy,total_route_duration,17429.902519807278
results_classical_final.json,C105,C,C1,All,Uncoarsened,Greedy,Uncoarsened Greedy,total_service_time,9000.0
results_classical_final.json,C105,C,C1,All,Uncoarsened,Greedy,Uncoarsened Greedy,total_waiting_time,6391.530657270263
results_classical_final.json,C105,C,C1,All,Uncoarsened,Savings,Uncoarsened Savings,capacity_violations,0.0
results_classical_final.json,C105,C,C1,All,Uncoarsened,Savings,Uncoarsened Savings,computation_time,0.022161124999911408
results_classical_final.json,C105,C,C1,All,Uncoarsened,Savings,Uncoarsened Savings,num_vehicles,12.0
results_classical_final.json,C105,C,C1,All,Uncoarsened,Savings,Uncoarsened Savings,time_window_violations,0.0
results_classical_final.json,C105,C,C1,All,Uncoarsened,Savings,Uncoarsened Savings,total_demand_served,1810.0
results_classical_final.json,C105,C,C1,All,Uncoarsened,Savings,Uncoarsened Savings,total_distance,931.3492058280034
results_classical_final.json,C105,C,C1,All,Uncoarsened,Savings,Uncoarsened Savings,total_route_duration,11210.028129813028
results_classical_final.json,C105,C,C1,All,Uncoarsened,Savings,Uncoarsened Savings,total_service_time,9000.0
results_classical_final.json,C105,C,C1,All,Uncoarsened,Savings,Uncoarsened Savings,total_waiting_time,1278.6789239850264
results_classical_final.json,C105,C,C1,All,Inflated,Greedy,Inflated Greedy,capacity_violations,0.0
results_classical_final.json,C105,C,C1,All,Inflated,Greedy,Inflated Greedy,computation_time,0.003340208000736311
results_classical_final.json,C105,C,C1,All,Inflated,Greedy,Inflated Greedy,num_vehicles,15.0
results_classical_final.json,C105,C,C1,All,Inflated,Greedy,Inflated Greedy,time_window_violations,0.0
results_classical_final.json,C105,C,C1,All,Inflated,Greedy,Inflated Greedy,total_demand_served,1810.0
results_classical_final.json,C105,C,C1,All,Inflated,Greedy,Inflated Greedy,total_distance,1441.434791786057
results_classical_final.json,C105,C,C1,All,Inflated,Greedy,Inflated Greedy,total_route_duration,12876.565431883178
results_classical_final.json,C105,C,C1,All,Inflated,Greedy,Inflated Greedy,total_service_time,9000.0
results_classical_final.json,C105,C,C1,All,Inflated,Greedy,Inflated Greedy,total_waiting_time,2435.1306400971225
results_classical_final.json,C105,C,C1,All,Inflated,Savings,Inflated Savings,capacity_violations,0.0
results_classical_final.json,C105,C,C1,All,Inflated,Savings,Inflated Savings,computation_time,0.004395457999635255
results_classical_final.json,C105,C,C1,All,Inflated,Savings,Inflated Savings,num_vehicles,13.0
results_classical_final.json,C105,C,C1,All,Inflated,Savings,Inflated Savings,time_window_violations,0.0
results_classical_final.json,C105,C,C1,All,Inflated,Savings,Inflated Savings,total_demand_served,1810.0
results_classical_final.json,C105,C,C1,All,Inflated,Savings,Inflated Savings,total_distance,1071.8760386783954
results_classical_final.json,C105,C,C1,All,Inflated,Savings,Inflated Savings,total_route_duration,11370.512962584282
results_classical_final.json,C105,C,C1,All,Inflated,Savings,Inflated Savings,total_service_time,9000.0
results_classical_final.json,C105,C,C1,All,Inflated,Savings,Inflated Savings,total_waiting_time,1298.6369239058868
results_classical_final.json,C106,C,C1,All,Uncoarsened,Greedy,Uncoarsened Greedy,capacity_violations,0.0
results_classical_final.json,C106,C,C1,All,Uncoarsened,Greedy,Uncoarsened Greedy,computation_time,0.024247625000498374
results_classical_final.json,C106,C,C1,All,Uncoarsened,Greedy,Uncoarsened Greedy,num_vehicles,20.0
results_classical_final.json,C106,C,C1,All,Uncoarsened,Greedy,Uncoarsened Greedy,time_window_violations,0.0
results_classical_final.json,C106,C,C1,All,Uncoarsened,Greedy,Uncoarsened Greedy,total_demand_served,1810.0
results_classical_final.json,C106,C,C1,All,Uncoarsened,Greedy,Uncoarsened Greedy,total_distance,1938.6745569362529
results_classical_final.json,C106,C,C1,All,Uncoarsened,Greedy,Uncoarsened Greedy,total_route_duration,16989.323247819346
results_classical_final.json,C106,C,C1,All,Uncoarsened,Greedy,Uncoarsened Greedy,total_service_time,9000.0
results_classical_final.json,C106,C,C1,All,Uncoarsened,Greedy,Uncoarsened Greedy,total_waiting_time,6050.648690883097
results_classical_final.json,C106,C,C1,All,Uncoarsened,Savings,Uncoarsened Savings,capacity_violations,0.0
results_classical_final.json,C106,C,C1,All,Uncoarsened,Savings,Uncoarsened Savings,computation_time,0.021299958001691266
results_classical_final.json,C106,C,C1,All,Uncoarsened,Savings,Uncoarsened Savings,num_vehicles,12.0
results_classical_final.json,C106,C,C1,All,Uncoarsened,Savings,Uncoarsened Savings,time_window_violations,0.0
results_classical_final.json,C106,C,C1,All,Uncoarsened,Savings,Uncoarsened Savings,total_demand_served,1810.0
results_classical_final.json,C106,C,C1,All,Uncoarsened,Savings,Uncoarsened Savings,total_distance,942.2738314642442
results_classical_final.json,C106,C,C1,All,Uncoarsened,Savings,Uncoarsened Savings,total_route_duration,11116.275669060416
results_classical_final.json,C106,C,C1,All,Uncoarsened,Savings,Uncoarsened Savings,total_service_time,9000.0
results_classical_final.json,C106,C,C1,All,Uncoarsened,Savings,Uncoarsened Savings,total_waiting_time,1174.0018375961722
results_classical_final.json,C106,C,C1,All,Inflated,Greedy,Inflated Greedy,capacity_violations,0.0
results_classical_final.json,C106,C,C1,All,Inflated,Greedy,Inflated Greedy,computation_time,0.003515250000418746
results_classical_final.json,C106,C,C1,All,Inflated,Greedy,Inflated Greedy,num_vehicles,15.0
results_classical_final.json,C106,C,C1,All,Inflated,Greedy,Inflated Greedy,time_window_violations,0.0
results_classical_final.json,C106,C,C1,All,Inflated,Greedy,Inflated Greedy,total_demand_served,1810.0
results_classical_final.json,C106,C,C1,All,Inflated,Greedy,Inflated Greedy,total_distance,1330.5002122992075
results_classical_final.json,C106,C,C1,All,Inflated,Greedy,Inflated Greedy,total_route_duration,12834.70774047492
results_classical_final.json,C106,C,C1,All,Inflated,Greedy,Inflated Greedy,total_service_time,9000.0
results_classical_final.json,C106,C,C1,All,Inflated,Greedy,Inflated Greedy,total_waiting_time,2504.207528175716
results_classical_final.json,C106,C,C1,All,Inflated,Savings,Inflated Savings,capacity_violations,0.0
results_classical_final.json,C106,C,C1,All,Inflated,Savings,Inflated Savings,computation_time,0.004661749999286258
results_classical_final.json,C106,C,C1,All,Inflated,Savings,Inflated Savings,num_vehicles,14.0
results_classical_final.json,C106,C,C1,All,Inflated,Savings,Inflated Savings,time_window_violations,0.0
results_classical_final.json,C106,C,C1,All,Inflated,Savings,Inflated Savings,total_demand_served,1810.0
results_classical_final.json,C106,C,C1,All,Inflated,Savings,Inflated Savings,total_distance,1055.2649364724766
results_classical_final.json,C106,C,C1,All,Inflated,Savings,Inflated Savings,total_route_duration,11952.90374337694
results_classical_final.json,C106,C,C1,All,Inflated,Savings,Inflated Savings,total_service_time,9000.0
results_classical_final.json,C106,C,C1,All,Inflated,Savings,Inflated Savings,total_waiting_time,1897.6388069044624
results_classical_final.json,C107,C,C1,All,Uncoarsened,Greedy,Uncoarsened Greedy,capacity_violations,0.0
results_classical_final.json,C107,C,C1,All,Uncoarsened,Greedy,Uncoarsened Greedy,computation_time,0.024628416998893954
results_classical_final.json,C107,C,C1,All,Uncoarsened,Greedy,Uncoarsened Greedy,num_vehicles,19.0
results_classical_final.json,C107,C,C1,All,Uncoarsened,Greedy,Uncoarsened Greedy,time_window_violations,0.0
results_classical_final.json,C107,C,C1,All,Uncoarsened,Greedy,Uncoarsened Greedy,total_demand_served,1810.0
results_classical_final.json,C107,C,C1,All,Uncoarsened,Greedy,Uncoarsened Greedy,total_distance,2346.508991912277
results_classical_final.json,C107,C,C1,All,Uncoarsened,Greedy,Uncoarsened Greedy,total_route_duration,15944.639684932388
results_classical_final.json,C107,C,C1,All,Uncoarsened,Greedy,Uncoarsened Greedy,total_service_time,9000.0
results_classical_final.json,C107,C,C1,All,Uncoarsened,Greedy,Uncoarsened Greedy,total_waiting_time,4598.130693020113
results_classical_final.json,C107,C,C1,All,Uncoarsened,Savings,Uncoarsened Savings,capacity_violations,0.0
results_classical_final.json,C107,C,C1,All,Uncoarsened,Savings,Uncoarsened Savings,computation_time,0.02053370800058474
results_classical_final.json,C107,C,C1,All,Uncoarsened,Savings,Uncoarsened Savings,num_vehicles,12.0
results_classical_final.json,C107,C,C1,All,Uncoarsened,Savings,Uncoarsened Savings,time_window_violations,0.0
results_classical_final.json,C107,C,C1,All,Uncoarsened,Savings,Uncoarsened Savings,total_demand_served,1810.0
results_classical_final.json,C107,C,C1,All,Uncoarsened,Savings,Uncoarsened Savings,total_distance,931.3492058280034
results_classical_final.json,C107,C,C1,All,Uncoarsened,Savings,Uncoarsened Savings,total_route_duration,11052.550990947297
results_classical_final.json,C107,C,C1,All,Uncoarsened,Savings,Uncoarsened Savings,total_service_time,9000.0
results_classical_final.json,C107,C,C1,All,Uncoarsened,Savings,Uncoarsened Savings,total_waiting_time,1121.2017851192916
results_classical_final.json,C107,C,C1,All,Inflated,Greedy,Inflated Greedy,capacity_violations,0.0
results_classical_final.json,C107,C,C1,All,Inflated,Greedy,Inflated Greedy,computation_time,0.00329204099944036
results_classical_final.json,C107,C,C1,All,Inflated,Greedy,Inflated Greedy,num_vehicles,16.0
results_classical_final.json,C107,C,C1,All,Inflated,Greedy,Inflated Greedy,time_window_violations,0.0
results_classical_final.json,C107,C,C1,All,Inflated,Greedy,Inflated Greedy,total_demand_served,1810.0
results_classical_final.json,C107,C,C1,All,Inflated,Greedy,Inflated Greedy,total_distance,1334.585645620794
results_classical_final.json,C107,C,C1,All,Inflated,Greedy,Inflated Greedy,total_route_duration,13067.28816364647
results_classical_final.json,C107,C,C1,All,Inflated,Greedy,Inflated Greedy,total_service_time,9000.0
results_classical_final.json,C107,C,C1,All,Inflated,Greedy,Inflated Greedy,total_waiting_time,2732.702518025675
results_classical_final.json,C107,C,C1,All,Inflated,Savings,Inflated Savings,capacity_violations,0.0
results_classical_final.json,C107,C,C1,All,Inflated,Savings,Inflated Savings,computation_time,0.009503582999968785
results_classical_final.json,C107,C,C1,All,Inflated,Savings,Inflated Savings,num_vehicles,13.0
results_classical_final.json,C107,C,C1,All,Inflated,Savings,Inflated Savings,time_window_violations,0.0
results_classical_final.json,C107,C,C1,All,Inflated,Savings,Inflated Savings,total_demand_served,1810.0
results_classical_final.json,C107,C,C1,All,Inflated,Savings,Inflated Savings,total_distance,1110.4838762950653
results_classical_final.json,C107,C,C1,All,Inflated,Savings,Inflated Savings,total_route_duration,11831.506235491606
results_classical_final.json,C107,C,C1,All,Inflated,Savings,Inflated Savings,total_service_time,9000.0
results_classical_final.json,C107,C,C1,All,Inflated,Savings,Inflated Savings,total_waiting_time,1721.0223591965391
results_classical_final.json,C108,C,C1,All,Uncoarsened,Greedy,Uncoarsened Greedy,capacity_violations,0.0
results_classical_final.json,C108,C,C1,All,Uncoarsened,Greedy,Uncoarsened Greedy,computation_time,0.02466291599921533
results_classical_final.json,C108,C,C1,All,Uncoarsened,Greedy,Uncoarsened Greedy,num_vehicles,17.0
results_classical_final.json,C108,C,C1,All,Uncoarsened,Greedy,Uncoarsened Greedy,time_window_violations,0.0
results_classical_final.json,C108,C,C1,All,Uncoarsened,Greedy,Uncoarsened Greedy,total_demand_served,1810.0
results_classical_final.json,C108,C,C1,All,Uncoarsened,Greedy,Uncoarsened Greedy,total_distance,2127.676261688579
results_classical_final.json,C108,C,C1,All,Uncoarsened,Greedy,Uncoarsened Greedy,total_route_duration,14931.86082960735
results_classical_final.json,C108,C,C1,All,Uncoarsened,Greedy,Uncoarsened Greedy,total_service_time,9000.0
results_classical_final.json,C108,C,C1,All,Uncoarsened,Greedy,Uncoarsened Greedy,total_waiting_time,3804.1845679187704
results_classical_final.json,C108,C,C1,All,Uncoarsened,Savings,Uncoarsened Savings,capacity_violations,0.0
results_classical_final.json,C108,C,C1,All,Uncoarsened,Savings,Uncoarsened Savings,computation_time,0.022354665999955614
results_classical_final.json,C108,C,C1,All,Uncoarsened,Savings,Uncoarsened Savings,num_vehicles,11.0
results_classical_final.json,C108,C,C1,All,Uncoarsened,Savings,Uncoarsened Savings,time_window_violations,0.0
results_classical_final.json,C108,C,C1,All,Uncoarsened,Savings,Uncoarsened Savings,total_demand_served,1810.0
results_classical_final.json,C108,C,C1,All,Uncoarsened,Savings,Uncoarsened Savings,total_distance,913.0615209083437
results_classical_final.json,C108,C,C1,All,Uncoarsened,Savings,Uncoarsened Savings,total_route_duration,10291.292297454298
results_classical_final.json,C108,C,C1,All,Uncoarsened,Savings,Uncoarsened Savings,total_service_time,9000.0
results_classical_final.json,C108,C,C1,All,Uncoarsened,Savings,Uncoarsened Savings,total_waiting_time,378.2307765459544
results_classical_final.json,C108,C,C1,All,Inflated,Greedy,Inflated Greedy,capacity_violations,0.0
results_classical_final.json,C108,C,C1,All,Inflated,Greedy,Inflated Greedy,computation_time,0.0030544159999408294
results_classical_final.json,C108,C,C1,All,Inflated,Greedy,Inflated Greedy,num_vehicles,14.0
results_classical_final.json,C108,C,C1,All,Inflated,Greedy,Inflated Greedy,time_window_violations,0.0
results_classical_final.json,C108,C,C1,All,Inflated,Greedy,Inflated Greedy,total_demand_served,1810.0
results_classical_final.json,C108,C,C1,All,Inflated,Greedy,Inflated Greedy,total_distance,1339.3439241529331
results_classical_final.json,C108,C,C1,All,Inflated,Greedy,Inflated Greedy,total_route_duration,12348.725029006566
results_classical_final.json,C108,C,C1,All,Inflated,Greedy,Inflated Greedy,total_service_time,9000.0
results_classical_final.json,C108,C,C1,All,Inflated,Greedy,Inflated Greedy,total_waiting_time,2009.381104853635
results_classical_final.json,C108,C,C1,All,Inflated,Savings,Inflated Savings,capacity_violations,0.0
results_classical_final.json,C108,C,C1,All,Inflated,Savings,Inflated Savings,computation_time,0.008328041998538538
results_classical_final.json,C108,C,C1,All,Inflated,Savings,Inflated Savings,num_vehicles,13.0
results_classical_final.json,C108,C,C1,All,Inflated,Savings,Inflated Savings,time_window_violations,0.0
results_classical_final.json,C108,C,C1,All,Inflated,Savings,Inflated Savings,total_demand_served,1810.0
results_classical_final.json,C108,C,C1,All,Inflated,Savings,Inflated Savings,total_distance,1026.0208645227829
results_classical_final.json,C108,C,C1,All,Inflated,Savings,Inflated Savings,total_route_duration,11846.224558985272
results_classical_final.json,C108,C,C1,All,Inflated,Savings,Inflated Savings,total_service_time,9000.0
results_classical_final.json,C108,C,C1,All,Inflated,Savings,Inflated Savings,total_waiting_time,1820.2036944624874
results_classical_final.json,C109,C,C1,All,Uncoarsened,Greedy,Uncoarsened Greedy,capacity_violations,0.0
results_classical_final.json,C109,C,C1,All,Uncoarsened,Greedy,Uncoarsened Greedy,computation_time,0.026552834000540315
results_classical_final.json,C109,C,C1,All,Uncoarsened,Greedy,Uncoarsened Greedy,num_vehicles,14.0
results_classical_final.json,C109,C,C1,All,Uncoarsened,Greedy,Uncoarsened Greedy,time_window_violations,0.0
results_classical_final.json,C109,C,C1,All,Uncoarsened,Greedy,Uncoarsened Greedy,total_demand_served,1810.0
results_classical_final.json,C109,C,C1,All,Uncoarsened,Greedy,Uncoarsened Greedy,total_distance,1848.1970832236605
results_classical_final.json,C109,C,C1,All,Uncoarsened,Greedy,Uncoarsened Greedy,total_route_duration,12984.14176850042
results_classical_final.json,C109,C,C1,All,Uncoarsened,Greedy,Uncoarsened Greedy,total_service_time,9000.0
results_classical_final.json,C109,C,C1,All,Uncoarsened,Greedy,Uncoarsened Greedy,total_waiting_time,2135.9446852767564
results_classical_final.json,C109,C,C1,All,Uncoarsened,Savings,Uncoarsened Savings,capacity_violations,0.0
results_classical_final.json,C109,C,C1,All,Uncoarsened,Savings,Uncoarsened Savings,computation_time,0.02101299999958428
results_classical_final.json,C109,C,C1,All,Uncoarsened,Savings,Uncoarsened Savings,num_vehicles,11.0
results_classical_final.json,C109,C,C1,All,Uncoarsened,Savings,Uncoarsened Savings,time_window_violations,0.0
results_classical_final.json,C109,C,C1,All,Uncoarsened,Savings,Uncoarsened Savings,total_demand_served,1810.0
results_classical_final.json,C109,C,C1,All,Uncoarsened,Savings,Uncoarsened Savings,total_distance,900.8546223544112
results_classical_final.json,C109,C,C1,All,Uncoarsened,Savings,Uncoarsened Savings,total_route_duration,10179.035409195149
results_classical_final.json,C109,C,C1,All,Uncoarsened,Savings,Uncoarsened Savings,total_service_time,9000.0
results_classical_final.json,C109,C,C1,All,Uncoarsened,Savings,Uncoarsened Savings,total_waiting_time,278.1807868407371
results_classical_final.json,C109,C,C1,All,Inflated,Greedy,Inflated Greedy,capacity_violations,0.0
results_classical_final.json,C109,C,C1,All,Inflated,Greedy,Inflated Greedy,computation_time,0.0029248749997350387
results_classical_final.json,C109,C,C1,All,Inflated,Greedy,Inflated Greedy,num_vehicles,14.0
results_classical_final.json,C109,C,C1,All,Inflated,Greedy,Inflated Greedy,time_window_violations,0.0
results_classical_final.json,C109,C,C1,All,Inflated,Greedy,Inflated Greedy,total_demand_served,1810.0
results_classical_final.json,C109,C,C1,All,Inflated,Greedy,Inflated Greedy,total_distance,1334.6227375173494
results_classical_final.json,C109,C,C1,All,Inflated,Greedy,Inflated Greedy,total_route_duration,11567.103605634984
results_classical_final.json,C109,C,C1,All,Inflated,Greedy,Inflated Greedy,total_service_time,9000.0
results_classical_final.json,C109,C,C1,All,Inflated,Greedy,Inflated Greedy,total_waiting_time,1232.480868117634
results_classical_final.json,C109,C,C1,All,Inflated,Savings,Inflated Savings,capacity_violations,0.0
results_classical_final.json,C109,C,C1,All,Inflated,Savings,Inflated Savings,computation_time,0.007526707999204518
results_classical_final.json,C109,C,C1,All,Inflated,Savings,Inflated Savings,num_vehicles,11.0
results_classical_final.json,C109,C,C1,All,Inflated,Savings,Inflated Savings,time_window_violations,0.0
results_classical_final.json,C109,C,C1,All,Inflated,Savings,Inflated Savings,total_demand_served,1810.0
results_classical_final.json,C109,C,C1,All,Inflated,Savings,Inflated Savings,total_distance,921.8055870002055
results_classical_final.json,C109,C,C1,All,Inflated,Savings,Inflated Savings,total_route_duration,10019.330803601639
results_classical_final.json,C109,C,C1,All,Inflated,Savings,Inflated Savings,total_service_time,9000.0
results_classical_final.json,C109,C,C1,All,Inflated,Savings,Inflated Savings,total_waiting_time,97.52521660143293
results_classical_final.json,C201,C,C2,All,Uncoarsened,Greedy,Uncoarsened Greedy,capacity_violations,0.0
results_classical_final.json,C201,C,C2,All,Uncoarsened,Greedy,Uncoarsened Greedy,computation_time,0.034889041000496945
results_classical_final.json,C201,C,C2,All,Uncoarsened,Greedy,Uncoarsened Greedy,num_vehicles,13.0
results_classical_final.json,C201,C,C2,All,Uncoarsened,Greedy,Uncoarsened Greedy,time_window_violations,0.0
results_classical_final.json,C201,C,C2,All,Uncoarsened,Greedy,Uncoarsened Greedy,total_demand_served,1810.0
results_classical_final.json,C201,C,C2,All,Uncoarsened,Greedy,Uncoarsened Greedy,total_distance,1807.9803431640194
results_classical_final.json,C201,C,C2,All,Uncoarsened,Greedy,Uncoarsened Greedy,total_route_duration,33131.90761041304
results_classical_final.json,C201,C,C2,All,Uncoarsened,Greedy,Uncoarsened Greedy,total_service_time,9000.0
results_classical_final.json,C201,C,C2,All,Uncoarsened,Greedy,Uncoarsened Greedy,total_waiting_time,22323.927267249022
results_classical_final.json,C201,C,C2,All,Uncoarsened,Savings,Uncoarsened Savings,capacity_violations,0.0
results_classical_final.json,C201,C,C2,All,Uncoarsened,Savings,Uncoarsened Savings,computation_time,0.016644082999846432
results_classical_final.json,C201,C,C2,All,Uncoarsened,Savings,Uncoarsened Savings,num_vehicles,6.0
results_classical_final.json,C201,C,C2,All,Uncoarsened,Savings,Uncoarsened Savings,time_window_violations,0.0
results_classical_final.json,C201,C,C2,All,Uncoarsened,Savings,Uncoarsened Savings,total_demand_served,1810.0
results_classical_final.json,C201,C,C2,All,Uncoarsened,Savings,Uncoarsened Savings,total_distance,751.8195661323308
results_classical_final.json,C201,C,C2,All,Uncoarsened,Savings,Uncoarsened Savings,total_route_duration,18319.559987105156
results_classical_final.json,C201,C,C2,All,Uncoarsened,Savings,Uncoarsened Savings,total_service_time,9000.0
results_classical_final.json,C201,C,C2,All,Uncoarsened,Savings,Uncoarsened Savings,total_waiting_time,8567.740420972825
results_classical_final.json,C201,C,C2,All,Inflated,Greedy,Inflated Greedy,capacity_violations,0.0
results_classical_final.json,C201,C,C2,All,Inflated,Greedy,Inflated Greedy,computation_time,0.002664082998308004
results_classical_final.json,C201,C,C2,All,Inflated,Greedy,Inflated Greedy,num_vehicles,5.0
results_classical_final.json,C201,C,C2,All,Inflated,Greedy,Inflated Greedy,time_window_violations,0.0
results_classical_final.json,C201,C,C2,All,Inflated,Greedy,Inflated Greedy,total_demand_served,1810.0
results_classical_final.json,C201,C,C2,All,Inflated,Greedy,Inflated Greedy,total_distance,859.9608649900288
results_classical_final.json,C201,C,C2,All,Inflated,Greedy,Inflated Greedy,total_route_duration,13856.312992730254
results_classical_final.json,C201,C,C2,All,Inflated,Greedy,Inflated Greedy,total_service_time,9000.0
results_classical_final.json,C201,C,C2,All,Inflated,Greedy,Inflated Greedy,total_waiting_time,3996.3521277402233
results_classical_final.json,C201,C,C2,All,Inflated,Savings,Inflated Savings,capacity_violations,0.0
results_classical_final.json,C201,C,C2,All,Inflated,Savings,Inflated Savings,computation_time,0.002102292000927264
results_classical_final.json,C201,C,C2,All,Inflated,Savings,Inflated Savings,num_vehicles,4.0
results_classical_final.json,C201,C,C2,All,Inflated,Savings,Inflated Savings,time_window_violations,0.0
results_classical_final.json,C201,C,C2,All,Inflated,Savings,Inflated Savings,total_demand_served,1810.0
results_classical_final.json,C201,C,C2,All,Inflated,Savings,Inflated Savings,total_distance,666.352658740505
results_classical_final.json,C201,C,C2,All,Inflated,Savings,Inflated Savings,total_route_duration,12533.74211416284
results_classical_final.json,C201,C,C2,All,Inflated,Savings,Inflated Savings,total_service_time,9000.0
results_classical_final.json,C201,C,C2,All,Inflated,Savings,Inflated Savings,total_waiting_time,2867.3894554223352
results_classical_final.json,C202,C,C2,All,Uncoarsened,Greedy,Uncoarsened Greedy,capacity_violations,0.0
results_classical_final.json,C202,C,C2,All,Uncoarsened,Greedy,Uncoarsened Greedy,computation_time,0.0378774999990128
results_classical_final.json,C202,C,C2,All,Uncoarsened,Greedy,Uncoarsened Greedy,num_vehicles,14.0
results_classical_final.json,C202,C,C2,All,Uncoarsened,Greedy,Uncoarsened Greedy,time_window_violations,0.0
results_classical_final.json,C202,C,C2,All,Uncoarsened,Greedy,Uncoarsened Greedy,total_demand_served,1810.0
results_classical_final.json,C202,C,C2,All,Uncoarsened,Greedy,Uncoarsened Greedy,total_distance,1753.2059817728982
results_classical_final.json,C202,C,C2,All,Uncoarsened,Greedy,Uncoarsened Greedy,total_route_duration,36225.4532557366
results_classical_final.json,C202,C,C2,All,Uncoarsened,Greedy,Uncoarsened Greedy,total_service_time,9000.0
results_classical_final.json,C202,C,C2,All,Uncoarsened,Greedy,Uncoarsened Greedy,total_waiting_time,25472.2472739637
results_classical_final.json,C202,C,C2,All,Uncoarsened,Savings,Uncoarsened Savings,capacity_violations,0.0
results_classical_final.json,C202,C,C2,All,Uncoarsened,Savings,Uncoarsened Savings,computation_time,0.017143041999588604
results_classical_final.json,C202,C,C2,All,Uncoarsened,Savings,Uncoarsened Savings,num_vehicles,7.0
results_classical_final.json,C202,C,C2,All,Uncoarsened,Savings,Uncoarsened Savings,time_window_violations,0.0
results_classical_final.json,C202,C,C2,All,Uncoarsened,Savings,Uncoarsened Savings,total_demand_served,1810.0
results_classical_final.json,C202,C,C2,All,Uncoarsened,Savings,Uncoarsened Savings,total_distance,808.4207662704971
results_classical_final.json,C202,C,C2,All,Uncoarsened,Savings,Uncoarsened Savings,total_route_duration,20428.753477122784
results_classical_final.json,C202,C,C2,All,Uncoarsened,Savings,Uncoarsened Savings,total_service_time,9000.0
results_classical_final.json,C202,C,C2,All,Uncoarsened,Savings,Uncoarsened Savings,total_waiting_time,10620.332710852288
results_classical_final.json,C202,C,C2,All,Inflated,Greedy,Inflated Greedy,capacity_violations,0.0
results_classical_final.json,C202,C,C2,All,Inflated,Greedy,Inflated Greedy,computation_time,0.0028762919992004754
results_classical_final.json,C202,C,C2,All,Inflated,Greedy,Inflated Greedy,num_vehicles,9.0
results_classical_final.json,C202,C,C2,All,Inflated,Greedy,Inflated Greedy,time_window_violations,0.0
results_classical_final.json,C202,C,C2,All,Inflated,Greedy,Inflated Greedy,total_demand_served,1810.0
results_classical_final.json,C202,C,C2,All,Inflated,Greedy,Inflated Greedy,total_distance,1279.0453355518753
results_classical_final.json,C202,C,C2,All,Inflated,Greedy,Inflated Greedy,total_route_duration,22412.04529324706
results_classical_final.json,C202,C,C2,All,Inflated,Greedy,Inflated Greedy,total_service_time,9000.0
results_classical_final.json,C202,C,C2,All,Inflated,Greedy,Inflated Greedy,total_waiting_time,12132.999957695183
results_classical_final.json,C202,C,C2,All,Inflated,Savings,Inflated Savings,capacity_violations,0.0
results_classical_final.json,C202,C,C2,All,Inflated,Savings,Inflated Savings,computation_time,0.002567833000284736
results_classical_final.json,C202,C,C2,All,Inflated,Savings,Inflated Savings,num_vehicles,5.0
results_classical_final.json,C202,C,C2,All,Inflated,Savings,Inflated Savings,time_window_violations,0.0
results_classical_final.json,C202,C,C2,All,Inflated,Savings,Inflated Savings,total_demand_served,1810.0
results_classical_final.json,C202,C,C2,All,Inflated,Savings,Inflated Savings,total_distance,931.7386913497879
results_classical_final.json,C202,C,C2,All,Inflated,Savings,Inflated Savings,total_route_duration,14762.92130857585
results_classical_final.json,C202,C,C2,All,Inflated,Savings,Inflated Savings,total_service_time,9000.0
results_classical_final.json,C202,C,C2,All,Inflated,Savings,Inflated Savings,total_waiting_time,4831.182617226059
results_classical_final.json,C203,C,C2,All,Uncoarsened,Greedy,Uncoarsened Greedy,capacity_violations,0.0
results_classical_final.json,C203,C,C2,All,Uncoarsened,Greedy,Uncoarsened Greedy,computation_time,0.04163629100003163
results_classical_final.json,C203,C,C2,All,Uncoarsened,Greedy,Uncoarsened Greedy,num_vehicles,12.0
results_classical_final.json,C203,C,C2,All,Uncoarsened,Greedy,Uncoarsened Greedy,time_window_violations,0.0
results_classical_final.json,C203,C,C2,All,Uncoarsened,Greedy,Uncoarsened Greedy,total_demand_served,1810.0
results_classical_final.json,C203,C,C2,All,Uncoarsened,Greedy,Uncoarsened Greedy,total_distance,1527.4944064507338
results_classical_final.json,C203,C,C2,All,Uncoarsened,Greedy,Uncoarsened Greedy,total_route_duration,31760.084128663173
results_classical_final.json,C203,C,C2,All,Uncoarsened,Greedy,Uncoarsened Greedy,total_service_time,9000.0
results_classical_final.json,C203,C,C2,All,Uncoarsened,Greedy,Uncoarsened Greedy,total_waiting_time,21232.589722212444
results_classical_final.json,C203,C,C2,All,Uncoarsened,Savings,Uncoarsened Savings,capacity_violations,0.0
results_classical_final.json,C203,C,C2,All,Uncoarsened,Savings,Uncoarsened Savings,computation_time,0.01758125000014843
results_classical_final.json,C203,C,C2,All,Uncoarsened,Savings,Uncoarsened Savings,num_vehicles,7.0
results_classical_final.json,C203,C,C2,All,Uncoarsened,Savings,Uncoarsened Savings,time_window_violations,0.0
results_classical_final.json,C203,C,C2,All,Uncoarsened,Savings,Uncoarsened Savings,total_demand_served,1810.0
results_classical_final.json,C203,C,C2,All,Uncoarsened,Savings,Uncoarsened Savings,total_distance,828.0851236811803
results_classical_final.json,C203,C,C2,All,Uncoarsened,Savings,Uncoarsened Savings,total_route_duration,19710.559327015137
results_classical_final.json,C203,C,C2,All,Uncoarsened,Savings,Uncoarsened Savings,total_service_time,9000.0
results_classical_final.json,C203,C,C2,All,Uncoarsened,Savings,Uncoarsened Savings,total_waiting_time,9882.474203333953
results_classical_final.json,C203,C,C2,All,Inflated,Greedy,Inflated Greedy,capacity_violations,0.0
results_classical_final.json,C203,C,C2,All,Inflated,Greedy,Inflated Greedy,computation_time,0.0037376250002125744
results_classical_final.json,C203,C,C2,All,Inflated,Greedy,Inflated Greedy,num_vehicles,10.0
results_classical_final.json,C203,C,C2,All,Inflated,Greedy,Inflated Greedy,time_window_violations,0.0
results_classical_final.json,C203,C,C2,All,Inflated,Greedy,Inflated Greedy,total_demand_served,1810.0
results_classical_final.json,C203,C,C2,All,Inflated,Greedy,Inflated Greedy,total_distance,1440.3128076765179
results_classical_final.json,C203,C,C2,All,Inflated,Greedy,Inflated Greedy,total_route_duration,23997.993065871284
results_classical_final.json,C203,C,C2,All,Inflated,Greedy,Inflated Greedy,total_service_time,9000.0
results_classical_final.json,C203,C,C2,All,Inflated,Greedy,Inflated Greedy,total_waiting_time,13557.680258194769
results_classical_final.json,C203,C,C2,All,Inflated,Savings,Inflated Savings,capacity_violations,0.0
results_classical_final.json,C203,C,C2,All,Inflated,Savings,Inflated Savings,computation_time,0.0028731660004268633
results_classical_final.json,C203,C,C2,All,Inflated,Savings,Inflated Savings,num_vehicles,6.0
results_classical_final.json,C203,C,C2,All,Inflated,Savings,Inflated Savings,time_window_violations,0.0
results_classical_final.json,C203,C,C2,All,Inflated,Savings,Inflated Savings,total_demand_served,1810.0
results_classical_final.json,C203,C,C2,All,Inflated,Savings,Inflated Savings,total_distance,1027.1580960637195
results_classical_final.json,C203,C,C2,All,Inflated,Savings,Inflated Savings,total_route_duration,15948.34392244015
results_classical_final.json,C203,C,C2,All,Inflated,Savings,Inflated Savings,total_service_time,9000.0
results_classical_final.json,C203,C,C2,All,Inflated,Savings,Inflated Savings,total_waiting_time,5921.185826376432
results_classical_final.json,C204,C,C2,All,Uncoarsened,Greedy,Uncoarsened Greedy,capacity_violations,0.0
results_classical_final.json,C204,C,C2,All,Uncoarsened,Greedy,Uncoarsened Greedy,computation_time,0.04223891699984961
results_classical_final.json,C204,C,C2,All,Uncoarsened,Greedy,Uncoarsened Greedy,num_vehicles,9.0
results_classical_final.json,C204,C,C2,All,Uncoarsened,Greedy,Uncoarsened Greedy,time_window_violations,0.0
results_classical_final.json,C204,C,C2,All,Uncoarsened,Greedy,Uncoarsened Greedy,total_demand_served,1810.0
results_classical_final.json,C204,C,C2,All,Uncoarsened,Greedy,Uncoarsened Greedy,total_distance,1458.1296002338445
results_classical_final.json,C204,C,C2,All,Uncoarsened,Greedy,Uncoarsened Greedy,total_route_duration,25549.744091889104
results_classical_final.json,C204,C,C2,All,Uncoarsened,Greedy,Uncoarsened Greedy,total_service_time,9000.0
results_classical_final.json,C204,C,C2,All,Uncoarsened,Greedy,Uncoarsened Greedy,total_waiting_time,15091.614491655264
results_classical_final.json,C204,C,C2,All,Uncoarsened,Savings,Uncoarsened Savings,capacity_violations,0.0
results_classical_final.json,C204,C,C2,All,Uncoarsened,Savings,Uncoarsened Savings,computation_time,0.018273666999448324
results_classical_final.json,C204,C,C2,All,Uncoarsened,Savings,Uncoarsened Savings,num_vehicles,4.0
results_classical_final.json,C204,C,C2,All,Uncoarsened,Savings,Uncoarsened Savings,time_window_violations,0.0
results_classical_final.json,C204,C,C2,All,Uncoarsened,Savings,Uncoarsened Savings,total_demand_served,1810.0
results_classical_final.json,C204,C,C2,All,Uncoarsened,Savings,Uncoarsened Savings,total_distance,712.8283360435739
results_classical_final.json,C204,C,C2,All,Uncoarsened,Savings,Uncoarsened Savings,total_route_duration,11965.575535725338
results_classical_final.json,C204,C,C2,All,Uncoarsened,Savings,Uncoarsened Savings,total_service_time,9000.0
results_classical_final.json,C204,C,C2,All,Uncoarsened,Savings,Uncoarsened Savings,total_waiting_time,2252.7471996817626
results_classical_final.json,C204,C,C2,All,Inflated,Greedy,Inflated Greedy,capacity_violations,0.0
results_classical_final.json,C204,C,C2,All,Inflated,Greedy,Inflated Greedy,computation_time,0.003596500000639935
results_classical_final.json,C204,C,C2,All,Inflated,Greedy,Inflated Greedy,num_vehicles,9.0
results_classical_final.json,C204,C,C2,All,Inflated,Greedy,Inflated Greedy,time_window_violations,0.0
results_classical_final.json,C204,C,C2,All,Inflated,Greedy,Inflated Greedy,total_demand_served,1810.0
results_classical_final.json,C204,C,C2,All,Inflated,Greedy,Inflated Greedy,total_distance,1514.051201581458
results_classical_final.json,C204,C,C2,All,Inflated,Greedy,Inflated Greedy,total_route_duration,22567.450854230436
results_classical_final.json,C204,C,C2,All,Inflated,Greedy,Inflated Greedy,total_service_time,9000.0
results_classical_final.json,C204,C,C2,All,Inflated,Greedy,Inflated Greedy,total_waiting_time,12053.39965264898
results_classical_final.json,C204,C,C2,All,Inflated,Savings,Inflated Savings,capacity_violations,0.0
results_classical_final.json,C204,C,C2,All,Inflated,Savings,Inflated Savings,computation_time,0.0027244590000918834
results_classical_final.json,C204,C,C2,All,Inflated,Savings,Inflated Savings,num_vehicles,6.0
results_classical_final.json,C204,C,C2,All,Inflated,Savings,Inflated Savings,time_window_violations,0.0
results_classical_final.json,C204,C,C2,All,Inflated,Savings,Inflated Savings,total_demand_served,1810.0
results_classical_final.json,C204,C,C2,All,Inflated,Savings,Inflated Savings,total_distance,1090.4506872678655
results_classical_final.json,C204,C,C2,All,Inflated,Savings,Inflated Savings,total_route_duration,15186.385319212759
results_classical_final.json,C204,C,C2,All,Inflated,Savings,Inflated Savings,total_service_time,9000.0
results_classical_final.json,C204,C,C2,All,Inflated,Savings,Inflated Savings,total_waiting_time,5095.934631944893
results_classical_final.json,C205,C,C2,All,Uncoarsened,Greedy,Uncoarsened Greedy,capacity_violations,0.0
results_classical_final.json,C205,C,C2,All,Uncoarsened,Greedy,Uncoarsened Greedy,computation_time,0.03436287499971513
results_classical_final.json,C205,C,C2,All,Uncoarsened,Greedy,Uncoarsened Greedy,num_vehicles,11.0
results_classical_final.json,C205,C,C2,All,Uncoarsened,Greedy,Uncoarsened Greedy,time_window_violations,0.0
results_classical_final.json,C205,C,C2,All,Uncoarsened,Greedy,Uncoarsened Greedy,total_demand_served,1810.0
results_classical_final.json,C205,C,C2,All,Uncoarsened,Greedy,Uncoarsened Greedy,total_distance,1715.0756847204418
results_classical_final.json,C205,C,C2,All,Uncoarsened,Greedy,Uncoarsened Greedy,total_route_duration,27917.142612439693
results_classical_final.json,C205,C,C2,All,Uncoarsened,Greedy,Uncoarsened Greedy,total_service_time,9000.0
results_classical_final.json,C205,C,C2,All,Uncoarsened,Greedy,Uncoarsened Greedy,total_waiting_time,17202.06692771925
results_classical_final.json,C205,C,C2,All,Uncoarsened,Savings,Uncoarsened Savings,capacity_violations,0.0
results_classical_final.json,C205,C,C2,All,Uncoarsened,Savings,Uncoarsened Savings,computation_time,0.018598208000184968
results_classical_final.json,C205,C,C2,All,Uncoarsened,Savings,Uncoarsened Savings,num_vehicles,5.0
results_classical_final.json,C205,C,C2,All,Uncoarsened,Savings,Uncoarsened Savings,time_window_violations,0.0
results_classical_final.json,C205,C,C2,All,Uncoarsened,Savings,Uncoarsened Savings,total_demand_served,1810.0
results_classical_final.json,C205,C,C2,All,Uncoarsened,Savings,Uncoarsened Savings,total_distance,729.1237331409883
results_classical_final.json,C205,C,C2,All,Uncoarsened,Savings,Uncoarsened Savings,total_route_duration,15272.606869338553
results_classical_final.json,C205,C,C2,All,Uncoarsened,Savings,Uncoarsened Savings,total_service_time,9000.0
results_classical_final.json,C205,C,C2,All,Uncoarsened,Savings,Uncoarsened Savings,total_waiting_time,5543.483136197565
results_classical_final.json,C205,C,C2,All,Inflated,Greedy,Inflated Greedy,capacity_violations,0.0
results_classical_final.json,C205,C,C2,All,Inflated,Greedy,Inflated Greedy,computation_time,0.0029242079999676207
results_classical_final.json,C205,C,C2,All,Inflated,Greedy,Inflated Greedy,num_vehicles,8.0
results_classical_final.json,C205,C,C2,All,Inflated,Greedy,Inflated Greedy,time_window_violations,0.0
results_classical_final.json,C205,C,C2,All,Inflated,Greedy,Inflated Greedy,total_demand_served,1810.0
results_classical_final.json,C205,C,C2,All,Inflated,Greedy,Inflated Greedy,total_distance,1126.8978784339256
results_classical_final.json,C205,C,C2,All,Inflated,Greedy,Inflated Greedy,total_route_duration,20181.035537380565
results_classical_final.json,C205,C,C2,All,Inflated,Greedy,Inflated Greedy,total_service_time,9000.0
results_classical_final.json,C205,C,C2,All,Inflated,Greedy,Inflated Greedy,total_waiting_time,10054.13765894664
results_classical_final.json,C205,C,C2,All,Inflated,Savings,Inflated Savings,capacity_violations,0.0
results_classical_final.json,C205,C,C2,All,Inflated,Savings,Inflated Savings,computation_time,0.0022349999999278225
results_classical_final.json,C205,C,C2,All,Inflated,Savings,Inflated Savings,num_vehicles,5.0
results_classical_final.json,C205,C,C2,All,Inflated,Savings,Inflated Savings,time_window_violations,0.0
results_classical_final.json,C205,C,C2,All,Inflated,Savings,Inflated Savings,total_demand_served,1810.0
results_classical_final.json,C205,C,C2,All,Inflated,Savings,Inflated Savings,total_distance,852.8580096652329
results_classical_final.json,C205,C,C2,All,Inflated,Savings,Inflated Savings,total_route_duration,14460.319252019799
results_classical_final.json,C205,C,C2,All,Inflated,Savings,Inflated Savings,total_service_time,9000.0
results_classical_final.json,C205,C,C2,All,Inflated,Savings,Inflated Savings,total_waiting_time,4607.461242354566
results_classical_final.json,C206,C,C2,All,Uncoarsened,Greedy,Uncoarsened Greedy,capacity_violations,0.0
results_classical_final.json,C206,C,C2,All,Uncoarsened,Greedy,Uncoarsened Greedy,computation_time,0.036948541999663576
results_classical_final.json,C206,C,C2,All,Uncoarsened,Greedy,Uncoarsened Greedy,num_vehicles,9.0
results_classical_final.json,C206,C,C2,All,Uncoarsened,Greedy,Uncoarsened Greedy,time_window_violations,0.0
results_classical_final.json,C206,C,C2,All,Uncoarsened,Greedy,Uncoarsened Greedy,total_demand_served,1810.0
results_classical_final.json,C206,C,C2,All,Uncoarsened,Greedy,Uncoarsened Greedy,total_distance,1487.7223265715868
results_classical_final.json,C206,C,C2,All,Uncoarsened,Greedy,Uncoarsened Greedy,total_route_duration,23059.08054305121
results_classical_final.json,C206,C,C2,All,Uncoarsened,Greedy,Uncoarsened Greedy,total_service_time,9000.0
results_classical_final.json,C206,C,C2,All,Uncoarsened,Greedy,Uncoarsened Greedy,total_waiting_time,12571.358216479624
results_classical_final.json,C206,C,C2,All,Uncoarsened,Savings,Uncoarsened Savings,capacity_violations,0.0
results_classical_final.json,C206,C,C2,All,Uncoarsened,Savings,Uncoarsened Savings,computation_time,0.016484499999933178
results_classical_final.json,C206,C,C2,All,Uncoarsened,Savings,Uncoarsened Savings,num_vehicles,5.0
results_classical_final.json,C206,C,C2,All,Uncoarsened,Savings,Uncoarsened Savings,time_window_violations,0.0
results_classical_final.json,C206,C,C2,All,Uncoarsened,Savings,Uncoarsened Savings,total_demand_served,1810.0
results_classical_final.json,C206,C,C2,All,Uncoarsened,Savings,Uncoarsened Savings,total_distance,727.6176859140002
results_classical_final.json,C206,C,C2,All,Uncoarsened,Savings,Uncoarsened Savings,total_route_duration,14502.766539137545
results_classical_final.json,C206,C,C2,All,Uncoarsened,Savings,Uncoarsened Savings,total_service_time,9000.0
results_classical_final.json,C206,C,C2,All,Uncoarsened,Savings,Uncoarsened Savings,total_waiting_time,4775.148853223546
results_classical_final.json,C206,C,C2,All,Inflated,Greedy,Inflated Greedy,capacity_violations,0.0
results_classical_final.json,C206,C,C2,All,Inflated,Greedy,Inflated Greedy,computation_time,0.0023970409984030994
results_classical_final.json,C206,C,C2,All,Inflated,Greedy,Inflated Greedy,num_vehicles,7.0
results_classical_final.json,C206,C,C2,All,Inflated,Greedy,Inflated Greedy,time_window_violations,0.0
results_classical_final.json,C206,C,C2,All,Inflated,Greedy,Inflated Greedy,total_demand_served,1810.0
results_classical_final.json,C206,C,C2,All,Inflated,Greedy,Inflated Greedy,total_distance,1258.397619031936
results_classical_final.json,C206,C,C2,All,Inflated,Greedy,Inflated Greedy,total_route_duration,18433.810627730873
results_classical_final.json,C206,C,C2,All,Inflated,Greedy,Inflated Greedy,total_service_time,9000.0
results_classical_final.json,C206,C,C2,All,Inflated,Greedy,Inflated Greedy,total_waiting_time,8175.41300869894
results_classical_final.json,C206,C,C2,All,Inflated,Savings,Inflated Savings,capacity_violations,0.0
results_classical_final.json,C206,C,C2,All,Inflated,Savings,Inflated Savings,computation_time,0.002122625000993139
results_classical_final.json,C206,C,C2,All,Inflated,Savings,Inflated Savings,num_vehicles,5.0
results_classical_final.json,C206,C,C2,All,Inflated,Savings,Inflated Savings,time_window_violations,0.0
results_classical_final.json,C206,C,C2,All,Inflated,Savings,Inflated Savings,total_demand_served,1810.0
results_classical_final.json,C206,C,C2,All,Inflated,Savings,Inflated Savings,total_distance,938.6138195711711
results_classical_final.json,C206,C,C2,All,Inflated,Savings,Inflated Savings,total_route_duration,14398.40628130897
results_classical_final.json,C206,C,C2,All,Inflated,Savings,Inflated Savings,total_service_time,9000.0
results_classical_final.json,C206,C,C2,All,Inflated,Savings,Inflated Savings,total_waiting_time,4459.7924617377985
results_classical_final.json,C207,C,C2,All,Uncoarsened,Greedy,Uncoarsened Greedy,capacity_violations,0.0
results_classical_final.json,C207,C,C2,All,Uncoarsened,Greedy,Uncoarsened Greedy,computation_time,0.038597582999500446
results_classical_final.json,C207,C,C2,All,Uncoarsened,Greedy,Uncoarsened Greedy,num_vehicles,8.0
results_classical_final.json,C207,C,C2,All,Uncoarsened,Greedy,Uncoarsened Greedy,time_window_violations,0.0
results_classical_final.json,C207,C,C2,All,Uncoarsened,Greedy,Uncoarsened Greedy,total_demand_served,1810.0
results_classical_final.json,C207,C,C2,All,Uncoarsened,Greedy,Uncoarsened Greedy,total_distance,1335.7304719721387
results_classical_final.json,C207,C,C2,All,Uncoarsened,Greedy,Uncoarsened Greedy,total_route_duration,19068.94590576409
results_classical_final.json,C207,C,C2,All,Uncoarsened,Greedy,Uncoarsened Greedy,total_service_time,9000.0
results_classical_final.json,C207,C,C2,All,Uncoarsened,Greedy,Uncoarsened Greedy,total_waiting_time,8733.215433791955
results_classical_final.json,C207,C,C2,All,Uncoarsened,Savings,Uncoarsened Savings,capacity_violations,0.0
results_classical_final.json,C207,C,C2,All,Uncoarsened,Savings,Uncoarsened Savings,computation_time,0.017133499999545165
results_classical_final.json,C207,C,C2,All,Uncoarsened,Savings,Uncoarsened Savings,num_vehicles,5.0
results_classical_final.json,C207,C,C2,All,Uncoarsened,Savings,Uncoarsened Savings,time_window_violations,0.0
results_classical_final.json,C207,C,C2,All,Uncoarsened,Savings,Uncoarsened Savings,total_demand_served,1810.0
results_classical_final.json,C207,C,C2,All,Uncoarsened,Savings,Uncoarsened Savings,total_distance,745.1124379308527
results_classical_final.json,C207,C,C2,All,Uncoarsened,Savings,Uncoarsened Savings,total_route_duration,14643.299027679303
results_classical_final.json,C207,C,C2,All,Uncoarsened,Savings,Uncoarsened Savings,total_service_time,9000.0
results_classical_final.json,C207,C,C2,All,Uncoarsened,Savings,Uncoarsened Savings,total_waiting_time,4898.186589748449
results_classical_final.json,C207,C,C2,All,Inflated,Greedy,Inflated Greedy,capacity_violations,0.0
results_classical_final.json,C207,C,C2,All,Inflated,Greedy,Inflated Greedy,computation_time,0.003560541999831912
results_classical_final.json,C207,C,C2,All,Inflated,Greedy,Inflated Greedy,num_vehicles,7.0
results_classical_final.json,C207,C,C2,All,Inflated,Greedy,Inflated Greedy,time_window_violations,0.0
results_classical_final.json,C207,C,C2,All,Inflated,Greedy,Inflated Greedy,total_demand_served,1810.0
results_classical_final.json,C207,C,C2,All,Inflated,Greedy,Inflated Greedy,total_distance,1185.663382154751
results_classical_final.json,C207,C,C2,All,Inflated,Greedy,Inflated Greedy,total_route_duration,18853.82850181686
results_classical_final.json,C207,C,C2,All,Inflated,Greedy,Inflated Greedy,total_service_time,9000.0
results_classical_final.json,C207,C,C2,All,Inflated,Greedy,Inflated Greedy,total_waiting_time,8668.165119662111
results_classical_final.json,C207,C,C2,All,Inflated,Savings,Inflated Savings,capacity_violations,0.0
results_classical_final.json,C207,C,C2,All,Inflated,Savings,Inflated Savings,computation_time,0.002815750000081607
results_classical_final.json,C207,C,C2,All,Inflated,Savings,Inflated Savings,num_vehicles,4.0
results_classical_final.json,C207,C,C2,All,Inflated,Savings,Inflated Savings,time_window_violations,0.0
results_classical_final.json,C207,C,C2,All,Inflated,Savings,Inflated Savings,total_demand_served,1810.0
results_classical_final.json,C207,C,C2,All,Inflated,Savings,Inflated Savings,total_distance,817.0103153400788
results_classical_final.json,C207,C,C2,All,Inflated,Savings,Inflated Savings,total_route_duration,12123.041590506891
results_classical_final.json,C207,C,C2,All,Inflated,Savings,Inflated Savings,total_service_time,9000.0
results_classical_final.json,C207,C,C2,All,Inflated,Savings,Inflated Savings,total_waiting_time,2306.031275166813
results_classical_final.json,C208,C,C2,All,Uncoarsened,Greedy,Uncoarsened Greedy,capacity_violations,0.0
results_classical_final.json,C208,C,C2,All,Uncoarsened,Greedy,Uncoarsened Greedy,computation_time,0.04075341699899582
results_classical_final.json,C208,C,C2,All,Uncoarsened,Greedy,Uncoarsened Greedy,num_vehicles,7.0
results_classical_final.json,C208,C,C2,All,Uncoarsened,Greedy,Uncoarsened Greedy,time_window_violations,0.0
results_classical_final.json,C208,C,C2,All,Uncoarsened,Greedy,Uncoarsened Greedy,total_demand_served,1810.0
results_classical_final.json,C208,C,C2,All,Uncoarsened,Greedy,Uncoarsened Greedy,total_distance,1282.1663463056693
results_classical_final.json,C208,C,C2,All,Uncoarsened,Greedy,Uncoarsened Greedy,total_route_duration,17943.832269422266
results_classical_final.json,C208,C,C2,All,Uncoarsened,Greedy,Uncoarsened Greedy,total_service_time,9000.0
results_classical_final.json,C208,C,C2,All,Uncoarsened,Greedy,Uncoarsened Greedy,total_waiting_time,7661.665923116598
results_classical_final.json,C208,C,C2,All,Uncoarsened,Savings,Uncoarsened Savings,capacity_violations,0.0
results_classical_final.json,C208,C,C2,All,Uncoarsened,Savings,Uncoarsened Savings,computation_time,0.016271791000690428
results_classical_final.json,C208,C,C2,All,Uncoarsened,Savings,Uncoarsened Savings,num_vehicles,5.0
results_classical_final.json,C208,C,C2,All,Uncoarsened,Savings,Uncoarsened Savings,time_window_violations,0.0
results_classical_final.json,C208,C,C2,All,Uncoarsened,Savings,Uncoarsened Savings,total_demand_served,1810.0
results_classical_final.json,C208,C,C2,All,Uncoarsened,Savings,Uncoarsened Savings,total_distance,711.5471860411932
results_classical_final.json,C208,C,C2,All,Uncoarsened,Savings,Uncoarsened Savings,total_route_duration,14418.013326468445
results_classical_final.json,C208,C,C2,All,Uncoarsened,Savings,Uncoarsened Savings,total_service_time,9000.0
results_classical_final.json,C208,C,C2,All,Uncoarsened,Savings,Uncoarsened Savings,total_waiting_time,4706.466140427251
results_classical_final.json,C208,C,C2,All,Inflated,Greedy,Inflated Greedy,capacity_violations,0.0
results_classical_final.json,C208,C,C2,All,Inflated,Greedy,Inflated Greedy,computation_time,0.0034216250005556503
results_classical_final.json,C208,C,C2,All,Inflated,Greedy,Inflated Greedy,num_vehicles,8.0
results_classical_final.json,C208,C,C2,All,Inflated,Greedy,Inflated Greedy,time_window_violations,0.0
results_classical_final.json,C208,C,C2,All,Inflated,Greedy,Inflated Greedy,total_demand_served,1810.0
results_classical_final.json,C208,C,C2,All,Inflated,Greedy,Inflated Greedy,total_distance,1297.4619872257035
results_classical_final.json,C208,C,C2,All,Inflated,Greedy,Inflated Greedy,total_route_duration,19363.715691959034
results_classical_final.json,C208,C,C2,All,Inflated,Greedy,Inflated Greedy,total_service_time,9000.0
results_classical_final.json,C208,C,C2,All,Inflated,Greedy,Inflated Greedy,total_waiting_time,9066.25370473333
results_classical_final.json,C208,C,C2,All,Inflated,Savings,Inflated Savings,capacity_violations,0.0
results_classical_final.json,C208,C,C2,All,Inflated,Savings,Inflated Savings,computation_time,0.002494416999979876
results_classical_final.json,C208,C,C2,All,Inflated,Savings,Inflated Savings,num_vehicles,4.0
results_classical_final.json,C208,C,C2,All,Inflated,Savings,Inflated Savings,time_window_violations,0.0
results_classical_final.json,C208,C,C2,All,Inflated,Savings,Inflated Savings,total_demand_served,1810.0
results_classical_final.json,C208,C,C2,All,Inflated,Savings,Inflated Savings,total_distance,893.273896907953
results_classical_final.json,C208,C,C2,All,Inflated,Savings,Inflated Savings,total_route_duration,12058.430129020202
results_classical_final.json,C208,C,C2,All,Inflated,Savings,Inflated Savings,total_service_time,9000.0
results_classical_final.json,C208,C,C2,All,Inflated,Savings,Inflated Savings,total_waiting_time,2165.15623211225
results_classical_final.json,R101,R,R1,All,Uncoarsened,Greedy,Uncoarsened Greedy,capacity_violations,0.0
results_classical_final.json,R101,R,R1,All,Uncoarsened,Greedy,Uncoarsened Greedy,computation_time,0.022555040999577614
results_classical_final.json,R101,R,R1,All,Uncoarsened,Greedy,Uncoarsened Greedy,num_vehicles,38.0
results_classical_final.json,R101,R,R1,All,Uncoarsened,Greedy,Uncoarsened Greedy,time_window_violations,0.0
results_classical_final.json,R101,R,R1,All,Uncoarsened,Greedy,Uncoarsened Greedy,total_demand_served,1458.0
results_classical_final.json,R101,R,R1,All,Uncoarsened,Greedy,Uncoarsened Greedy,total_distance,2686.6579127970776
results_classical_final.json,R101,R,R1,All,Uncoarsened,Greedy,Uncoarsened Greedy,total_route_duration,6387.4525735743055
results_classical_final.json,R101,R,R1,All,Uncoarsened,Greedy,Uncoarsened Greedy,total_service_time,1000.0
results_classical_final.json,R101,R,R1,All,Uncoarsened,Greedy,Uncoarsened Greedy,total_waiting_time,2700.794660777228
results_classical_final.json,R101,R,R1,All,Uncoarsened,Savings,Uncoarsened Savings,capacity_violations,0.0
results_classical_final.json,R101,R,R1,All,Uncoarsened,Savings,Uncoarsened Savings,computation_time,0.05145624999931897
results_classical_final.json,R101,R,R1,All,Uncoarsened,Savings,Uncoarsened Savings,num_vehicles,38.0
results_classical_final.json,R101,R,R1,All,Uncoarsened,Savings,Uncoarsened Savings,time_window_violations,0.0
results_classical_final.json,R101,R,R1,All,Uncoarsened,Savings,Uncoarsened Savings,total_demand_served,1458.0
results_classical_final.json,R101,R,R1,All,Uncoarsened,Savings,Uncoarsened Savings,total_distance,2319.8683573937997
results_classical_final.json,R101,R,R1,All,Uncoarsened,Savings,Uncoarsened Savings,total_route_duration,6558.724325420538
results_classical_final.json,R101,R,R1,All,Uncoarsened,Savings,Uncoarsened Savings,total_service_time,1000.0
results_classical_final.json,R101,R,R1,All,Uncoarsened,Savings,Uncoarsened Savings,total_waiting_time,3238.8559680267385
results_classical_final.json,R101,R,R1,All,Inflated,Greedy,Inflated Greedy,capacity_violations,0.0
results_classical_final.json,R101,R,R1,All,Inflated,Greedy,Inflated Greedy,computation_time,0.01104608300011023
results_classical_final.json,R101,R,R1,All,Inflated,Greedy,Inflated Greedy,num_vehicles,32.0
results_classical_final.json,R101,R,R1,All,Inflated,Greedy,Inflated Greedy,time_window_violations,0.0
results_classical_final.json,R101,R,R1,All,Inflated,Greedy,Inflated Greedy,total_demand_served,1458.0
results_classical_final.json,R101,R,R1,All,Inflated,Greedy,Inflated Greedy,total_distance,2408.745606194325
results_classical_final.json,R101,R,R1,All,Inflated,Greedy,Inflated Greedy,total_route_duration,5503.623737163184
results_classical_final.json,R101,R,R1,All,Inflated,Greedy,Inflated Greedy,total_service_time,1000.0
results_classical_final.json,R101,R,R1,All,Inflated,Greedy,Inflated Greedy,total_waiting_time,2094.8781309688598
results_classical_final.json,R101,R,R1,All,Inflated,Savings,Inflated Savings,capacity_violations,0.0
results_classical_final.json,R101,R,R1,All,Inflated,Savings,Inflated Savings,computation_time,0.015900458000032813
results_classical_final.json,R101,R,R1,All,Inflated,Savings,Inflated Savings,num_vehicles,29.0
results_classical_final.json,R101,R,R1,All,Inflated,Savings,Inflated Savings,time_window_violations,3.0
results_classical_final.json,R101,R,R1,All,Inflated,Savings,Inflated Savings,total_demand_served,1458.0
results_classical_final.json,R101,R,R1,All,Inflated,Savings,Inflated Savings,total_distance,2203.7328529851825
results_classical_final.json,R101,R,R1,All,Inflated,Savings,Inflated Savings,total_route_duration,5013.572845439483
results_classical_final.json,R101,R,R1,All,Inflated,Savings,Inflated Savings,total_service_time,1000.0
results_classical_final.json,R101,R,R1,All,Inflated,Savings,Inflated Savings,total_waiting_time,1809.8399924543012
results_classical_final.json,R102,R,R1,All,Uncoarsened,Greedy,Uncoarsened Greedy,capacity_violations,0.0
results_classical_final.json,R102,R,R1,All,Uncoarsened,Greedy,Uncoarsened Greedy,computation_time,0.02319362500020361
results_classical_final.json,R102,R,R1,All,Uncoarsened,Greedy,Uncoarsened Greedy,num_vehicles,34.0
results_classical_final.json,R102,R,R1,All,Uncoarsened,Greedy,Uncoarsened Greedy,time_window_violations,0.0
results_classical_final.json,R102,R,R1,All,Uncoarsened,Greedy,Uncoarsened Greedy,total_demand_served,1458.0
results_classical_final.json,R102,R,R1,All,Uncoarsened,Greedy,Uncoarsened Greedy,total_distance,2519.8937532035316
results_classical_final.json,R102,R,R1,All,Uncoarsened,Greedy,Uncoarsened Greedy,total_route_duration,5993.323776492038
results_classical_final.json,R102,R,R1,All,Uncoarsened,Greedy,Uncoarsened Greedy,total_service_time,1000.0
results_classical_final.json,R102,R,R1,All,Uncoarsened,Greedy,Uncoarsened Greedy,total_waiting_time,2473.430023288505
results_classical_final.json,R102,R,R1,All,Uncoarsened,Savings,Uncoarsened Savings,capacity_violations,0.0
results_classical_final.json,R102,R,R1,All,Uncoarsened,Savings,Uncoarsened Savings,computation_time,0.04202308399908361
results_classical_final.json,R102,R,R1,All,Uncoarsened,Savings,Uncoarsened Savings,num_vehicles,31.0
results_classical_final.json,R102,R,R1,All,Uncoarsened,Savings,Uncoarsened Savings,time_window_violations,0.0
results_classical_final.json,R102,R,R1,All,Uncoarsened,Savings,Uncoarsened Savings,total_demand_served,1458.0
results_classical_final.json,R102,R,R1,All,Uncoarsened,Savings,Uncoarsened Savings,total_distance,1991.2043912099005
results_classical_final.json,R102,R,R1,All,Uncoarsened,Savings,Uncoarsened Savings,total_route_duration,5424.9663243730565
results_classical_final.json,R102,R,R1,All,Uncoarsened,Savings,Uncoarsened Savings,total_service_time,1000.0
results_classical_final.json,R102,R,R1,All,Uncoarsened,Savings,Uncoarsened Savings,total_waiting_time,2433.7619331631563
results_classical_final.json,R102,R,R1,All,Inflated,Greedy,Inflated Greedy,capacity_violations,0.0
results_classical_final.json,R102,R,R1,All,Inflated,Greedy,Inflated Greedy,computation_time,0.01116520800133003
results_classical_final.json,R102,R,R1,All,Inflated,Greedy,Inflated Greedy,num_vehicles,30.0
results_classical_final.json,R102,R,R1,All,Inflated,Greedy,Inflated Greedy,time_window_violations,3.0
results_classical_final.json,R102,R,R1,All,Inflated,Greedy,Inflated Greedy,total_demand_served,1458.0
results_classical_final.json,R102,R,R1,All,Inflated,Greedy,Inflated Greedy,total_distance,2385.506517452016
results_classical_final.json,R102,R,R1,All,Inflated,Greedy,Inflated Greedy,total_route_duration,5278.821278091895
results_classical_final.json,R102,R,R1,All,Inflated,Greedy,Inflated Greedy,total_service_time,1000.0
results_classical_final.json,R102,R,R1,All,Inflated,Greedy,Inflated Greedy,total_waiting_time,1893.3147606398784
results_classical_final.json,R102,R,R1,All,Inflated,Savings,Inflated Savings,capacity_violations,0.0
results_classical_final.json,R102,R,R1,All,Inflated,Savings,Inflated Savings,computation_time,0.01606533400081389
results_classical_final.json,R102,R,R1,All,Inflated,Savings,Inflated Savings,num_vehicles,31.0
results_classical_final.json,R102,R,R1,All,Inflated,Savings,Inflated Savings,time_window_violations,0.0
results_classical_final.json,R102,R,R1,All,Inflated,Savings,Inflated Savings,total_demand_served,1458.0
results_classical_final.json,R102,R,R1,All,Inflated,Savings,Inflated Savings,total_distance,2081.862733268299
results_classical_final.json,R102,R,R1,All,Inflated,Savings,Inflated Savings,total_route_duration,5229.217856421164
results_classical_final.json,R102,R,R1,All,Inflated,Savings,Inflated Savings,total_service_time,1000.0
results_classical_final.json,R102,R,R1,All,Inflated,Savings,Inflated Savings,total_waiting_time,2147.355123152866
results_classical_final.json,R103,R,R1,All,Uncoarsened,Greedy,Uncoarsened Greedy,capacity_violations,0.0
results_classical_final.json,R103,R,R1,All,Uncoarsened,Greedy,Uncoarsened Greedy,computation_time,0.025199542000336805
results_classical_final.json,R103,R,R1,All,Uncoarsened,Greedy,Uncoarsened Greedy,num_vehicles,26.0
results_classical_final.json,R103,R,R1,All,Uncoarsened,Greedy,Uncoarsened Greedy,time_window_violations,0.0
results_classical_final.json,R103,R,R1,All,Uncoarsened,Greedy,Uncoarsened Greedy,total_demand_served,1458.0
results_classical_final.json,R103,R,R1,All,Uncoarsened,Greedy,Uncoarsened Greedy,total_distance,2024.3200430680438
results_classical_final.json,R103,R,R1,All,Uncoarsened,Greedy,Uncoarsened Greedy,total_route_duration,4971.87989348158
results_classical_final.json,R103,R,R1,All,Uncoarsened,Greedy,Uncoarsened Greedy,total_service_time,1000.0
results_classical_final.json,R103,R,R1,All,Uncoarsened,Greedy,Uncoarsened Greedy,total_waiting_time,1947.559850413538
results_classical_final.json,R103,R,R1,All,Uncoarsened,Savings,Uncoarsened Savings,capacity_violations,0.0
results_classical_final.json,R103,R,R1,All,Uncoarsened,Savings,Uncoarsened Savings,computation_time,0.03752491700106475
results_classical_final.json,R103,R,R1,All,Uncoarsened,Savings,Uncoarsened Savings,num_vehicles,27.0
results_classical_final.json,R103,R,R1,All,Uncoarsened,Savings,Uncoarsened Savings,time_window_violations,0.0
results_classical_final.json,R103,R,R1,All,Uncoarsened,Savings,Uncoarsened Savings,total_demand_served,1458.0
results_classical_final.json,R103,R,R1,All,Uncoarsened,Savings,Uncoarsened Savings,total_distance,1767.3689500800383
results_classical_final.json,R103,R,R1,All,Uncoarsened,Savings,Uncoarsened Savings,total_route_duration,4777.627590054682
results_classical_final.json,R103,R,R1,All,Uncoarsened,Savings,Uncoarsened Savings,total_service_time,1000.0
results_classical_final.json,R103,R,R1,All,Uncoarsened,Savings,Uncoarsened Savings,total_waiting_time,2010.258639974644
results_classical_final.json,R103,R,R1,All,Inflated,Greedy,Inflated Greedy,capacity_violations,0.0
results_classical_final.json,R103,R,R1,All,Inflated,Greedy,Inflated Greedy,computation_time,0.010113250000358676
results_classical_final.json,R103,R,R1,All,Inflated,Greedy,Inflated Greedy,num_vehicles,26.0
results_classical_final.json,R103,R,R1,All,Inflated,Greedy,Inflated Greedy,time_window_violations,3.0
results_classical_final.json,R103,R,R1,All,Inflated,Greedy,Inflated Greedy,total_demand_served,1458.0
results_classical_final.json,R103,R,R1,All,Inflated,Greedy,Inflated Greedy,total_distance,2107.4322378792012
results_classical_final.json,R103,R,R1,All,Inflated,Greedy,Inflated Greedy,total_route_duration,4701.85776300855
results_classical_final.json,R103,R,R1,All,Inflated,Greedy,Inflated Greedy,total_service_time,1000.0
results_classical_final.json,R103,R,R1,All,Inflated,Greedy,Inflated Greedy,total_waiting_time,1594.4255251293487
results_classical_final.json,R103,R,R1,All,Inflated,Savings,Inflated Savings,capacity_violations,0.0
results_classical_final.json,R103,R,R1,All,Inflated,Savings,Inflated Savings,computation_time,0.015103874999113032
results_classical_final.json,R103,R,R1,All,Inflated,Savings,Inflated Savings,num_vehicles,28.0
results_classical_final.json,R103,R,R1,All,Inflated,Savings,Inflated Savings,time_window_violations,1.0
results_classical_final.json,R103,R,R1,All,Inflated,Savings,Inflated Savings,total_demand_served,1458.0
results_classical_final.json,R103,R,R1,All,Inflated,Savings,Inflated Savings,total_distance,1931.7526601657562
results_classical_final.json,R103,R,R1,All,Inflated,Savings,Inflated Savings,total_route_duration,4802.575922612984
results_classical_final.json,R103,R,R1,All,Inflated,Savings,Inflated Savings,total_service_time,1000.0
results_classical_final.json,R103,R,R1,All,Inflated,Savings,Inflated Savings,total_waiting_time,1870.823262447229
results_classical_final.json,R104,R,R1,All,Uncoarsened,Greedy,Uncoarsened Greedy,capacity_violations,0.0
results_classical_final.json,R104,R,R1,All,Uncoarsened,Greedy,Uncoarsened Greedy,computation_time,0.026890375000220956
results_classical_final.json,R104,R,R1,All,Uncoarsened,Greedy,Uncoarsened Greedy,num_vehicles,19.0
results_classical_final.json,R104,R,R1,All,Uncoarsened,Greedy,Uncoarsened Greedy,time_window_violations,0.0
results_classical_final.json,R104,R,R1,All,Uncoarsened,Greedy,Uncoarsened Greedy,total_demand_served,1458.0
results_classical_final.json,R104,R,R1,All,Uncoarsened,Greedy,Uncoarsened Greedy,total_distance,1564.847611029431
results_classical_final.json,R104,R,R1,All,Uncoarsened,Greedy,Uncoarsened Greedy,total_route_duration,3679.303270964138
results_classical_final.json,R104,R,R1,All,Uncoarsened,Greedy,Uncoarsened Greedy,total_service_time,1000.0
results_classical_final.json,R104,R,R1,All,Uncoarsened,Greedy,Uncoarsened Greedy,total_waiting_time,1114.4556599347084
results_classical_final.json,R104,R,R1,All,Uncoarsened,Savings,Uncoarsened Savings,capacity_violations,0.0
results_classical_final.json,R104,R,R1,All,Uncoarsened,Savings,Uncoarsened Savings,computation_time,0.026365667001300608
results_classical_final.json,R104,R,R1,All,Uncoarsened,Savings,Uncoarsened Savings,num_vehicles,17.0
results_classical_final.json,R104,R,R1,All,Uncoarsened,Savings,Uncoarsened Savings,time_window_violations,0.0
results_classical_final.json,R104,R,R1,All,Uncoarsened,Savings,Uncoarsened Savings,total_demand_served,1458.0
results_classical_final.json,R104,R,R1,All,Uncoarsened,Savings,Uncoarsened Savings,total_distance,1241.7841881004376
results_classical_final.json,R104,R,R1,All,Uncoarsened,Savings,Uncoarsened Savings,total_route_duration,3114.900097223667
results_classical_final.json,R104,R,R1,All,Uncoarsened,Savings,Uncoarsened Savings,total_service_time,1000.0
results_classical_final.json,R104,R,R1,All,Uncoarsened,Savings,Uncoarsened Savings,total_waiting_time,873.1159091232297
results_classical_final.json,R104,R,R1,All,Inflated,Greedy,Inflated Greedy,capacity_violations,0.0
results_classical_final.json,R104,R,R1,All,Inflated,Greedy,Inflated Greedy,computation_time,0.009064833000593353
results_classical_final.json,R104,R,R1,All,Inflated,Greedy,Inflated Greedy,num_vehicles,21.0
results_classical_final.json,R104,R,R1,All,Inflated,Greedy,Inflated Greedy,time_window_violations,1.0
results_classical_final.json,R104,R,R1,All,Inflated,Greedy,Inflated Greedy,total_demand_served,1458.0
results_classical_final.json,R104,R,R1,All,Inflated,Greedy,Inflated Greedy,total_distance,1733.109079831796
results_classical_final.json,R104,R,R1,All,Inflated,Greedy,Inflated Greedy,total_route_duration,4025.391024073951
results_classical_final.json,R104,R,R1,All,Inflated,Greedy,Inflated Greedy,total_service_time,1000.0
results_classical_final.json,R104,R,R1,All,Inflated,Greedy,Inflated Greedy,total_waiting_time,1292.2819442421564
results_classical_final.json,R104,R,R1,All,Inflated,Savings,Inflated Savings,capacity_violations,0.0
results_classical_final.json,R104,R,R1,All,Inflated,Savings,Inflated Savings,computation_time,0.010423333000289858
results_classical_final.json,R104,R,R1,All,Inflated,Savings,Inflated Savings,num_vehicles,20.0
results_classical_final.json,R104,R,R1,All,Inflated,Savings,Inflated Savings,time_window_violations,0.0
results_classical_final.json,R104,R,R1,All,Inflated,Savings,Inflated Savings,total_demand_served,1458.0
results_classical_final.json,R104,R,R1,All,Inflated,Savings,Inflated Savings,total_distance,1599.129046325068
results_classical_final.json,R104,R,R1,All,Inflated,Savings,Inflated Savings,total_route_duration,3545.0135111681047
results_classical_final.json,R104,R,R1,All,Inflated,Savings,Inflated Savings,total_service_time,1000.0
results_classical_final.json,R104,R,R1,All,Inflated,Savings,Inflated Savings,total_waiting_time,945.8844648430364
results_classical_final.json,R105,R,R1,All,Uncoarsened,Greedy,Uncoarsened Greedy,capacity_violations,0.0
results_classical_final.json,R105,R,R1,All,Uncoarsened,Greedy,Uncoarsened Greedy,computation_time,0.02316995899855101
results_classical_final.json,R105,R,R1,All,Uncoarsened,Greedy,Uncoarsened Greedy,num_vehicles,27.0
results_classical_final.json,R105,R,R1,All,Uncoarsened,Greedy,Uncoarsened Greedy,time_window_violations,0.0
results_classical_final.json,R105,R,R1,All,Uncoarsened,Greedy,Uncoarsened Greedy,total_demand_served,1458.0
results_classical_final.json,R105,R,R1,All,Uncoarsened,Greedy,Uncoarsened Greedy,total_distance,2224.630151909756
results_classical_final.json,R105,R,R1,All,Uncoarsened,Greedy,Uncoarsened Greedy,total_route_duration,4685.485932573672
results_classical_final.json,R105,R,R1,All,Uncoarsened,Greedy,Uncoarsened Greedy,total_service_time,1000.0
results_classical_final.json,R105,R,R1,All,Uncoarsened,Greedy,Uncoarsened Greedy,total_waiting_time,1460.8557806639155
results_classical_final.json,R105,R,R1,All,Uncoarsened,Savings,Uncoarsened Savings,capacity_violations,0.0
results_classical_final.json,R105,R,R1,All,Uncoarsened,Savings,Uncoarsened Savings,computation_time,0.03677616700042563
results_classical_final.json,R105,R,R1,All,Uncoarsened,Savings,Uncoarsened Savings,num_vehicles,23.0
results_classical_final.json,R105,R,R1,All,Uncoarsened,Savings,Uncoarsened Savings,time_window_violations,0.0
results_classical_final.json,R105,R,R1,All,Uncoarsened,Savings,Uncoarsened Savings,total_demand_served,1458.0
results_classical_final.json,R105,R,R1,All,Uncoarsened,Savings,Uncoarsened Savings,total_distance,1666.7763852945566
results_classical_final.json,R105,R,R1,All,Uncoarsened,Savings,Uncoarsened Savings,total_route_duration,3988.3812747807
results_classical_final.json,R105,R,R1,All,Uncoarsened,Savings,Uncoarsened Savings,total_service_time,1000.0
results_classical_final.json,R105,R,R1,All,Uncoarsened,Savings,Uncoarsened Savings,total_waiting_time,1321.6048894861437
results_classical_final.json,R105,R,R1,All,Inflated,Greedy,Inflated Greedy,capacity_violations,0.0
results_classical_final.json,R105,R,R1,All,Inflated,Greedy,Inflated Greedy,computation_time,0.009047499999724096
results_classical_final.json,R105,R,R1,All,Inflated,Greedy,Inflated Greedy,num_vehicles,28.0
results_classical_final.json,R105,R,R1,All,Inflated,Greedy,Inflated Greedy,time_window_violations,0.0
results_classical_final.json,R105,R,R1,All,Inflated,Greedy,Inflated Greedy,total_demand_served,1458.0
results_classical_final.json,R105,R,R1,All,Inflated,Greedy,Inflated Greedy,total_distance,2244.0246652095757
results_classical_final.json,R105,R,R1,All,Inflated,Greedy,Inflated Greedy,total_route_duration,4727.407553001818
results_classical_final.json,R105,R,R1,All,Inflated,Greedy,Inflated Greedy,total_service_time,1000.0
results_classical_final.json,R105,R,R1,All,Inflated,Greedy,Inflated Greedy,total_waiting_time,1483.382887792244
results_classical_final.json,R105,R,R1,All,Inflated,Savings,Inflated Savings,capacity_violations,0.0
results_classical_final.json,R105,R,R1,All,Inflated,Savings,Inflated Savings,computation_time,0.012117542000851245
results_classical_final.json,R105,R,R1,All,Inflated,Savings,Inflated Savings,num_vehicles,21.0
results_classical_final.json,R105,R,R1,All,Inflated,Savings,Inflated Savings,time_window_violations,2.0
results_classical_final.json,R105,R,R1,All,Inflated,Savings,Inflated Savings,total_demand_served,1458.0
results_classical_final.json,R105,R,R1,All,Inflated,Savings,Inflated Savings,total_distance,1785.2254165109962
results_classical_final.json,R105,R,R1,All,Inflated,Savings,Inflated Savings,total_route_duration,3756.763178940239
results_classical_final.json,R105,R,R1,All,Inflated,Savings,Inflated Savings,total_service_time,1000.0
results_classical_final.json,R105,R,R1,All,Inflated,Savings,Inflated Savings,total_waiting_time,971.5377624292435
results_classical_final.json,R106,R,R1,All,Uncoarsened,Greedy,Uncoarsened Greedy,capacity_violations,0.0
results_classical_final.json,R106,R,R1,All,Uncoarsened,Greedy,Uncoarsened Greedy,computation_time,0.02359608299957472
results_classical_final.json,R106,R,R1,All,Uncoarsened,Greedy,Uncoarsened Greedy,num_vehicles,27.0
results_classical_final.json,R106,R,R1,All,Uncoarsened,Greedy,Uncoarsened Greedy,time_window_violations,0.0
results_classical_final.json,R106,R,R1,All,Uncoarsened,Greedy,Uncoarsened Greedy,total_demand_served,1458.0
results_classical_final.json,R106,R,R1,All,Uncoarsened,Greedy,Uncoarsened Greedy,total_distance,2124.5037673492543
results_classical_final.json,R106,R,R1,All,Uncoarsened,Greedy,Uncoarsened Greedy,total_route_duration,4809.432898733658
results_classical_final.json,R106,R,R1,All,Uncoarsened,Greedy,Uncoarsened Greedy,total_service_time,1000.0
results_classical_final.json,R106,R,R1,All,Uncoarsened,Greedy,Uncoarsened Greedy,total_waiting_time,1684.9291313844033
results_classical_final.json,R106,R,R1,All,Uncoarsened,Savings,Uncoarsened Savings,capacity_violations,0.0
results_classical_final.json,R106,R,R1,All,Uncoarsened,Savings,Uncoarsened Savings,computation_time,0.032630500001687324
results_classical_final.json,R106,R,R1,All,Uncoarsened,Savings,Uncoarsened Savings,num_vehicles,20.0
results_classical_final.json,R106,R,R1,All,Uncoarsened,Savings,Uncoarsened Savings,time_window_violations,0.0
results_classical_final.json,R106,R,R1,All,Uncoarsened,Savings,Uncoarsened Savings,total_demand_served,1458.0
results_classical_final.json,R106,R,R1,All,Uncoarsened,Savings,Uncoarsened Savings,total_distance,1511.2676074766266
results_classical_final.json,R106,R,R1,All,Uncoarsened,Savings,Uncoarsened Savings,total_route_duration,3593.551232557759
results_classical_final.json,R106,R,R1,All,Uncoarsened,Savings,Uncoarsened Savings,total_service_time,1000.0
results_classical_final.json,R106,R,R1,All,Uncoarsened,Savings,Uncoarsened Savings,total_waiting_time,1082.2836250811324
results_classical_final.json,R106,R,R1,All,Inflated,Greedy,Inflated Greedy,capacity_violations,0.0
results_classical_final.json,R106,R,R1,All,Inflated,Greedy,Inflated Greedy,computation_time,0.009455792000153451
results_classical_final.json,R106,R,R1,All,Inflated,Greedy,Inflated Greedy,num_vehicles,25.0
results_classical_final.json,R106,R,R1,All,Inflated,Greedy,Inflated Greedy,time_window_violations,0.0
results_classical_final.json,R106,R,R1,All,Inflated,Greedy,Inflated Greedy,total_demand_served,1458.0
results_classical_final.json,R106,R,R1,All,Inflated,Greedy,Inflated Greedy,total_distance,2074.6198667698523
results_classical_final.json,R106,R,R1,All,Inflated,Greedy,Inflated Greedy,total_route_duration,4305.44482192676
results_classical_final.json,R106,R,R1,All,Inflated,Greedy,Inflated Greedy,total_service_time,1000.0
results_classical_final.json,R106,R,R1,All,Inflated,Greedy,Inflated Greedy,total_waiting_time,1230.8249551569088
results_classical_final.json,R106,R,R1,All,Inflated,Savings,Inflated Savings,capacity_violations,0.0
results_classical_final.json,R106,R,R1,All,Inflated,Savings,Inflated Savings,computation_time,0.010847790999832796
results_classical_final.json,R106,R,R1,All,Inflated,Savings,Inflated Savings,num_vehicles,21.0
results_classical_final.json,R106,R,R1,All,Inflated,Savings,Inflated Savings,time_window_violations,1.0
results_classical_final.json,R106,R,R1,All,Inflated,Savings,Inflated Savings,total_demand_served,1458.0
results_classical_final.json,R106,R,R1,All,Inflated,Savings,Inflated Savings,total_distance,1660.5882776509334
results_classical_final.json,R106,R,R1,All,Inflated,Savings,Inflated Savings,total_route_duration,3648.6647795993977
results_classical_final.json,R106,R,R1,All,Inflated,Savings,Inflated Savings,total_service_time,1000.0
results_classical_final.json,R106,R,R1,All,Inflated,Savings,Inflated Savings,total_waiting_time,988.0765019484644
results_classical_final.json,R107,R,R1,All,Uncoarsened,Greedy,Uncoarsened Greedy,capacity_violations,0.0
results_classical_final.json,R107,R,R1,All,Uncoarsened,Greedy,Uncoarsened Greedy,computation_time,0.02594491600029869
results_classical_final.json,R107,R,R1,All,Uncoarsened,Greedy,Uncoarsened Greedy,num_vehicles,22.0
results_classical_final.json,R107,R,R1,All,Uncoarsened,Greedy,Uncoarsened Greedy,time_window_violations,0.0
results_classical_final.json,R107,R,R1,All,Uncoarsened,Greedy,Uncoarsened Greedy,total_demand_served,1458.0
results_classical_final.json,R107,R,R1,All,Uncoarsened,Greedy,Uncoarsened Greedy,total_distance,1858.3232571408244
results_classical_final.json,R107,R,R1,All,Uncoarsened,Greedy,Uncoarsened Greedy,total_route_duration,4208.127586100246
results_classical_final.json,R107,R,R1,All,Uncoarsened,Greedy,Uncoarsened Greedy,total_service_time,1000.0
results_classical_final.json,R107,R,R1,All,Uncoarsened,Greedy,Uncoarsened Greedy,total_waiting_time,1349.8043289594227
results_classical_final.json,R107,R,R1,All,Uncoarsened,Savings,Uncoarsened Savings,capacity_violations,0.0
results_classical_final.json,R107,R,R1,All,Uncoarsened,Savings,Uncoarsened Savings,computation_time,0.03332920800130523
results_classical_final.json,R107,R,R1,All,Uncoarsened,Savings,Uncoarsened Savings,num_vehicles,18.0
results_classical_final.json,R107,R,R1,All,Uncoarsened,Savings,Uncoarsened Savings,time_window_violations,0.0
results_classical_final.json,R107,R,R1,All,Uncoarsened,Savings,Uncoarsened Savings,total_demand_served,1458.0
results_classical_final.json,R107,R,R1,All,Uncoarsened,Savings,Uncoarsened Savings,total_distance,1395.315787908915
results_classical_final.json,R107,R,R1,All,Uncoarsened,Savings,Uncoarsened Savings,total_route_duration,3309.908106056717
results_classical_final.json,R107,R,R1,All,Uncoarsened,Savings,Uncoarsened Savings,total_service_time,1000.0
results_classical_final.json,R107,R,R1,All,Uncoarsened,Savings,Uncoarsened Savings,total_waiting_time,914.5923181478016
results_classical_final.json,R107,R,R1,All,Inflated,Greedy,Inflated Greedy,capacity_violations,0.0
results_classical_final.json,R107,R,R1,All,Inflated,Greedy,Inflated Greedy,computation_time,0.008910750000723056
results_classical_final.json,R107,R,R1,All,Inflated,Greedy,Inflated Greedy,num_vehicles,22.0
results_classical_final.json,R107,R,R1,All,Inflated,Greedy,Inflated Greedy,time_window_violations,0.0
results_classical_final.json,R107,R,R1,All,Inflated,Greedy,Inflated Greedy,total_demand_served,1458.0
results_classical_final.json,R107,R,R1,All,Inflated,Greedy,Inflated Greedy,total_distance,1834.092637157088
results_classical_final.json,R107,R,R1,All,Inflated,Greedy,Inflated Greedy,total_route_duration,3823.9578316657016
results_classical_final.json,R107,R,R1,All,Inflated,Greedy,Inflated Greedy,total_service_time,1000.0
results_classical_final.json,R107,R,R1,All,Inflated,Greedy,Inflated Greedy,total_waiting_time,989.865194508615
results_classical_final.json,R107,R,R1,All,Inflated,Savings,Inflated Savings,capacity_violations,0.0
results_classical_final.json,R107,R,R1,All,Inflated,Savings,Inflated Savings,computation_time,0.01058316699891293
results_classical_final.json,R107,R,R1,All,Inflated,Savings,Inflated Savings,num_vehicles,20.0
results_classical_final.json,R107,R,R1,All,Inflated,Savings,Inflated Savings,time_window_violations,2.0
results_classical_final.json,R107,R,R1,All,Inflated,Savings,Inflated Savings,total_demand_served,1458.0
results_classical_final.json,R107,R,R1,All,Inflated,Savings,Inflated Savings,total_distance,1593.7620675404125
results_classical_final.json,R107,R,R1,All,Inflated,Savings,Inflated Savings,total_route_duration,3456.1855795734505
results_classical_final.json,R107,R,R1,All,Inflated,Savings,Inflated Savings,total_service_time,1000.0
results_classical_final.json,R107,R,R1,All,Inflated,Savings,Inflated Savings,total_waiting_time,862.4235120330388
results_classical_final.json,R108,R,R1,All,Uncoarsened,Greedy,Uncoarsened Greedy,capacity_violations,0.0
results_classical_final.json,R108,R,R1,All,Uncoarsened,Greedy,Uncoarsened Greedy,computation_time,0.03781462500046473
results_classical_final.json,R108,R,R1,All,Uncoarsened,Greedy,Uncoarsened Greedy,num_vehicles,17.0
results_classical_final.json,R108,R,R1,All,Uncoarsened,Greedy,Uncoarsened Greedy,time_window_violations,0.0
results_classical_final.json,R108,R,R1,All,Uncoarsened,Greedy,Uncoarsened Greedy,total_demand_served,1458.0
results_classical_final.json,R108,R,R1,All,Uncoarsened,Greedy,Uncoarsened Greedy,total_distance,1546.304671872673
results_classical_final.json,R108,R,R1,All,Uncoarsened,Greedy,Uncoarsened Greedy,total_route_duration,3450.195484003513
results_classical_final.json,R108,R,R1,All,Uncoarsened,Greedy,Uncoarsened Greedy,total_service_time,1000.0
results_classical_final.json,R108,R,R1,All,Uncoarsened,Greedy,Uncoarsened Greedy,total_waiting_time,903.8908121308409
results_classical_final.json,R108,R,R1,All,Uncoarsened,Savings,Uncoarsened Savings,capacity_violations,0.0
results_classical_final.json,R108,R,R1,All,Uncoarsened,Savings,Uncoarsened Savings,computation_time,0.02591495800152188
results_classical_final.json,R108,R,R1,All,Uncoarsened,Savings,Uncoarsened Savings,num_vehicles,14.0
results_classical_final.json,R108,R,R1,All,Uncoarsened,Savings,Uncoarsened Savings,time_window_violations,0.0
results_classical_final.json,R108,R,R1,All,Uncoarsened,Savings,Uncoarsened Savings,total_demand_served,1458.0
results_classical_final.json,R108,R,R1,All,Uncoarsened,Savings,Uncoarsened Savings,total_distance,1157.2251228366547
results_classical_final.json,R108,R,R1,All,Uncoarsened,Savings,Uncoarsened Savings,total_route_duration,2652.918745129208
results_classical_final.json,R108,R,R1,All,Uncoarsened,Savings,Uncoarsened Savings,total_service_time,1000.0
results_classical_final.json,R108,R,R1,All,Uncoarsened,Savings,Uncoarsened Savings,total_waiting_time,495.6936222925532
results_classical_final.json,R108,R,R1,All,Inflated,Greedy,Inflated Greedy,capacity_violations,0.0
results_classical_final.json,R108,R,R1,All,Inflated,Greedy,Inflated Greedy,computation_time,0.008835458000248764
results_classical_final.json,R108,R,R1,All,Inflated,Greedy,Inflated Greedy,num_vehicles,17.0
results_classical_final.json,R108,R,R1,All,Inflated,Greedy,Inflated Greedy,time_window_violations,0.0
results_classical_final.json,R108,R,R1,All,Inflated,Greedy,Inflated Greedy,total_demand_served,1458.0
results_classical_final.json,R108,R,R1,All,Inflated,Greedy,Inflated Greedy,total_distance,1567.3111630396215
results_classical_final.json,R108,R,R1,All,Inflated,Greedy,Inflated Greedy,total_route_duration,3329.1447054109312
results_classical_final.json,R108,R,R1,All,Inflated,Greedy,Inflated Greedy,total_service_time,1000.0
results_classical_final.json,R108,R,R1,All,Inflated,Greedy,Inflated Greedy,total_waiting_time,761.8335423713097
results_classical_final.json,R108,R,R1,All,Inflated,Savings,Inflated Savings,capacity_violations,0.0
results_classical_final.json,R108,R,R1,All,Inflated,Savings,Inflated Savings,computation_time,0.009555332999298116
results_classical_final.json,R108,R,R1,All,Inflated,Savings,Inflated Savings,num_vehicles,15.0
results_classical_final.json,R108,R,R1,All,Inflated,Savings,Inflated Savings,time_window_violations,0.0
results_classical_final.json,R108,R,R1,All,Inflated,Savings,Inflated Savings,total_demand_served,1458.0
results_classical_final.json,R108,R,R1,All,Inflated,Savings,Inflated Savings,total_distance,1377.782216877321
results_classical_final.json,R108,R,R1,All,Inflated,Savings,Inflated Savings,total_route_duration,2665.1077234212976
results_classical_final.json,R108,R,R1,All,Inflated,Savings,Inflated Savings,total_service_time,1000.0
results_classical_final.json,R108,R,R1,All,Inflated,Savings,Inflated Savings,total_waiting_time,287.32550654397625
results_classical_final.json,R109,R,R1,All,Uncoarsened,Greedy,Uncoarsened Greedy,capacity_violations,0.0
results_classical_final.json,R109,R,R1,All,Uncoarsened,Greedy,Uncoarsened Greedy,computation_time,0.024589208000179497
results_classical_final.json,R109,R,R1,All,Uncoarsened,Greedy,Uncoarsened Greedy,num_vehicles,19.0
results_classical_final.json,R109,R,R1,All,Uncoarsened,Greedy,Uncoarsened Greedy,time_window_violations,0.0
results_classical_final.json,R109,R,R1,All,Uncoarsened,Greedy,Uncoarsened Greedy,total_demand_served,1458.0
results_classical_final.json,R109,R,R1,All,Uncoarsened,Greedy,Uncoarsened Greedy,total_distance,1695.3335785567979
results_classical_final.json,R109,R,R1,All,Uncoarsened,Greedy,Uncoarsened Greedy,total_route_duration,3477.606280459252
results_classical_final.json,R109,R,R1,All,Uncoarsened,Greedy,Uncoarsened Greedy,total_service_time,1000.0
results_classical_final.json,R109,R,R1,All,Uncoarsened,Greedy,Uncoarsened Greedy,total_waiting_time,782.272701902455
results_classical_final.json,R109,R,R1,All,Uncoarsened,Savings,Uncoarsened Savings,capacity_violations,0.0
results_classical_final.json,R109,R,R1,All,Uncoarsened,Savings,Uncoarsened Savings,computation_time,0.030097750001004897
results_classical_final.json,R109,R,R1,All,Uncoarsened,Savings,Uncoarsened Savings,num_vehicles,16.0
results_classical_final.json,R109,R,R1,All,Uncoarsened,Savings,Uncoarsened Savings,time_window_violations,0.0
results_classical_final.json,R109,R,R1,All,Uncoarsened,Savings,Uncoarsened Savings,total_demand_served,1458.0
results_classical_final.json,R109,R,R1,All,Uncoarsened,Savings,Uncoarsened Savings,total_distance,1339.9050184060989
results_classical_final.json,R109,R,R1,All,Uncoarsened,Savings,Uncoarsened Savings,total_route_duration,2826.468623410656
results_classical_final.json,R109,R,R1,All,Uncoarsened,Savings,Uncoarsened Savings,total_service_time,1000.0
results_classical_final.json,R109,R,R1,All,Uncoarsened,Savings,Uncoarsened Savings,total_waiting_time,486.563605004558
results_classical_final.json,R109,R,R1,All,Inflated,Greedy,Inflated Greedy,capacity_violations,0.0
results_classical_final.json,R109,R,R1,All,Inflated,Greedy,Inflated Greedy,computation_time,0.008970791999672656
results_classical_final.json,R109,R,R1,All,Inflated,Greedy,Inflated Greedy,num_vehicles,21.0
results_classical_final.json,R109,R,R1,All,Inflated,Greedy,Inflated Greedy,time_window_violations,4.0
results_classical_final.json,R109,R,R1,All,Inflated,Greedy,Inflated Greedy,total_demand_served,1458.0
results_classical_final.json,R109,R,R1,All,Inflated,Greedy,Inflated Greedy,total_distance,1926.958691176398
results_classical_final.json,R109,R,R1,All,Inflated,Greedy,Inflated Greedy,total_route_duration,3622.6059958458154
results_classical_final.json,R109,R,R1,All,Inflated,Greedy,Inflated Greedy,total_service_time,1000.0
results_classical_final.json,R109,R,R1,All,Inflated,Greedy,Inflated Greedy,total_waiting_time,695.6473046694184
results_classical_final.json,R109,R,R1,All,Inflated,Savings,Inflated Savings,capacity_violations,0.0
results_classical_final.json,R109,R,R1,All,Inflated,Savings,Inflated Savings,computation_time,0.010388916000010795
results_classical_final.json,R109,R,R1,All,Inflated,Savings,Inflated Savings,num_vehicles,19.0
results_classical_final.json,R109,R,R1,All,Inflated,Savings,Inflated Savings,time_window_violations,1.0
results_classical_final.json,R109,R,R1,All,Inflated,Savings,Inflated Savings,total_demand_served,1458.0
results_classical_final.json,R109,R,R1,All,Inflated,Savings,Inflated Savings,total_distance,1591.390529149459
results_classical_final.json,R109,R,R1,All,Inflated,Savings,Inflated Savings,total_route_duration,3180.5273642857715
results_classical_final.json,R109,R,R1,All,Inflated,Savings,Inflated Savings,total_service_time,1000.0
results_classical_final.json,R109,R,R1,All,Inflated,Savings,Inflated Savings,total_waiting_time,589.1368351363125
results_classical_final.json,R110,R,R1,All,Uncoarsened,Greedy,Uncoarsened Greedy,capacity_violations,0.0
results_classical_final.json,R110,R,R1,All,Uncoarsened,Greedy,Uncoarsened Greedy,computation_time,0.02515937499993015
results_classical_final.json,R110,R,R1,All,Uncoarsened,Greedy,Uncoarsened Greedy,num_vehicles,19.0
results_classical_final.json,R110,R,R1,All,Uncoarsened,Greedy,Uncoarsened Greedy,time_window_violations,0.0
results_classical_final.json,R110,R,R1,All,Uncoarsened,Greedy,Uncoarsened Greedy,total_demand_served,1458.0
results_classical_final.json,R110,R,R1,All,Uncoarsened,Greedy,Uncoarsened Greedy,total_distance,1765.1472101726295
results_classical_final.json,R110,R,R1,All,Uncoarsened,Greedy,Uncoarsened Greedy,total_route_duration,3731.541875636992
results_classical_final.json,R110,R,R1,All,Uncoarsened,Greedy,Uncoarsened Greedy,total_service_time,1000.0
results_classical_final.json,R110,R,R1,All,Uncoarsened,Greedy,Uncoarsened Greedy,total_waiting_time,966.3946654643638
results_classical_final.json,R110,R,R1,All,Uncoarsened,Savings,Uncoarsened Savings,capacity_violations,0.0
results_classical_final.json,R110,R,R1,All,Uncoarsened,Savings,Uncoarsened Savings,computation_time,0.02741345799950068
results_classical_final.json,R110,R,R1,All,Uncoarsened,Savings,Uncoarsened Savings,num_vehicles,15.0
results_classical_final.json,R110,R,R1,All,Uncoarsened,Savings,Uncoarsened Savings,time_window_violations,0.0
results_classical_final.json,R110,R,R1,All,Uncoarsened,Savings,Uncoarsened Savings,total_demand_served,1458.0
results_classical_final.json,R110,R,R1,All,Uncoarsened,Savings,Uncoarsened Savings,total_distance,1220.0836416945835
results_classical_final.json,R110,R,R1,All,Uncoarsened,Savings,Uncoarsened Savings,total_route_duration,2695.789827842238
results_classical_final.json,R110,R,R1,All,Uncoarsened,Savings,Uncoarsened Savings,total_service_time,1000.0
results_classical_final.json,R110,R,R1,All,Uncoarsened,Savings,Uncoarsened Savings,total_waiting_time,475.7061861476552
results_classical_final.json,R110,R,R1,All,Inflated,Greedy,Inflated Greedy,capacity_violations,0.0
results_classical_final.json,R110,R,R1,All,Inflated,Greedy,Inflated Greedy,computation_time,0.008533459000318544
results_classical_final.json,R110,R,R1,All,Inflated,Greedy,Inflated Greedy,num_vehicles,20.0
results_classical_final.json,R110,R,R1,All,Inflated,Greedy,Inflated Greedy,time_window_violations,2.0
results_classical_final.json,R110,R,R1,All,Inflated,Greedy,Inflated Greedy,total_demand_served,1458.0
results_classical_final.json,R110,R,R1,All,Inflated,Greedy,Inflated Greedy,total_distance,1792.8361487233415
results_classical_final.json,R110,R,R1,All,Inflated,Greedy,Inflated Greedy,total_route_duration,3553.9568767829705
results_classical_final.json,R110,R,R1,All,Inflated,Greedy,Inflated Greedy,total_service_time,1000.0
results_classical_final.json,R110,R,R1,All,Inflated,Greedy,Inflated Greedy,total_waiting_time,761.1207280596303
results_classical_final.json,R110,R,R1,All,Inflated,Savings,Inflated Savings,capacity_violations,0.0
results_classical_final.json,R110,R,R1,All,Inflated,Savings,Inflated Savings,computation_time,0.009440874999199877
results_classical_final.json,R110,R,R1,All,Inflated,Savings,Inflated Savings,num_vehicles,17.0
results_classical_final.json,R110,R,R1,All,Inflated,Savings,Inflated Savings,time_window_violations,2.0
results_classical_final.json,R110,R,R1,All,Inflated,Savings,Inflated Savings,total_demand_served,1458.0
results_classical_final.json,R110,R,R1,All,Inflated,Savings,Inflated Savings,total_distance,1479.240048052673
results_classical_final.json,R110,R,R1,All,Inflated,Savings,Inflated Savings,total_route_duration,2906.8947817955627
results_classical_final.json,R110,R,R1,All,Inflated,Savings,Inflated Savings,total_service_time,1000.0
results_classical_final.json,R110,R,R1,All,Inflated,Savings,Inflated Savings,total_waiting_time,427.6547337428899
results_classical_final.json,R111,R,R1,All,Uncoarsened,Greedy,Uncoarsened Greedy,capacity_violations,0.0
results_classical_final.json,R111,R,R1,All,Uncoarsened,Greedy,Uncoarsened Greedy,computation_time,0.025733291999131325
results_classical_final.json,R111,R,R1,All,Uncoarsened,Greedy,Uncoarsened Greedy,num_vehicles,19.0
results_classical_final.json,R111,R,R1,All,Uncoarsened,Greedy,Uncoarsened Greedy,time_window_violations,0.0
results_classical_final.json,R111,R,R1,All,Uncoarsened,Greedy,Uncoarsened Greedy,total_demand_served,1458.0
results_classical_final.json,R111,R,R1,All,Uncoarsened,Greedy,Uncoarsened Greedy,total_distance,1691.2790064234662
results_classical_final.json,R111,R,R1,All,Uncoarsened,Greedy,Uncoarsened Greedy,total_route_duration,3681.2133771194044
results_classical_final.json,R111,R,R1,All,Uncoarsened,Greedy,Uncoarsened Greedy,total_service_time,1000.0
results_classical_final.json,R111,R,R1,All,Uncoarsened,Greedy,Uncoarsened Greedy,total_waiting_time,989.9343706959387
results_classical_final.json,R111,R,R1,All,Uncoarsened,Savings,Uncoarsened Savings,capacity_violations,0.0
results_classical_final.json,R111,R,R1,All,Uncoarsened,Savings,Uncoarsened Savings,computation_time,0.02815412499876402
results_classical_final.json,R111,R,R1,All,Uncoarsened,Savings,Uncoarsened Savings,num_vehicles,14.0
results_classical_final.json,R111,R,R1,All,Uncoarsened,Savings,Uncoarsened Savings,time_window_violations,0.0
results_classical_final.json,R111,R,R1,All,Uncoarsened,Savings,Uncoarsened Savings,total_demand_served,1458.0
results_classical_final.json,R111,R,R1,All,Uncoarsened,Savings,Uncoarsened Savings,total_distance,1255.306851218432
results_classical_final.json,R111,R,R1,All,Uncoarsened,Savings,Uncoarsened Savings,total_route_duration,2626.76585259361
results_classical_final.json,R111,R,R1,All,Uncoarsened,Savings,Uncoarsened Savings,total_service_time,1000.0
results_classical_final.json,R111,R,R1,All,Uncoarsened,Savings,Uncoarsened Savings,total_waiting_time,371.45900137517845
results_classical_final.json,R111,R,R1,All,Inflated,Greedy,Inflated Greedy,capacity_violations,0.0
results_classical_final.json,R111,R,R1,All,Inflated,Greedy,Inflated Greedy,computation_time,0.008752208999794675
results_classical_final.json,R111,R,R1,All,Inflated,Greedy,Inflated Greedy,num_vehicles,20.0
results_classical_final.json,R111,R,R1,All,Inflated,Greedy,Inflated Greedy,time_window_violations,3.0
results_classical_final.json,R111,R,R1,All,Inflated,Greedy,Inflated Greedy,total_demand_served,1458.0
results_classical_final.json,R111,R,R1,All,Inflated,Greedy,Inflated Greedy,total_distance,1883.5058126614458
results_classical_final.json,R111,R,R1,All,Inflated,Greedy,Inflated Greedy,total_route_duration,3633.6040681557793
results_classical_final.json,R111,R,R1,All,Inflated,Greedy,Inflated Greedy,total_service_time,1000.0
results_classical_final.json,R111,R,R1,All,Inflated,Greedy,Inflated Greedy,total_waiting_time,750.0982554943339
results_classical_final.json,R111,R,R1,All,Inflated,Savings,Inflated Savings,capacity_violations,0.0
results_classical_final.json,R111,R,R1,All,Inflated,Savings,Inflated Savings,computation_time,0.010460499999680906
results_classical_final.json,R111,R,R1,All,Inflated,Savings,Inflated Savings,num_vehicles,17.0
results_classical_final.json,R111,R,R1,All,Inflated,Savings,Inflated Savings,time_window_violations,2.0
results_classical_final.json,R111,R,R1,All,Inflated,Savings,Inflated Savings,total_demand_served,1458.0
results_classical_final.json,R111,R,R1,All,Inflated,Savings,Inflated Savings,total_distance,1495.8145300028532
results_classical_final.json,R111,R,R1,All,Inflated,Savings,Inflated Savings,total_route_duration,3028.628373438962
results_classical_final.json,R111,R,R1,All,Inflated,Savings,Inflated Savings,total_service_time,1000.0
results_classical_final.json,R111,R,R1,All,Inflated,Savings,Inflated Savings,total_waiting_time,532.8138434361097
results_classical_final.json,R112,R,R1,All,Uncoarsened,Greedy,Uncoarsened Greedy,capacity_violations,0.0
results_classical_final.json,R112,R,R1,All,Uncoarsened,Greedy,Uncoarsened Greedy,computation_time,0.027356500000678352
results_classical_final.json,R112,R,R1,All,Uncoarsened,Greedy,Uncoarsened Greedy,num_vehicles,14.0
results_classical_final.json,R112,R,R1,All,Uncoarsened,Greedy,Uncoarsened Greedy,time_window_violations,0.0
results_classical_final.json,R112,R,R1,All,Uncoarsened,Greedy,Uncoarsened Greedy,total_demand_served,1458.0
results_classical_final.json,R112,R,R1,All,Uncoarsened,Greedy,Uncoarsened Greedy,total_distance,1370.2311363260492
results_classical_final.json,R112,R,R1,All,Uncoarsened,Greedy,Uncoarsened Greedy,total_route_duration,2794.0110187023765
results_classical_final.json,R112,R,R1,All,Uncoarsened,Greedy,Uncoarsened Greedy,total_service_time,1000.0
results_classical_final.json,R112,R,R1,All,Uncoarsened,Greedy,Uncoarsened Greedy,total_waiting_time,423.7798823763284
results_classical_final.json,R112,R,R1,All,Uncoarsened,Savings,Uncoarsened Savings,capacity_violations,0.0
results_classical_final.json,R112,R,R1,All,Uncoarsened,Savings,Uncoarsened Savings,computation_time,0.02319779100071173
results_classical_final.json,R112,R,R1,All,Uncoarsened,Savings,Uncoarsened Savings,num_vehicles,12.0
results_classical_final.json,R112,R,R1,All,Uncoarsened,Savings,Uncoarsened Savings,time_window_violations,0.0
results_classical_final.json,R112,R,R1,All,Uncoarsened,Savings,Uncoarsened Savings,total_demand_served,1458.0
results_classical_final.json,R112,R,R1,All,Uncoarsened,Savings,Uncoarsened Savings,total_distance,1043.0511022209018
results_classical_final.json,R112,R,R1,All,Uncoarsened,Savings,Uncoarsened Savings,total_route_duration,2252.0786794346704
results_classical_final.json,R112,R,R1,All,Uncoarsened,Savings,Uncoarsened Savings,total_service_time,1000.0
results_classical_final.json,R112,R,R1,All,Uncoarsened,Savings,Uncoarsened Savings,total_waiting_time,209.027577213769
results_classical_final.json,R112,R,R1,All,Inflated,Greedy,Inflated Greedy,capacity_violations,0.0
results_classical_final.json,R112,R,R1,All,Inflated,Greedy,Inflated Greedy,computation_time,0.008934915998906945
results_classical_final.json,R112,R,R1,All,Inflated,Greedy,Inflated Greedy,num_vehicles,14.0
results_classical_final.json,R112,R,R1,All,Inflated,Greedy,Inflated Greedy,time_window_violations,3.0
results_classical_final.json,R112,R,R1,All,Inflated,Greedy,Inflated Greedy,total_demand_served,1458.0
results_classical_final.json,R112,R,R1,All,Inflated,Greedy,Inflated Greedy,total_distance,1487.5837899775431
results_classical_final.json,R112,R,R1,All,Inflated,Greedy,Inflated Greedy,total_route_duration,2866.488270281829
results_classical_final.json,R112,R,R1,All,Inflated,Greedy,Inflated Greedy,total_service_time,1000.0
results_classical_final.json,R112,R,R1,All,Inflated,Greedy,Inflated Greedy,total_waiting_time,378.9044803042866
results_classical_final.json,R112,R,R1,All,Inflated,Savings,Inflated Savings,capacity_violations,0.0
results_classical_final.json,R112,R,R1,All,Inflated,Savings,Inflated Savings,computation_time,0.009821249999731663
results_classical_final.json,R112,R,R1,All,Inflated,Savings,Inflated Savings,num_vehicles,16.0
results_classical_final.json,R112,R,R1,All,Inflated,Savings,Inflated Savings,time_window_violations,0.0
results_classical_final.json,R112,R,R1,All,Inflated,Savings,Inflated Savings,total_demand_served,1458.0
results_classical_final.json,R112,R,R1,All,Inflated,Savings,Inflated Savings,total_distance,1390.5860357802912
results_classical_final.json,R112,R,R1,All,Inflated,Savings,Inflated Savings,total_route_duration,2776.770449852569
results_classical_final.json,R112,R,R1,All,Inflated,Savings,Inflated Savings,total_service_time,1000.0
results_classical_final.json,R112,R,R1,All,Inflated,Savings,Inflated Savings,total_waiting_time,386.18441407227857
results_classical_final.json,R201,R,R2,All,Uncoarsened,Greedy,Uncoarsened Greedy,capacity_violations,0.0
results_classical_final.json,R201,R,R2,All,Uncoarsened,Greedy,Uncoarsened Greedy,computation_time,0.02657583400105068
results_classical_final.json,R201,R,R2,All,Uncoarsened,Greedy,Uncoarsened Greedy,num_vehicles,15.0
results_classical_final.json,R201,R,R2,All,Uncoarsened,Greedy,Uncoarsened Greedy,time_window_violations,0.0
results_classical_final.json,R201,R,R2,All,Uncoarsened,Greedy,Uncoarsened Greedy,total_demand_served,1458.0
results_classical_final.json,R201,R,R2,All,Uncoarsened,Greedy,Uncoarsened Greedy,total_distance,2011.5623570640842
results_classical_final.json,R201,R,R2,All,Uncoarsened,Greedy,Uncoarsened Greedy,total_route_duration,8499.032770553587
results_classical_final.json,R201,R,R2,All,Uncoarsened,Greedy,Uncoarsened Greedy,total_service_time,1000.0
results_classical_final.json,R201,R,R2,All,Uncoarsened,Greedy,Uncoarsened Greedy,total_waiting_time,5487.470413489505
results_classical_final.json,R201,R,R2,All,Uncoarsened,Savings,Uncoarsened Savings,capacity_violations,0.0
results_classical_final.json,R201,R,R2,All,Uncoarsened,Savings,Uncoarsened Savings,computation_time,0.03062849999878381
results_classical_final.json,R201,R,R2,All,Uncoarsened,Savings,Uncoarsened Savings,num_vehicles,19.0
results_classical_final.json,R201,R,R2,All,Uncoarsened,Savings,Uncoarsened Savings,time_window_violations,0.0
results_classical_final.json,R201,R,R2,All,Uncoarsened,Savings,Uncoarsened Savings,total_demand_served,1458.0
results_classical_final.json,R201,R,R2,All,Uncoarsened,Savings,Uncoarsened Savings,total_distance,1454.9139306231698
results_classical_final.json,R201,R,R2,All,Uncoarsened,Savings,Uncoarsened Savings,total_route_duration,13628.063156602966
results_classical_final.json,R201,R,R2,All,Uncoarsened,Savings,Uncoarsened Savings,total_service_time,1000.0
results_classical_final.json,R201,R,R2,All,Uncoarsened,Savings,Uncoarsened Savings,total_waiting_time,11173.149225979803
results_classical_final.json,R201,R,R2,All,Inflated,Greedy,Inflated Greedy,capacity_violations,0.0
results_classical_final.json,R201,R,R2,All,Inflated,Greedy,Inflated Greedy,computation_time,0.0040686249994905666
results_classical_final.json,R201,R,R2,All,Inflated,Greedy,Inflated Greedy,num_vehicles,14.0
results_classical_final.json,R201,R,R2,All,Inflated,Greedy,Inflated Greedy,time_window_violations,0.0
results_classical_final.json,R201,R,R2,All,Inflated,Greedy,Inflated Greedy,total_demand_served,1458.0
results_classical_final.json,R201,R,R2,All,Inflated,Greedy,Inflated Greedy,total_distance,2058.5027286298564
results_classical_final.json,R201,R,R2,All,Inflated,Greedy,Inflated Greedy,total_route_duration,7673.920014203773
results_classical_final.json,R201,R,R2,All,Inflated,Greedy,Inflated Greedy,total_service_time,1000.0
results_classical_final.json,R201,R,R2,All,Inflated,Greedy,Inflated Greedy,total_waiting_time,4615.417285573919
results_classical_final.json,R201,R,R2,All,Inflated,Savings,Inflated Savings,capacity_violations,0.0
results_classical_final.json,R201,R,R2,All,Inflated,Savings,Inflated Savings,computation_time,0.009709874999316526
results_classical_final.json,R201,R,R2,All,Inflated,Savings,Inflated Savings,num_vehicles,16.0
results_classical_final.json,R201,R,R2,All,Inflated,Savings,Inflated Savings,time_window_violations,1.0
results_classical_final.json,R201,R,R2,All,Inflated,Savings,Inflated Savings,total_demand_served,1458.0
results_classical_final.json,R201,R,R2,All,Inflated,Savings,Inflated Savings,total_distance,1596.7465861996009
results_classical_final.json,R201,R,R2,All,Inflated,Savings,Inflated Savings,total_route_duration,11826.292328821837
results_classical_final.json,R201,R,R2,All,Inflated,Savings,Inflated Savings,total_service_time,1000.0
results_classical_final.json,R201,R,R2,All,Inflated,Savings,Inflated Savings,total_waiting_time,9229.54574262224
results_classical_final.json,R202,R,R2,All,Uncoarsened,Greedy,Uncoarsened Greedy,capacity_violations,0.0
results_classical_final.json,R202,R,R2,All,Uncoarsened,Greedy,Uncoarsened Greedy,computation_time,0.028226625001479988
results_classical_final.json,R202,R,R2,All,Uncoarsened,Greedy,Uncoarsened Greedy,num_vehicles,15.0
results_classical_final.json,R202,R,R2,All,Uncoarsened,Greedy,Uncoarsened Greedy,time_window_violations,0.0
results_classical_final.json,R202,R,R2,All,Uncoarsened,Greedy,Uncoarsened Greedy,total_demand_served,1458.0
results_classical_final.json,R202,R,R2,All,Uncoarsened,Greedy,Uncoarsened Greedy,total_distance,1824.2577345073432
results_classical_final.json,R202,R,R2,All,Uncoarsened,Greedy,Uncoarsened Greedy,total_route_duration,9642.383380519012
results_classical_final.json,R202,R,R2,All,Uncoarsened,Greedy,Uncoarsened Greedy,total_service_time,1000.0
results_classical_final.json,R202,R,R2,All,Uncoarsened,Greedy,Uncoarsened Greedy,total_waiting_time,6818.125646011673
results_classical_final.json,R202,R,R2,All,Uncoarsened,Savings,Uncoarsened Savings,capacity_violations,0.0
results_classical_final.json,R202,R,R2,All,Uncoarsened,Savings,Uncoarsened Savings,computation_time,0.027820208000775892
results_classical_final.json,R202,R,R2,All,Uncoarsened,Savings,Uncoarsened Savings,num_vehicles,14.0
results_classical_final.json,R202,R,R2,All,Uncoarsened,Savings,Uncoarsened Savings,time_window_violations,0.0
results_classical_final.json,R202,R,R2,All,Uncoarsened,Savings,Uncoarsened Savings,total_demand_served,1458.0
results_classical_final.json,R202,R,R2,All,Uncoarsened,Savings,Uncoarsened Savings,total_distance,1252.7699304549267
results_classical_final.json,R202,R,R2,All,Uncoarsened,Savings,Uncoarsened Savings,total_route_duration,10520.046458691704
results_classical_final.json,R202,R,R2,All,Uncoarsened,Savings,Uncoarsened Savings,total_service_time,1000.0
results_classical_final.json,R202,R,R2,All,Uncoarsened,Savings,Uncoarsened Savings,total_waiting_time,8267.276528236778
results_classical_final.json,R202,R,R2,All,Inflated,Greedy,Inflated Greedy,capacity_violations,0.0
results_classical_final.json,R202,R,R2,All,Inflated,Greedy,Inflated Greedy,computation_time,0.0038584579997404944
results_classical_final.json,R202,R,R2,All,Inflated,Greedy,Inflated Greedy,num_vehicles,13.0
results_classical_final.json,R202,R,R2,All,Inflated,Greedy,Inflated Greedy,time_window_violations,5.0
results_classical_final.json,R202,R,R2,All,Inflated,Greedy,Inflated Greedy,total_demand_served,1458.0
results_classical_final.json,R202,R,R2,All,Inflated,Greedy,Inflated Greedy,total_distance,1925.3809421185201
results_classical_final.json,R202,R,R2,All,Inflated,Greedy,Inflated Greedy,total_route_duration,6947.263004962693
results_classical_final.json,R202,R,R2,All,Inflated,Greedy,Inflated Greedy,total_service_time,1000.0
results_classical_final.json,R202,R,R2,All,Inflated,Greedy,Inflated Greedy,total_waiting_time,4021.8820628441745
results_classical_final.json,R202,R,R2,All,Inflated,Savings,Inflated Savings,capacity_violations,0.0
results_classical_final.json,R202,R,R2,All,Inflated,Savings,Inflated Savings,computation_time,0.00755520800157683
results_classical_final.json,R202,R,R2,All,Inflated,Savings,Inflated Savings,num_vehicles,15.0
results_classical_final.json,R202,R,R2,All,Inflated,Savings,Inflated Savings,time_window_violations,0.0
results_classical_final.json,R202,R,R2,All,Inflated,Savings,Inflated Savings,total_demand_served,1458.0
results_classical_final.json,R202,R,R2,All,Inflated,Savings,Inflated Savings,total_distance,1460.3039034414244
results_classical_final.json,R202,R,R2,All,Inflated,Savings,Inflated Savings,total_route_duration,10594.423146742112
results_classical_final.json,R202,R,R2,All,Inflated,Savings,Inflated Savings,total_service_time,1000.0
results_classical_final.json,R202,R,R2,All,Inflated,Savings,Inflated Savings,total_waiting_time,8134.119243300689
results_classical_final.json,R203,R,R2,All,Uncoarsened,Greedy,Uncoarsened Greedy,capacity_violations,0.0
results_classical_final.json,R203,R,R2,All,Uncoarsened,Greedy,Uncoarsened Greedy,computation_time,0.03072733299995889
results_classical_final.json,R203,R,R2,All,Uncoarsened,Greedy,Uncoarsened Greedy,num_vehicles,12.0
results_classical_final.json,R203,R,R2,All,Uncoarsened,Greedy,Uncoarsened Greedy,time_window_violations,0.0
results_classical_final.json,R203,R,R2,All,Uncoarsened,Greedy,Uncoarsened Greedy,total_demand_served,1458.0
results_classical_final.json,R203,R,R2,All,Uncoarsened,Greedy,Uncoarsened Greedy,total_distance,1662.5567958977288
results_classical_final.json,R203,R,R2,All,Uncoarsened,Greedy,Uncoarsened Greedy,total_route_duration,8565.456635620993
results_classical_final.json,R203,R,R2,All,Uncoarsened,Greedy,Uncoarsened Greedy,total_service_time,1000.0
results_classical_final.json,R203,R,R2,All,Uncoarsened,Greedy,Uncoarsened Greedy,total_waiting_time,5902.899839723265
results_classical_final.json,R203,R,R2,All,Uncoarsened,Savings,Uncoarsened Savings,capacity_violations,0.0
results_classical_final.json,R203,R,R2,All,Uncoarsened,Savings,Uncoarsened Savings,computation_time,0.02139954199992644
results_classical_final.json,R203,R,R2,All,Uncoarsened,Savings,Uncoarsened Savings,num_vehicles,11.0
results_classical_final.json,R203,R,R2,All,Uncoarsened,Savings,Uncoarsened Savings,time_window_violations,0.0
results_classical_final.json,R203,R,R2,All,Uncoarsened,Savings,Uncoarsened Savings,total_demand_served,1458.0
results_classical_final.json,R203,R,R2,All,Uncoarsened,Savings,Uncoarsened Savings,total_distance,1039.024374515361
results_classical_final.json,R203,R,R2,All,Uncoarsened,Savings,Uncoarsened Savings,total_route_duration,8466.851345485093
results_classical_final.json,R203,R,R2,All,Uncoarsened,Savings,Uncoarsened Savings,total_service_time,1000.0
results_classical_final.json,R203,R,R2,All,Uncoarsened,Savings,Uncoarsened Savings,total_waiting_time,6427.8269709697315
results_classical_final.json,R203,R,R2,All,Inflated,Greedy,Inflated Greedy,capacity_violations,0.0
results_classical_final.json,R203,R,R2,All,Inflated,Greedy,Inflated Greedy,computation_time,0.0035551670007407665
results_classical_final.json,R203,R,R2,All,Inflated,Greedy,Inflated Greedy,num_vehicles,9.0
results_classical_final.json,R203,R,R2,All,Inflated,Greedy,Inflated Greedy,time_window_violations,0.0
results_classical_final.json,R203,R,R2,All,Inflated,Greedy,Inflated Greedy,total_demand_served,1458.0
results_classical_final.json,R203,R,R2,All,Inflated,Greedy,Inflated Greedy,total_distance,1690.8232853863706
results_classical_final.json,R203,R,R2,All,Inflated,Greedy,Inflated Greedy,total_route_duration,5524.151098725093
results_classical_final.json,R203,R,R2,All,Inflated,Greedy,Inflated Greedy,total_service_time,1000.0
results_classical_final.json,R203,R,R2,All,Inflated,Greedy,Inflated Greedy,total_waiting_time,2833.3278133387234
results_classical_final.json,R203,R,R2,All,Inflated,Savings,Inflated Savings,capacity_violations,0.0
results_classical_final.json,R203,R,R2,All,Inflated,Savings,Inflated Savings,computation_time,0.006029458998455084
results_classical_final.json,R203,R,R2,All,Inflated,Savings,Inflated Savings,num_vehicles,11.0
results_classical_final.json,R203,R,R2,All,Inflated,Savings,Inflated Savings,time_window_violations,0.0
results_classical_final.json,R203,R,R2,All,Inflated,Savings,Inflated Savings,total_demand_served,1458.0
results_classical_final.json,R203,R,R2,All,Inflated,Savings,Inflated Savings,total_distance,1311.1855056186953
results_classical_final.json,R203,R,R2,All,Inflated,Savings,Inflated Savings,total_route_duration,8479.59847587634
results_classical_final.json,R203,R,R2,All,Inflated,Savings,Inflated Savings,total_service_time,1000.0
results_classical_final.json,R203,R,R2,All,Inflated,Savings,Inflated Savings,total_waiting_time,6168.412970257646
results_classical_final.json,R204,R,R2,All,Uncoarsened,Greedy,Uncoarsened Greedy,capacity_violations,0.0
results_classical_final.json,R204,R,R2,All,Uncoarsened,Greedy,Uncoarsened Greedy,computation_time,0.03557445900150924
results_classical_final.json,R204,R,R2,All,Uncoarsened,Greedy,Uncoarsened Greedy,num_vehicles,10.0
results_classical_final.json,R204,R,R2,All,Uncoarsened,Greedy,Uncoarsened Greedy,time_window_violations,0.0
results_classical_final.json,R204,R,R2,All,Uncoarsened,Greedy,Uncoarsened Greedy,total_demand_served,1458.0
results_classical_final.json,R204,R,R2,All,Uncoarsened,Greedy,Uncoarsened Greedy,total_distance,1381.005650762671
results_classical_final.json,R204,R,R2,All,Uncoarsened,Greedy,Uncoarsened Greedy,total_route_duration,7644.371942200653
results_classical_final.json,R204,R,R2,All,Uncoarsened,Greedy,Uncoarsened Greedy,total_service_time,1000.0
results_classical_final.json,R204,R,R2,All,Uncoarsened,Greedy,Uncoarsened Greedy,total_waiting_time,5263.366291437983
results_classical_final.json,R204,R,R2,All,Uncoarsened,Savings,Uncoarsened Savings,capacity_violations,0.0
results_classical_final.json,R204,R,R2,All,Uncoarsened,Savings,Uncoarsened Savings,computation_time,0.021235416001218255
results_classical_final.json,R204,R,R2,All,Uncoarsened,Savings,Uncoarsened Savings,num_vehicles,7.0
results_classical_final.json,R204,R,R2,All,Uncoarsened,Savings,Uncoarsened Savings,time_window_violations,0.0
results_classical_final.json,R204,R,R2,All,Uncoarsened,Savings,Uncoarsened Savings,total_demand_served,1458.0
results_classical_final.json,R204,R,R2,All,Uncoarsened,Savings,Uncoarsened Savings,total_distance,857.2210141141666
results_classical_final.json,R204,R,R2,All,Uncoarsened,Savings,Uncoarsened Savings,total_route_duration,5438.450271296781
results_classical_final.json,R204,R,R2,All,Uncoarsened,Savings,Uncoarsened Savings,total_service_time,1000.0
results_classical_final.json,R204,R,R2,All,Uncoarsened,Savings,Uncoarsened Savings,total_waiting_time,3581.229257182614
results_classical_final.json,R204,R,R2,All,Inflated,Greedy,Inflated Greedy,capacity_violations,0.0
results_classical_final.json,R204,R,R2,All,Inflated,Greedy,Inflated Greedy,computation_time,0.0036531250007101335
results_classical_final.json,R204,R,R2,All,Inflated,Greedy,Inflated Greedy,num_vehicles,10.0
results_classical_final.json,R204,R,R2,All,Inflated,Greedy,Inflated Greedy,time_window_violations,0.0
results_classical_final.json,R204,R,R2,All,Inflated,Greedy,Inflated Greedy,total_demand_served,1458.0
results_classical_final.json,R204,R,R2,All,Inflated,Greedy,Inflated Greedy,total_distance,1430.385097769841
results_classical_final.json,R204,R,R2,All,Inflated,Greedy,Inflated Greedy,total_route_duration,5872.099830296201
results_classical_final.json,R204,R,R2,All,Inflated,Greedy,Inflated Greedy,total_service_time,1000.0
results_classical_final.json,R204,R,R2,All,Inflated,Greedy,Inflated Greedy,total_waiting_time,3441.71473252636
results_classical_final.json,R204,R,R2,All,Inflated,Savings,Inflated Savings,capacity_violations,0.0
results_classical_final.json,R204,R,R2,All,Inflated,Savings,Inflated Savings,computation_time,0.0041737499996088445
results_classical_final.json,R204,R,R2,All,Inflated,Savings,Inflated Savings,num_vehicles,7.0
results_classical_final.json,R204,R,R2,All,Inflated,Savings,Inflated Savings,time_window_violations,0.0
results_classical_final.json,R204,R,R2,All,Inflated,Savings,Inflated Savings,total_demand_served,1458.0
results_classical_final.json,R204,R,R2,All,Inflated,Savings,Inflated Savings,total_distance,1091.3523620427147
results_classical_final.json,R204,R,R2,All,Inflated,Savings,Inflated Savings,total_route_duration,5229.213971068737
results_classical_final.json,R204,R,R2,All,Inflated,Savings,Inflated Savings,total_service_time,1000.0
results_classical_final.json,R204,R,R2,All,Inflated,Savings,Inflated Savings,total_waiting_time,3137.8616090260225
results_classical_final.json,R205,R,R2,All,Uncoarsened,Greedy,Uncoarsened Greedy,capacity_violations,0.0
results_classical_final.json,R205,R,R2,All,Uncoarsened,Greedy,Uncoarsened Greedy,computation_time,0.03173383399916929
results_classical_final.json,R205,R,R2,All,Uncoarsened,Greedy,Uncoarsened Greedy,num_vehicles,8.0
results_classical_final.json,R205,R,R2,All,Uncoarsened,Greedy,Uncoarsened Greedy,time_window_violations,0.0
results_classical_final.json,R205,R,R2,All,Uncoarsened,Greedy,Uncoarsened Greedy,total_demand_served,1458.0
results_classical_final.json,R205,R,R2,All,Uncoarsened,Greedy,Uncoarsened Greedy,total_distance,1519.3678006997984
results_classical_final.json,R205,R,R2,All,Uncoarsened,Greedy,Uncoarsened Greedy,total_route_duration,5190.887673840252
results_classical_final.json,R205,R,R2,All,Uncoarsened,Greedy,Uncoarsened Greedy,total_service_time,1000.0
results_classical_final.json,R205,R,R2,All,Uncoarsened,Greedy,Uncoarsened Greedy,total_waiting_time,2671.519873140454
results_classical_final.json,R205,R,R2,All,Uncoarsened,Savings,Uncoarsened Savings,capacity_violations,0.0
results_classical_final.json,R205,R,R2,All,Uncoarsened,Savings,Uncoarsened Savings,computation_time,0.025574832998245256
results_classical_final.json,R205,R,R2,All,Uncoarsened,Savings,Uncoarsened Savings,num_vehicles,12.0
results_classical_final.json,R205,R,R2,All,Uncoarsened,Savings,Uncoarsened Savings,time_window_violations,0.0
results_classical_final.json,R205,R,R2,All,Uncoarsened,Savings,Uncoarsened Savings,total_demand_served,1458.0
results_classical_final.json,R205,R,R2,All,Uncoarsened,Savings,Uncoarsened Savings,total_distance,1146.6247641891312
results_classical_final.json,R205,R,R2,All,Uncoarsened,Savings,Uncoarsened Savings,total_route_duration,8639.194304503884
results_classical_final.json,R205,R,R2,All,Uncoarsened,Savings,Uncoarsened Savings,total_service_time,1000.0
results_classical_final.json,R205,R,R2,All,Uncoarsened,Savings,Uncoarsened Savings,total_waiting_time,6492.569540314752
results_classical_final.json,R205,R,R2,All,Inflated,Greedy,Inflated Greedy,capacity_violations,0.0
results_classical_final.json,R205,R,R2,All,Inflated,Greedy,Inflated Greedy,computation_time,0.0034880410003097495
results_classical_final.json,R205,R,R2,All,Inflated,Greedy,Inflated Greedy,num_vehicles,11.0
results_classical_final.json,R205,R,R2,All,Inflated,Greedy,Inflated Greedy,time_window_violations,0.0
results_classical_final.json,R205,R,R2,All,Inflated,Greedy,Inflated Greedy,total_demand_served,1458.0
results_classical_final.json,R205,R,R2,All,Inflated,Greedy,Inflated Greedy,total_distance,1766.0590661979982
results_classical_final.json,R205,R,R2,All,Inflated,Greedy,Inflated Greedy,total_route_duration,6348.398074291542
results_classical_final.json,R205,R,R2,All,Inflated,Greedy,Inflated Greedy,total_service_time,1000.0
results_classical_final.json,R205,R,R2,All,Inflated,Greedy,Inflated Greedy,total_waiting_time,3582.3390080935455
results_classical_final.json,R205,R,R2,All,Inflated,Savings,Inflated Savings,capacity_violations,0.0
results_classical_final.json,R205,R,R2,All,Inflated,Savings,Inflated Savings,computation_time,0.007401625000056811
results_classical_final.json,R205,R,R2,All,Inflated,Savings,Inflated Savings,num_vehicles,13.0
results_classical_final.json,R205,R,R2,All,Inflated,Savings,Inflated Savings,time_window_violations,2.0
results_classical_final.json,R205,R,R2,All,Inflated,Savings,Inflated Savings,total_demand_served,1458.0
results_classical_final.json,R205,R,R2,All,Inflated,Savings,Inflated Savings,total_distance,1408.5682875817713
results_classical_final.json,R205,R,R2,All,Inflated,Savings,Inflated Savings,total_route_duration,8565.543760659866
results_classical_final.json,R205,R,R2,All,Inflated,Savings,Inflated Savings,total_service_time,1000.0
results_classical_final.json,R205,R,R2,All,Inflated,Savings,Inflated Savings,total_waiting_time,6156.975473078094
results_classical_final.json,R206,R,R2,All,Uncoarsened,Greedy,Uncoarsened Greedy,capacity_violations,0.0
results_classical_final.json,R206,R,R2,All,Uncoarsened,Greedy,Uncoarsened Greedy,computation_time,0.036139124998953776
results_classical_final.json,R206,R,R2,All,Uncoarsened,Greedy,Uncoarsened Greedy,num_vehicles,8.0
results_classical_final.json,R206,R,R2,All,Uncoarsened,Greedy,Uncoarsened Greedy,time_window_violations,0.0
results_classical_final.json,R206,R,R2,All,Uncoarsened,Greedy,Uncoarsened Greedy,total_demand_served,1458.0
results_classical_final.json,R206,R,R2,All,Uncoarsened,Greedy,Uncoarsened Greedy,total_distance,1452.4284655650604
results_classical_final.json,R206,R,R2,All,Uncoarsened,Greedy,Uncoarsened Greedy,total_route_duration,5179.134827159863
results_classical_final.json,R206,R,R2,All,Uncoarsened,Greedy,Uncoarsened Greedy,total_service_time,1000.0
results_classical_final.json,R206,R,R2,All,Uncoarsened,Greedy,Uncoarsened Greedy,total_waiting_time,2726.706361594803
results_classical_final.json,R206,R,R2,All,Uncoarsened,Savings,Uncoarsened Savings,capacity_violations,0.0
results_classical_final.json,R206,R,R2,All,Uncoarsened,Savings,Uncoarsened Savings,computation_time,0.02430679200006125
results_classical_final.json,R206,R,R2,All,Uncoarsened,Savings,Uncoarsened Savings,num_vehicles,12.0
results_classical_final.json,R206,R,R2,All,Uncoarsened,Savings,Uncoarsened Savings,time_window_violations,0.0
results_classical_final.json,R206,R,R2,All,Uncoarsened,Savings,Uncoarsened Savings,total_demand_served,1458.0
results_classical_final.json,R206,R,R2,All,Uncoarsened,Savings,Uncoarsened Savings,total_distance,1103.8454600681725
results_classical_final.json,R206,R,R2,All,Uncoarsened,Savings,Uncoarsened Savings,total_route_duration,8344.36158545526
results_classical_final.json,R206,R,R2,All,Uncoarsened,Savings,Uncoarsened Savings,total_service_time,1000.0
results_classical_final.json,R206,R,R2,All,Uncoarsened,Savings,Uncoarsened Savings,total_waiting_time,6240.516125387091
results_classical_final.json,R206,R,R2,All,Inflated,Greedy,Inflated Greedy,capacity_violations,0.0
results_classical_final.json,R206,R,R2,All,Inflated,Greedy,Inflated Greedy,computation_time,0.003315749998364481
results_classical_final.json,R206,R,R2,All,Inflated,Greedy,Inflated Greedy,num_vehicles,9.0
results_classical_final.json,R206,R,R2,All,Inflated,Greedy,Inflated Greedy,time_window_violations,0.0
results_classical_final.json,R206,R,R2,All,Inflated,Greedy,Inflated Greedy,total_demand_served,1458.0
results_classical_final.json,R206,R,R2,All,Inflated,Greedy,Inflated Greedy,total_distance,1591.907423508233
results_classical_final.json,R206,R,R2,All,Inflated,Greedy,Inflated Greedy,total_route_duration,4941.754734975612
results_classical_final.json,R206,R,R2,All,Inflated,Greedy,Inflated Greedy,total_service_time,1000.0
results_classical_final.json,R206,R,R2,All,Inflated,Greedy,Inflated Greedy,total_waiting_time,2349.8473114673798
results_classical_final.json,R206,R,R2,All,Inflated,Savings,Inflated Savings,capacity_violations,0.0
results_classical_final.json,R206,R,R2,All,Inflated,Savings,Inflated Savings,computation_time,0.0057789580005191965
results_classical_final.json,R206,R,R2,All,Inflated,Savings,Inflated Savings,num_vehicles,10.0
results_classical_final.json,R206,R,R2,All,Inflated,Savings,Inflated Savings,time_window_violations,0.0
results_classical_final.json,R206,R,R2,All,Inflated,Savings,Inflated Savings,total_demand_served,1458.0
results_classical_final.json,R206,R,R2,All,Inflated,Savings,Inflated Savings,total_distance,1246.415323675974
results_classical_final.json,R206,R,R2,All,Inflated,Savings,Inflated Savings,total_route_duration,6891.701224049299
results_classical_final.json,R206,R,R2,All,Inflated,Savings,Inflated Savings,total_service_time,1000.0
results_classical_final.json,R206,R,R2,All,Inflated,Savings,Inflated Savings,total_waiting_time,4645.285900373326
results_classical_final.json,R207,R,R2,All,Uncoarsened,Greedy,Uncoarsened Greedy,capacity_violations,0.0
results_classical_final.json,R207,R,R2,All,Uncoarsened,Greedy,Uncoarsened Greedy,computation_time,0.03691558399987116
results_classical_final.json,R207,R,R2,All,Uncoarsened,Greedy,Uncoarsened Greedy,num_vehicles,9.0
results_classical_final.json,R207,R,R2,All,Uncoarsened,Greedy,Uncoarsened Greedy,time_window_violations,0.0
results_classical_final.json,R207,R,R2,All,Uncoarsened,Greedy,Uncoarsened Greedy,total_demand_served,1458.0
results_classical_final.json,R207,R,R2,All,Uncoarsened,Greedy,Uncoarsened Greedy,total_distance,1429.5123137409723
results_classical_final.json,R207,R,R2,All,Uncoarsened,Greedy,Uncoarsened Greedy,total_route_duration,5860.072875989273
results_classical_final.json,R207,R,R2,All,Uncoarsened,Greedy,Uncoarsened Greedy,total_service_time,1000.0
results_classical_final.json,R207,R,R2,All,Uncoarsened,Greedy,Uncoarsened Greedy,total_waiting_time,3430.560562248302
results_classical_final.json,R207,R,R2,All,Uncoarsened,Savings,Uncoarsened Savings,capacity_violations,0.0
results_classical_final.json,R207,R,R2,All,Uncoarsened,Savings,Uncoarsened Savings,computation_time,0.020930332999341772
results_classical_final.json,R207,R,R2,All,Uncoarsened,Savings,Uncoarsened Savings,num_vehicles,8.0
results_classical_final.json,R207,R,R2,All,Uncoarsened,Savings,Uncoarsened Savings,time_window_violations,0.0
results_classical_final.json,R207,R,R2,All,Uncoarsened,Savings,Uncoarsened Savings,total_demand_served,1458.0
results_classical_final.json,R207,R,R2,All,Uncoarsened,Savings,Uncoarsened Savings,total_distance,943.5303807423462
results_classical_final.json,R207,R,R2,All,Uncoarsened,Savings,Uncoarsened Savings,total_route_duration,6055.8854914206095
results_classical_final.json,R207,R,R2,All,Uncoarsened,Savings,Uncoarsened Savings,total_service_time,1000.0
results_classical_final.json,R207,R,R2,All,Uncoarsened,Savings,Uncoarsened Savings,total_waiting_time,4112.355110678265
results_classical_final.json,R207,R,R2,All,Inflated,Greedy,Inflated Greedy,capacity_violations,0.0
results_classical_final.json,R207,R,R2,All,Inflated,Greedy,Inflated Greedy,computation_time,0.0033344579987897305
results_classical_final.json,R207,R,R2,All,Inflated,Greedy,Inflated Greedy,num_vehicles,8.0
results_classical_final.json,R207,R,R2,All,Inflated,Greedy,Inflated Greedy,time_window_violations,0.0
results_classical_final.json,R207,R,R2,All,Inflated,Greedy,Inflated Greedy,total_demand_served,1458.0
results_classical_final.json,R207,R,R2,All,Inflated,Greedy,Inflated Greedy,total_distance,1520.8662662458512
results_classical_final.json,R207,R,R2,All,Inflated,Greedy,Inflated Greedy,total_route_duration,4670.535547618085
results_classical_final.json,R207,R,R2,All,Inflated,Greedy,Inflated Greedy,total_service_time,1000.0
results_classical_final.json,R207,R,R2,All,Inflated,Greedy,Inflated Greedy,total_waiting_time,2149.6692813722357
results_classical_final.json,R207,R,R2,All,Inflated,Savings,Inflated Savings,capacity_violations,0.0
results_classical_final.json,R207,R,R2,All,Inflated,Savings,Inflated Savings,computation_time,0.00742424999953073
results_classical_final.json,R207,R,R2,All,Inflated,Savings,Inflated Savings,num_vehicles,7.0
results_classical_final.json,R207,R,R2,All,Inflated,Savings,Inflated Savings,time_window_violations,0.0
results_classical_final.json,R207,R,R2,All,Inflated,Savings,Inflated Savings,total_demand_served,1458.0
results_classical_final.json,R207,R,R2,All,Inflated,Savings,Inflated Savings,total_distance,1057.0996794065118
results_classical_final.json,R207,R,R2,All,Inflated,Savings,Inflated Savings,total_route_duration,4861.736113020532
results_classical_final.json,R207,R,R2,All,Inflated,Savings,Inflated Savings,total_service_time,1000.0
results_classical_final.json,R207,R,R2,All,Inflated,Savings,Inflated Savings,total_waiting_time,2804.6364336140196
results_classical_final.json,R208,R,R2,All,Uncoarsened,Greedy,Uncoarsened Greedy,capacity_violations,0.0
results_classical_final.json,R208,R,R2,All,Uncoarsened,Greedy,Uncoarsened Greedy,computation_time,0.05304620800052362
results_classical_final.json,R208,R,R2,All,Uncoarsened,Greedy,Uncoarsened Greedy,num_vehicles,5.0
results_classical_final.json,R208,R,R2,All,Uncoarsened,Greedy,Uncoarsened Greedy,time_window_violations,0.0
results_classical_final.json,R208,R,R2,All,Uncoarsened,Greedy,Uncoarsened Greedy,total_demand_served,1458.0
results_classical_final.json,R208,R,R2,All,Uncoarsened,Greedy,Uncoarsened Greedy,total_distance,993.7399263199026
results_classical_final.json,R208,R,R2,All,Uncoarsened,Greedy,Uncoarsened Greedy,total_route_duration,3980.0846992306188
results_classical_final.json,R208,R,R2,All,Uncoarsened,Greedy,Uncoarsened Greedy,total_service_time,1000.0
results_classical_final.json,R208,R,R2,All,Uncoarsened,Greedy,Uncoarsened Greedy,total_waiting_time,1986.3447729107163
results_classical_final.json,R208,R,R2,All,Uncoarsened,Savings,Uncoarsened Savings,capacity_violations,0.0
results_classical_final.json,R208,R,R2,All,Uncoarsened,Savings,Uncoarsened Savings,computation_time,0.02214795800136926
results_classical_final.json,R208,R,R2,All,Uncoarsened,Savings,Uncoarsened Savings,num_vehicles,5.0
results_classical_final.json,R208,R,R2,All,Uncoarsened,Savings,Uncoarsened Savings,time_window_violations,0.0
results_classical_final.json,R208,R,R2,All,Uncoarsened,Savings,Uncoarsened Savings,total_demand_served,1458.0
results_classical_final.json,R208,R,R2,All,Uncoarsened,Savings,Uncoarsened Savings,total_distance,824.2340681996469
results_classical_final.json,R208,R,R2,All,Uncoarsened,Savings,Uncoarsened Savings,total_route_duration,3524.2743444783314
results_classical_final.json,R208,R,R2,All,Uncoarsened,Savings,Uncoarsened Savings,total_service_time,1000.0
results_classical_final.json,R208,R,R2,All,Uncoarsened,Savings,Uncoarsened Savings,total_waiting_time,1700.0402762786841
results_classical_final.json,R208,R,R2,All,Inflated,Greedy,Inflated Greedy,capacity_violations,0.0
results_classical_final.json,R208,R,R2,All,Inflated,Greedy,Inflated Greedy,computation_time,0.0034891659997811075
results_classical_final.json,R208,R,R2,All,Inflated,Greedy,Inflated Greedy,num_vehicles,6.0
results_classical_final.json,R208,R,R2,All,Inflated,Greedy,Inflated Greedy,time_window_violations,4.0
results_classical_final.json,R208,R,R2,All,Inflated,Greedy,Inflated Greedy,total_demand_served,1458.0
results_classical_final.json,R208,R,R2,All,Inflated,Greedy,Inflated Greedy,total_distance,1285.9687897865513
results_classical_final.json,R208,R,R2,All,Inflated,Greedy,Inflated Greedy,total_route_duration,4034.0642133828765
results_classical_final.json,R208,R,R2,All,Inflated,Greedy,Inflated Greedy,total_service_time,1000.0
results_classical_final.json,R208,R,R2,All,Inflated,Greedy,Inflated Greedy,total_waiting_time,1748.0954235963259
results_classical_final.json,R208,R,R2,All,Inflated,Savings,Inflated Savings,capacity_violations,0.0
results_classical_final.json,R208,R,R2,All,Inflated,Savings,Inflated Savings,computation_time,0.0072534999999334104
results_classical_final.json,R208,R,R2,All,Inflated,Savings,Inflated Savings,num_vehicles,6.0
results_classical_final.json,R208,R,R2,All,Inflated,Savings,Inflated Savings,time_window_violations,0.0
results_classical_final.json,R208,R,R2,All,Inflated,Savings,Inflated Savings,total_demand_served,1458.0
results_classical_final.json,R208,R,R2,All,Inflated,Savings,Inflated Savings,total_distance,953.0388054167826
results_classical_final.json,R208,R,R2,All,Inflated,Savings,Inflated Savings,total_route_duration,4172.7575685069505
results_classical_final.json,R208,R,R2,All,Inflated,Savings,Inflated Savings,total_service_time,1000.0
results_classical_final.json,R208,R,R2,All,Inflated,Savings,Inflated Savings,total_waiting_time,2219.7187630901676
results_classical_final.json,R209,R,R2,All,Uncoarsened,Greedy,Uncoarsened Greedy,capacity_violations,0.0
results_classical_final.json,R209,R,R2,All,Uncoarsened,Greedy,Uncoarsened Greedy,computation_time,0.03728445799970359
results_classical_final.json,R209,R,R2,All,Uncoarsened,Greedy,Uncoarsened Greedy,num_vehicles,8.0
results_classical_final.json,R209,R,R2,All,Uncoarsened,Greedy,Uncoarsened Greedy,time_window_violations,0.0
results_classical_final.json,R209,R,R2,All,Uncoarsened,Greedy,Uncoarsened Greedy,total_demand_served,1458.0
results_classical_final.json,R209,R,R2,All,Uncoarsened,Greedy,Uncoarsened Greedy,total_distance,1471.9078898642376
results_classical_final.json,R209,R,R2,All,Uncoarsened,Greedy,Uncoarsened Greedy,total_route_duration,4943.92744879643
results_classical_final.json,R209,R,R2,All,Uncoarsened,Greedy,Uncoarsened Greedy,total_service_time,1000.0
results_classical_final.json,R209,R,R2,All,Uncoarsened,Greedy,Uncoarsened Greedy,total_waiting_time,2472.019558932193
results_classical_final.json,R209,R,R2,All,Uncoarsened,Savings,Uncoarsened Savings,capacity_violations,0.0
results_classical_final.json,R209,R,R2,All,Uncoarsened,Savings,Uncoarsened Savings,computation_time,0.025475832999291015
results_classical_final.json,R209,R,R2,All,Uncoarsened,Savings,Uncoarsened Savings,num_vehicles,12.0
results_classical_final.json,R209,R,R2,All,Uncoarsened,Savings,Uncoarsened Savings,time_window_violations,0.0
results_classical_final.json,R209,R,R2,All,Uncoarsened,Savings,Uncoarsened Savings,total_demand_served,1458.0
results_classical_final.json,R209,R,R2,All,Uncoarsened,Savings,Uncoarsened Savings,total_distance,1092.9917217597763
results_classical_final.json,R209,R,R2,All,Uncoarsened,Savings,Uncoarsened Savings,total_route_duration,7490.551927740323
results_classical_final.json,R209,R,R2,All,Uncoarsened,Savings,Uncoarsened Savings,total_service_time,1000.0
results_classical_final.json,R209,R,R2,All,Uncoarsened,Savings,Uncoarsened Savings,total_waiting_time,5397.560205980547
results_classical_final.json,R209,R,R2,All,Inflated,Greedy,Inflated Greedy,capacity_violations,0.0
results_classical_final.json,R209,R,R2,All,Inflated,Greedy,Inflated Greedy,computation_time,0.003289915999630466
results_classical_final.json,R209,R,R2,All,Inflated,Greedy,Inflated Greedy,num_vehicles,7.0
results_classical_final.json,R209,R,R2,All,Inflated,Greedy,Inflated Greedy,time_window_violations,1.0
results_classical_final.json,R209,R,R2,All,Inflated,Greedy,Inflated Greedy,total_demand_served,1458.0
results_classical_final.json,R209,R,R2,All,Inflated,Greedy,Inflated Greedy,total_distance,1629.0202377845867
results_classical_final.json,R209,R,R2,All,Inflated,Greedy,Inflated Greedy,total_route_duration,4411.195714484505
results_classical_final.json,R209,R,R2,All,Inflated,Greedy,Inflated Greedy,total_service_time,1000.0
results_classical_final.json,R209,R,R2,All,Inflated,Greedy,Inflated Greedy,total_waiting_time,1782.1754766999181
results_classical_final.json,R209,R,R2,All,Inflated,Savings,Inflated Savings,capacity_violations,0.0
results_classical_final.json,R209,R,R2,All,Inflated,Savings,Inflated Savings,computation_time,0.0046058750012889504
results_classical_final.json,R209,R,R2,All,Inflated,Savings,Inflated Savings,num_vehicles,8.0
results_classical_final.json,R209,R,R2,All,Inflated,Savings,Inflated Savings,time_window_violations,0.0
results_classical_final.json,R209,R,R2,All,Inflated,Savings,Inflated Savings,total_demand_served,1458.0
results_classical_final.json,R209,R,R2,All,Inflated,Savings,Inflated Savings,total_distance,1190.4372810490831
results_classical_final.json,R209,R,R2,All,Inflated,Savings,Inflated Savings,total_route_duration,5175.166081066544
results_classical_final.json,R209,R,R2,All,Inflated,Savings,Inflated Savings,total_service_time,1000.0
results_classical_final.json,R209,R,R2,All,Inflated,Savings,Inflated Savings,total_waiting_time,2984.7288000174617
results_classical_final.json,R210,R,R2,All,Uncoarsened,Greedy,Uncoarsened Greedy,capacity_violations,0.0
results_classical_final.json,R210,R,R2,All,Uncoarsened,Greedy,Uncoarsened Greedy,computation_time,0.045221333999506896
results_classical_final.json,R210,R,R2,All,Uncoarsened,Greedy,Uncoarsened Greedy,num_vehicles,9.0
results_classical_final.json,R210,R,R2,All,Uncoarsened,Greedy,Uncoarsened Greedy,time_window_violations,0.0
results_classical_final.json,R210,R,R2,All,Uncoarsened,Greedy,Uncoarsened Greedy,total_demand_served,1458.0
results_classical_final.json,R210,R,R2,All,Uncoarsened,Greedy,Uncoarsened Greedy,total_distance,1564.0979948834474
results_classical_final.json,R210,R,R2,All,Uncoarsened,Greedy,Uncoarsened Greedy,total_route_duration,6259.206328915203
results_classical_final.json,R210,R,R2,All,Uncoarsened,Greedy,Uncoarsened Greedy,total_service_time,1000.0
results_classical_final.json,R210,R,R2,All,Uncoarsened,Greedy,Uncoarsened Greedy,total_waiting_time,3695.1083340317573
results_classical_final.json,R210,R,R2,All,Uncoarsened,Savings,Uncoarsened Savings,capacity_violations,0.0
results_classical_final.json,R210,R,R2,All,Uncoarsened,Savings,Uncoarsened Savings,computation_time,0.022994708000624087
results_classical_final.json,R210,R,R2,All,Uncoarsened,Savings,Uncoarsened Savings,num_vehicles,11.0
results_classical_final.json,R210,R,R2,All,Uncoarsened,Savings,Uncoarsened Savings,time_window_violations,0.0
results_classical_final.json,R210,R,R2,All,Uncoarsened,Savings,Uncoarsened Savings,total_demand_served,1458.0
results_classical_final.json,R210,R,R2,All,Uncoarsened,Savings,Uncoarsened Savings,total_distance,1062.054803410711
results_classical_final.json,R210,R,R2,All,Uncoarsened,Savings,Uncoarsened Savings,total_route_duration,7714.030216656063
results_classical_final.json,R210,R,R2,All,Uncoarsened,Savings,Uncoarsened Savings,total_service_time,1000.0
results_classical_final.json,R210,R,R2,All,Uncoarsened,Savings,Uncoarsened Savings,total_waiting_time,5651.975413245352
results_classical_final.json,R210,R,R2,All,Inflated,Greedy,Inflated Greedy,capacity_violations,0.0
results_classical_final.json,R210,R,R2,All,Inflated,Greedy,Inflated Greedy,computation_time,0.003486999999950058
results_classical_final.json,R210,R,R2,All,Inflated,Greedy,Inflated Greedy,num_vehicles,8.0
results_classical_final.json,R210,R,R2,All,Inflated,Greedy,Inflated Greedy,time_window_violations,0.0
results_classical_final.json,R210,R,R2,All,Inflated,Greedy,Inflated Greedy,total_demand_served,1458.0
results_classical_final.json,R210,R,R2,All,Inflated,Greedy,Inflated Greedy,total_distance,1581.713336111844
results_classical_final.json,R210,R,R2,All,Inflated,Greedy,Inflated Greedy,total_route_duration,5288.641108097796
results_classical_final.json,R210,R,R2,All,Inflated,Greedy,Inflated Greedy,total_service_time,1000.0
results_classical_final.json,R210,R,R2,All,Inflated,Greedy,Inflated Greedy,total_waiting_time,2706.927771985953
results_classical_final.json,R210,R,R2,All,Inflated,Savings,Inflated Savings,capacity_violations,0.0
results_classical_final.json,R210,R,R2,All,Inflated,Savings,Inflated Savings,computation_time,0.009762874999069027
results_classical_final.json,R210,R,R2,All,Inflated,Savings,Inflated Savings,num_vehicles,11.0
results_classical_final.json,R210,R,R2,All,Inflated,Savings,Inflated Savings,time_window_violations,0.0
results_classical_final.json,R210,R,R2,All,Inflated,Savings,Inflated Savings,total_demand_served,1458.0
results_classical_final.json,R210,R,R2,All,Inflated,Savings,Inflated Savings,total_distance,1239.8282452824958
results_classical_final.json,R210,R,R2,All,Inflated,Savings,Inflated Savings,total_route_duration,7935.999754767536
results_classical_final.json,R210,R,R2,All,Inflated,Savings,Inflated Savings,total_service_time,1000.0
results_classical_final.json,R210,R,R2,All,Inflated,Savings,Inflated Savings,total_waiting_time,5696.17150948504
results_classical_final.json,R211,R,R2,All,Uncoarsened,Greedy,Uncoarsened Greedy,capacity_violations,0.0
results_classical_final.json,R211,R,R2,All,Uncoarsened,Greedy,Uncoarsened Greedy,computation_time,0.05022258300050453
results_classical_final.json,R211,R,R2,All,Uncoarsened,Greedy,Uncoarsened Greedy,num_vehicles,5.0
results_classical_final.json,R211,R,R2,All,Uncoarsened,Greedy,Uncoarsened Greedy,time_window_violations,0.0
results_classical_final.json,R211,R,R2,All,Uncoarsened,Greedy,Uncoarsened Greedy,total_demand_served,1458.0
results_classical_final.json,R211,R,R2,All,Uncoarsened,Greedy,Uncoarsened Greedy,total_distance,1268.6447718037161
results_classical_final.json,R211,R,R2,All,Uncoarsened,Greedy,Uncoarsened Greedy,total_route_duration,3289.902030942071
results_classical_final.json,R211,R,R2,All,Uncoarsened,Greedy,Uncoarsened Greedy,total_service_time,1000.0
results_classical_final.json,R211,R,R2,All,Uncoarsened,Greedy,Uncoarsened Greedy,total_waiting_time,1021.2572591383548
results_classical_final.json,R211,R,R2,All,Uncoarsened,Savings,Uncoarsened Savings,capacity_violations,0.0
results_classical_final.json,R211,R,R2,All,Uncoarsened,Savings,Uncoarsened Savings,computation_time,0.02118700000028184
results_classical_final.json,R211,R,R2,All,Uncoarsened,Savings,Uncoarsened Savings,num_vehicles,8.0
results_classical_final.json,R211,R,R2,All,Uncoarsened,Savings,Uncoarsened Savings,time_window_violations,0.0
results_classical_final.json,R211,R,R2,All,Uncoarsened,Savings,Uncoarsened Savings,total_demand_served,1458.0
results_classical_final.json,R211,R,R2,All,Uncoarsened,Savings,Uncoarsened Savings,total_distance,891.6562568080428
results_classical_final.json,R211,R,R2,All,Uncoarsened,Savings,Uncoarsened Savings,total_route_duration,4675.993208143546
results_classical_final.json,R211,R,R2,All,Uncoarsened,Savings,Uncoarsened Savings,total_service_time,1000.0
results_classical_final.json,R211,R,R2,All,Uncoarsened,Savings,Uncoarsened Savings,total_waiting_time,2784.3369513355037
results_classical_final.json,R211,R,R2,All,Inflated,Greedy,Inflated Greedy,capacity_violations,0.0
results_classical_final.json,R211,R,R2,All,Inflated,Greedy,Inflated Greedy,computation_time,0.0034752499996102415
results_classical_final.json,R211,R,R2,All,Inflated,Greedy,Inflated Greedy,num_vehicles,10.0
results_classical_final.json,R211,R,R2,All,Inflated,Greedy,Inflated Greedy,time_window_violations,0.0
results_classical_final.json,R211,R,R2,All,Inflated,Greedy,Inflated Greedy,total_demand_served,1458.0
results_classical_final.json,R211,R,R2,All,Inflated,Greedy,Inflated Greedy,total_distance,1483.8601149363467
results_classical_final.json,R211,R,R2,All,Inflated,Greedy,Inflated Greedy,total_route_duration,5937.817865640328
results_classical_final.json,R211,R,R2,All,Inflated,Greedy,Inflated Greedy,total_service_time,1000.0
results_classical_final.json,R211,R,R2,All,Inflated,Greedy,Inflated Greedy,total_waiting_time,3453.9577507039803
results_classical_final.json,R211,R,R2,All,Inflated,Savings,Inflated Savings,capacity_violations,0.0
results_classical_final.json,R211,R,R2,All,Inflated,Savings,Inflated Savings,computation_time,0.008113833000606974
results_classical_final.json,R211,R,R2,All,Inflated,Savings,Inflated Savings,num_vehicles,10.0
results_classical_final.json,R211,R,R2,All,Inflated,Savings,Inflated Savings,time_window_violations,0.0
results_classical_final.json,R211,R,R2,All,Inflated,Savings,Inflated Savings,total_demand_served,1458.0
results_classical_final.json,R211,R,R2,All,Inflated,Savings,Inflated Savings,total_distance,1051.6081426392066
results_classical_final.json,R211,R,R2,All,Inflated,Savings,Inflated Savings,total_route_duration,5690.756648709352
results_classical_final.json,R211,R,R2,All,Inflated,Savings,Inflated Savings,total_service_time,1000.0
results_classical_final.json,R211,R,R2,All,Inflated,Savings,Inflated Savings,total_waiting_time,3639.148506070145
results_classical_final.json,RC101,RC,RC1,All,Uncoarsened,Greedy,Uncoarsened Greedy,capacity_violations,0.0
results_classical_final.json,RC101,RC,RC1,All,Uncoarsened,Greedy,Uncoarsened Greedy,computation_time,0.023199915998702636
results_classical_final.json,RC101,RC,RC1,All,Uncoarsened,Greedy,Uncoarsened Greedy,num_vehicles,27.0
results_classical_final.json,RC101,RC,RC1,All,Uncoarsened,Greedy,Uncoarsened Greedy,time_window_violations,0.0
results_classical_final.json,RC101,RC,RC1,All,Uncoarsened,Greedy,Uncoarsened Greedy,total_demand_served,1724.0
results_classical_final.json,RC101,RC,RC1,All,Uncoarsened,Greedy,Uncoarsened Greedy,total_distance,2711.2980771996213
results_classical_final.json,RC101,RC,RC1,All,Uncoarsened,Greedy,Uncoarsened Greedy,total_route_duration,5022.879442816156
results_classical_final.json,RC101,RC,RC1,All,Uncoarsened,Greedy,Uncoarsened Greedy,total_service_time,1000.0
results_classical_final.json,RC101,RC,RC1,All,Uncoarsened,Greedy,Uncoarsened Greedy,total_waiting_time,1311.5813656165358
results_classical_final.json,RC101,RC,RC1,All,Uncoarsened,Savings,Uncoarsened Savings,capacity_violations,0.0
results_classical_final.json,RC101,RC,RC1,All,Uncoarsened,Savings,Uncoarsened Savings,computation_time,0.05336229099884804
results_classical_final.json,RC101,RC,RC1,All,Uncoarsened,Savings,Uncoarsened Savings,num_vehicles,29.0
results_classical_final.json,RC101,RC,RC1,All,Uncoarsened,Savings,Uncoarsened Savings,time_window_violations,0.0
results_classical_final.json,RC101,RC,RC1,All,Uncoarsened,Savings,Uncoarsened Savings,total_demand_served,1724.0
results_classical_final.json,RC101,RC,RC1,All,Uncoarsened,Savings,Uncoarsened Savings,total_distance,2497.9782502572693
results_classical_final.json,RC101,RC,RC1,All,Uncoarsened,Savings,Uncoarsened Savings,total_route_duration,5294.888091922915
results_classical_final.json,RC101,RC,RC1,All,Uncoarsened,Savings,Uncoarsened Savings,total_service_time,1000.0
results_classical_final.json,RC101,RC,RC1,All,Uncoarsened,Savings,Uncoarsened Savings,total_waiting_time,1796.9098416656448
results_classical_final.json,RC101,RC,RC1,All,Inflated,Greedy,Inflated Greedy,capacity_violations,0.0
results_classical_final.json,RC101,RC,RC1,All,Inflated,Greedy,Inflated Greedy,computation_time,0.006127916998593719
results_classical_final.json,RC101,RC,RC1,All,Inflated,Greedy,Inflated Greedy,num_vehicles,23.0
results_classical_final.json,RC101,RC,RC1,All,Inflated,Greedy,Inflated Greedy,time_window_violations,2.0
results_classical_final.json,RC101,RC,RC1,All,Inflated,Greedy,Inflated Greedy,total_demand_served,1724.0
results_classical_final.json,RC101,RC,RC1,All,Inflated,Greedy,Inflated Greedy,total_distance,2325.490159849607
results_classical_final.json,RC101,RC,RC1,All,Inflated,Greedy,Inflated Greedy,total_route_duration,4237.86512242392
results_classical_final.json,RC101,RC,RC1,All,Inflated,Greedy,Inflated Greedy,total_service_time,1000.0
results_classical_final.json,RC101,RC,RC1,All,Inflated,Greedy,Inflated Greedy,total_waiting_time,912.3749625743137
results_classical_final.json,RC101,RC,RC1,All,Inflated,Savings,Inflated Savings,capacity_violations,0.0
results_classical_final.json,RC101,RC,RC1,All,Inflated,Savings,Inflated Savings,computation_time,0.00686416700045811
results_classical_final.json,RC101,RC,RC1,All,Inflated,Savings,Inflated Savings,num_vehicles,26.0
results_classical_final.json,RC101,RC,RC1,All,Inflated,Savings,Inflated Savings,time_window_violations,4.0
results_classical_final.json,RC101,RC,RC1,All,Inflated,Savings,Inflated Savings,total_demand_served,1724.0
results_classical_final.json,RC101,RC,RC1,All,Inflated,Savings,Inflated Savings,total_distance,2533.9434191381315
results_classical_final.json,RC101,RC,RC1,All,Inflated,Savings,Inflated Savings,total_route_duration,4657.664547945858
results_classical_final.json,RC101,RC,RC1,All,Inflated,Savings,Inflated Savings,total_service_time,1000.0
results_classical_final.json,RC101,RC,RC1,All,Inflated,Savings,Inflated Savings,total_waiting_time,1123.7211288077287
results_classical_final.json,RC102,RC,RC1,All,Uncoarsened,Greedy,Uncoarsened Greedy,capacity_violations,0.0
results_classical_final.json,RC102,RC,RC1,All,Uncoarsened,Greedy,Uncoarsened Greedy,computation_time,0.02318708399980096
results_classical_final.json,RC102,RC,RC1,All,Uncoarsened,Greedy,Uncoarsened Greedy,num_vehicles,27.0
results_classical_final.json,RC102,RC,RC1,All,Uncoarsened,Greedy,Uncoarsened Greedy,time_window_violations,0.0
results_classical_final.json,RC102,RC,RC1,All,Uncoarsened,Greedy,Uncoarsened Greedy,total_demand_served,1724.0
results_classical_final.json,RC102,RC,RC1,All,Uncoarsened,Greedy,Uncoarsened Greedy,total_distance,2651.0770336522364
results_classical_final.json,RC102,RC,RC1,All,Uncoarsened,Greedy,Uncoarsened Greedy,total_route_duration,5206.204775343795
results_classical_final.json,RC102,RC,RC1,All,Uncoarsened,Greedy,Uncoarsened Greedy,total_service_time,1000.0
results_classical_final.json,RC102,RC,RC1,All,Uncoarsened,Greedy,Uncoarsened Greedy,total_waiting_time,1555.1277416915584
results_classical_final.json,RC102,RC,RC1,All,Uncoarsened,Savings,Uncoarsened Savings,capacity_violations,0.0
results_classical_final.json,RC102,RC,RC1,All,Uncoarsened,Savings,Uncoarsened Savings,computation_time,0.04354299999977229
results_classical_final.json,RC102,RC,RC1,All,Uncoarsened,Savings,Uncoarsened Savings,num_vehicles,23.0
results_classical_final.json,RC102,RC,RC1,All,Uncoarsened,Savings,Uncoarsened Savings,time_window_violations,0.0
results_classical_final.json,RC102,RC,RC1,All,Uncoarsened,Savings,Uncoarsened Savings,total_demand_served,1724.0
results_classical_final.json,RC102,RC,RC1,All,Uncoarsened,Savings,Uncoarsened Savings,total_distance,2036.072698959218
results_classical_final.json,RC102,RC,RC1,All,Uncoarsened,Savings,Uncoarsened Savings,total_route_duration,4379.459087871774
results_classical_final.json,RC102,RC,RC1,All,Uncoarsened,Savings,Uncoarsened Savings,total_service_time,1000.0
results_classical_final.json,RC102,RC,RC1,All,Uncoarsened,Savings,Uncoarsened Savings,total_waiting_time,1343.3863889125569
results_classical_final.json,RC102,RC,RC1,All,Inflated,Greedy,Inflated Greedy,capacity_violations,0.0
results_classical_final.json,RC102,RC,RC1,All,Inflated,Greedy,Inflated Greedy,computation_time,0.006770666001102654
results_classical_final.json,RC102,RC,RC1,All,Inflated,Greedy,Inflated Greedy,num_vehicles,26.0
results_classical_final.json,RC102,RC,RC1,All,Inflated,Greedy,Inflated Greedy,time_window_violations,1.0
results_classical_final.json,RC102,RC,RC1,All,Inflated,Greedy,Inflated Greedy,total_demand_served,1724.0
results_classical_final.json,RC102,RC,RC1,All,Inflated,Greedy,Inflated Greedy,total_distance,2478.6501488117915
results_classical_final.json,RC102,RC,RC1,All,Inflated,Greedy,Inflated Greedy,total_route_duration,4635.093479341802
results_classical_final.json,RC102,RC,RC1,All,Inflated,Greedy,Inflated Greedy,total_service_time,1000.0
results_classical_final.json,RC102,RC,RC1,All,Inflated,Greedy,Inflated Greedy,total_waiting_time,1156.4433305300115
results_classical_final.json,RC102,RC,RC1,All,Inflated,Savings,Inflated Savings,capacity_violations,0.0
results_classical_final.json,RC102,RC,RC1,All,Inflated,Savings,Inflated Savings,computation_time,0.006317708999631577
results_classical_final.json,RC102,RC,RC1,All,Inflated,Savings,Inflated Savings,num_vehicles,25.0
results_classical_final.json,RC102,RC,RC1,All,Inflated,Savings,Inflated Savings,time_window_violations,5.0
results_classical_final.json,RC102,RC,RC1,All,Inflated,Savings,Inflated Savings,total_demand_served,1724.0
results_classical_final.json,RC102,RC,RC1,All,Inflated,Savings,Inflated Savings,total_distance,2481.7944810825957
results_classical_final.json,RC102,RC,RC1,All,Inflated,Savings,Inflated Savings,total_route_duration,4483.003070708432
results_classical_final.json,RC102,RC,RC1,All,Inflated,Savings,Inflated Savings,total_service_time,1000.0
results_classical_final.json,RC102,RC,RC1,All,Inflated,Savings,Inflated Savings,total_waiting_time,1001.2085896258365
results_classical_final.json,RC103,RC,RC1,All,Uncoarsened,Greedy,Uncoarsened Greedy,capacity_violations,0.0
results_classical_final.json,RC103,RC,RC1,All,Uncoarsened,Greedy,Uncoarsened Greedy,computation_time,0.024388415999055724
results_classical_final.json,RC103,RC,RC1,All,Uncoarsened,Greedy,Uncoarsened Greedy,num_vehicles,23.0
results_classical_final.json,RC103,RC,RC1,All,Uncoarsened,Greedy,Uncoarsened Greedy,time_window_violations,0.0
results_classical_final.json,RC103,RC,RC1,All,Uncoarsened,Greedy,Uncoarsened Greedy,total_demand_served,1724.0
results_classical_final.json,RC103,RC,RC1,All,Uncoarsened,Greedy,Uncoarsened Greedy,total_distance,2220.763254504051
results_classical_final.json,RC103,RC,RC1,All,Uncoarsened,Greedy,Uncoarsened Greedy,total_route_duration,4702.645451363762
results_classical_final.json,RC103,RC,RC1,All,Uncoarsened,Greedy,Uncoarsened Greedy,total_service_time,1000.0
results_classical_final.json,RC103,RC,RC1,All,Uncoarsened,Greedy,Uncoarsened Greedy,total_waiting_time,1481.8821968597103
results_classical_final.json,RC103,RC,RC1,All,Uncoarsened,Savings,Uncoarsened Savings,capacity_violations,0.0
results_classical_final.json,RC103,RC,RC1,All,Uncoarsened,Savings,Uncoarsened Savings,computation_time,0.035692250001375214
results_classical_final.json,RC103,RC,RC1,All,Uncoarsened,Savings,Uncoarsened Savings,num_vehicles,19.0
results_classical_final.json,RC103,RC,RC1,All,Uncoarsened,Savings,Uncoarsened Savings,time_window_violations,0.0
results_classical_final.json,RC103,RC,RC1,All,Uncoarsened,Savings,Uncoarsened Savings,total_demand_served,1724.0
results_classical_final.json,RC103,RC,RC1,All,Uncoarsened,Savings,Uncoarsened Savings,total_distance,1762.5195053455657
results_classical_final.json,RC103,RC,RC1,All,Uncoarsened,Savings,Uncoarsened Savings,total_route_duration,3641.1881587215707
results_classical_final.json,RC103,RC,RC1,All,Uncoarsened,Savings,Uncoarsened Savings,total_service_time,1000.0
results_classical_final.json,RC103,RC,RC1,All,Uncoarsened,Savings,Uncoarsened Savings,total_waiting_time,878.6686533760059
results_classical_final.json,RC103,RC,RC1,All,Inflated,Greedy,Inflated Greedy,capacity_violations,0.0
results_classical_final.json,RC103,RC,RC1,All,Inflated,Greedy,Inflated Greedy,computation_time,0.005616000000372878
results_classical_final.json,RC103,RC,RC1,All,Inflated,Greedy,Inflated Greedy,num_vehicles,21.0
results_classical_final.json,RC103,RC,RC1,All,Inflated,Greedy,Inflated Greedy,time_window_violations,0.0
results_classical_final.json,RC103,RC,RC1,All,Inflated,Greedy,Inflated Greedy,total_demand_served,1724.0
results_classical_final.json,RC103,RC,RC1,All,Inflated,Greedy,Inflated Greedy,total_distance,2218.319348419916
results_classical_final.json,RC103,RC,RC1,All,Inflated,Greedy,Inflated Greedy,total_route_duration,3796.3240586851343
results_classical_final.json,RC103,RC,RC1,All,Inflated,Greedy,Inflated Greedy,total_service_time,1000.0
results_classical_final.json,RC103,RC,RC1,All,Inflated,Greedy,Inflated Greedy,total_waiting_time,578.0047102652197
results_classical_final.json,RC103,RC,RC1,All,Inflated,Savings,Inflated Savings,capacity_violations,0.0
results_classical_final.json,RC103,RC,RC1,All,Inflated,Savings,Inflated Savings,computation_time,0.006298166001215577
results_classical_final.json,RC103,RC,RC1,All,Inflated,Savings,Inflated Savings,num_vehicles,23.0
results_classical_final.json,RC103,RC,RC1,All,Inflated,Savings,Inflated Savings,time_window_violations,0.0
results_classical_final.json,RC103,RC,RC1,All,Inflated,Savings,Inflated Savings,total_demand_served,1724.0
results_classical_final.json,RC103,RC,RC1,All,Inflated,Savings,Inflated Savings,total_distance,2242.105262123056
results_classical_final.json,RC103,RC,RC1,All,Inflated,Savings,Inflated Savings,total_route_duration,3997.7079957201317
results_classical_final.json,RC103,RC,RC1,All,Inflated,Savings,Inflated Savings,total_service_time,1000.0
results_classical_final.json,RC103,RC,RC1,All,Inflated,Savings,Inflated Savings,total_waiting_time,755.6027335970759
results_classical_final.json,RC104,RC,RC1,All,Uncoarsened,Greedy,Uncoarsened Greedy,capacity_violations,0.0
results_classical_final.json,RC104,RC,RC1,All,Uncoarsened,Greedy,Uncoarsened Greedy,computation_time,0.028278750000026776
results_classical_final.json,RC104,RC,RC1,All,Uncoarsened,Greedy,Uncoarsened Greedy,num_vehicles,16.0
results_classical_final.json,RC104,RC,RC1,All,Uncoarsened,Greedy,Uncoarsened Greedy,time_window_violations,0.0
results_classical_final.json,RC104,RC,RC1,All,Uncoarsened,Greedy,Uncoarsened Greedy,total_demand_served,1724.0
results_classical_final.json,RC104,RC,RC1,All,Uncoarsened,Greedy,Uncoarsened Greedy,total_distance,1758.6123296055925
results_classical_final.json,RC104,RC,RC1,All,Uncoarsened,Greedy,Uncoarsened Greedy,total_route_duration,3237.9595689654143
results_classical_final.json,RC104,RC,RC1,All,Uncoarsened,Greedy,Uncoarsened Greedy,total_service_time,1000.0
results_classical_final.json,RC104,RC,RC1,All,Uncoarsened,Greedy,Uncoarsened Greedy,total_waiting_time,479.34723935982146
results_classical_final.json,RC104,RC,RC1,All,Uncoarsened,Savings,Uncoarsened Savings,capacity_violations,0.0
results_classical_final.json,RC104,RC,RC1,All,Uncoarsened,Savings,Uncoarsened Savings,computation_time,0.030975915999079007
results_classical_final.json,RC104,RC,RC1,All,Uncoarsened,Savings,Uncoarsened Savings,num_vehicles,15.0
results_classical_final.json,RC104,RC,RC1,All,Uncoarsened,Savings,Uncoarsened Savings,time_window_violations,0.0
results_classical_final.json,RC104,RC,RC1,All,Uncoarsened,Savings,Uncoarsened Savings,total_demand_served,1724.0
results_classical_final.json,RC104,RC,RC1,All,Uncoarsened,Savings,Uncoarsened Savings,total_distance,1503.5203647972141
results_classical_final.json,RC104,RC,RC1,All,Uncoarsened,Savings,Uncoarsened Savings,total_route_duration,2954.90178571691
results_classical_final.json,RC104,RC,RC1,All,Uncoarsened,Savings,Uncoarsened Savings,total_service_time,1000.0
results_classical_final.json,RC104,RC,RC1,All,Uncoarsened,Savings,Uncoarsened Savings,total_waiting_time,451.3814209196964
results_classical_final.json,RC104,RC,RC1,All,Inflated,Greedy,Inflated Greedy,capacity_violations,0.0
results_classical_final.json,RC104,RC,RC1,All,Inflated,Greedy,Inflated Greedy,computation_time,0.005095665999760968
results_classical_final.json,RC104,RC,RC1,All,Inflated,Greedy,Inflated Greedy,num_vehicles,17.0
results_classical_final.json,RC104,RC,RC1,All,Inflated,Greedy,Inflated Greedy,time_window_violations,4.0
results_classical_final.json,RC104,RC,RC1,All,Inflated,Greedy,Inflated Greedy,total_demand_served,1724.0
results_classical_final.json,RC104,RC,RC1,All,Inflated,Greedy,Inflated Greedy,total_distance,1972.9934726242293
results_classical_final.json,RC104,RC,RC1,All,Inflated,Greedy,Inflated Greedy,total_route_duration,3369.9241336413247
results_classical_final.json,RC104,RC,RC1,All,Inflated,Greedy,Inflated Greedy,total_service_time,1000.0
results_classical_final.json,RC104,RC,RC1,All,Inflated,Greedy,Inflated Greedy,total_waiting_time,396.93066101709627
results_classical_final.json,RC104,RC,RC1,All,Inflated,Savings,Inflated Savings,capacity_violations,0.0
results_classical_final.json,RC104,RC,RC1,All,Inflated,Savings,Inflated Savings,computation_time,0.00588554100067995
results_classical_final.json,RC104,RC,RC1,All,Inflated,Savings,Inflated Savings,num_vehicles,20.0
results_classical_final.json,RC104,RC,RC1,All,Inflated,Savings,Inflated Savings,time_window_violations,2.0
results_classical_final.json,RC104,RC,RC1,All,Inflated,Savings,Inflated Savings,total_demand_served,1724.0
results_classical_final.json,RC104,RC,RC1,All,Inflated,Savings,Inflated Savings,total_distance,2021.9015112558398
results_classical_final.json,RC104,RC,RC1,All,Inflated,Savings,Inflated Savings,total_route_duration,3536.218448655393
results_classical_final.json,RC104,RC,RC1,All,Inflated,Savings,Inflated Savings,total_service_time,1000.0
results_classical_final.json,RC104,RC,RC1,All,Inflated,Savings,Inflated Savings,total_waiting_time,514.3169373995527
results_classical_final.json,RC105,RC,RC1,All,Uncoarsened,Greedy,Uncoarsened Greedy,capacity_violations,0.0
results_classical_final.json,RC105,RC,RC1,All,Uncoarsened,Greedy,Uncoarsened Greedy,computation_time,0.023148125001171138
results_classical_final.json,RC105,RC,RC1,All,Uncoarsened,Greedy,Uncoarsened Greedy,num_vehicles,28.0
results_classical_final.json,RC105,RC,RC1,All,Uncoarsened,Greedy,Uncoarsened Greedy,time_window_violations,0.0
results_classical_final.json,RC105,RC,RC1,All,Uncoarsened,Greedy,Uncoarsened Greedy,total_demand_served,1724.0
results_classical_final.json,RC105,RC,RC1,All,Uncoarsened,Greedy,Uncoarsened Greedy,total_distance,2812.898996785477
results_classical_final.json,RC105,RC,RC1,All,Uncoarsened,Greedy,Uncoarsened Greedy,total_route_duration,5464.213372500098
results_classical_final.json,RC105,RC,RC1,All,Uncoarsened,Greedy,Uncoarsened Greedy,total_service_time,1000.0
results_classical_final.json,RC105,RC,RC1,All,Uncoarsened,Greedy,Uncoarsened Greedy,total_waiting_time,1651.3143757146206
results_classical_final.json,RC105,RC,RC1,All,Uncoarsened,Savings,Uncoarsened Savings,capacity_violations,0.0
results_classical_final.json,RC105,RC,RC1,All,Uncoarsened,Savings,Uncoarsened Savings,computation_time,0.04249800000070536
results_classical_final.json,RC105,RC,RC1,All,Uncoarsened,Savings,Uncoarsened Savings,num_vehicles,27.0
results_classical_final.json,RC105,RC,RC1,All,Uncoarsened,Savings,Uncoarsened Savings,time_window_violations,0.0
results_classical_final.json,RC105,RC,RC1,All,Uncoarsened,Savings,Uncoarsened Savings,total_demand_served,1724.0
results_classical_final.json,RC105,RC,RC1,All,Uncoarsened,Savings,Uncoarsened Savings,total_distance,2224.4024972347856
results_classical_final.json,RC105,RC,RC1,All,Uncoarsened,Savings,Uncoarsened Savings,total_route_duration,4905.08635999651
results_classical_final.json,RC105,RC,RC1,All,Uncoarsened,Savings,Uncoarsened Savings,total_service_time,1000.0
results_classical_final.json,RC105,RC,RC1,All,Uncoarsened,Savings,Uncoarsened Savings,total_waiting_time,1680.6838627617237
results_classical_final.json,RC105,RC,RC1,All,Inflated,Greedy,Inflated Greedy,capacity_violations,0.0
results_classical_final.json,RC105,RC,RC1,All,Inflated,Greedy,Inflated Greedy,computation_time,0.006829459000073257
results_classical_final.json,RC105,RC,RC1,All,Inflated,Greedy,Inflated Greedy,num_vehicles,27.0
results_classical_final.json,RC105,RC,RC1,All,Inflated,Greedy,Inflated Greedy,time_window_violations,0.0
results_classical_final.json,RC105,RC,RC1,All,Inflated,Greedy,Inflated Greedy,total_demand_served,1724.0
results_classical_final.json,RC105,RC,RC1,All,Inflated,Greedy,Inflated Greedy,total_distance,2602.978952220823
results_classical_final.json,RC105,RC,RC1,All,Inflated,Greedy,Inflated Greedy,total_route_duration,4853.97434200107
results_classical_final.json,RC105,RC,RC1,All,Inflated,Greedy,Inflated Greedy,total_service_time,1000.0
results_classical_final.json,RC105,RC,RC1,All,Inflated,Greedy,Inflated Greedy,total_waiting_time,1250.9953897802482
results_classical_final.json,RC105,RC,RC1,All,Inflated,Savings,Inflated Savings,capacity_violations,0.0
results_classical_final.json,RC105,RC,RC1,All,Inflated,Savings,Inflated Savings,computation_time,0.008332749999681255
results_classical_final.json,RC105,RC,RC1,All,Inflated,Savings,Inflated Savings,num_vehicles,30.0
results_classical_final.json,RC105,RC,RC1,All,Inflated,Savings,Inflated Savings,time_window_violations,0.0
results_classical_final.json,RC105,RC,RC1,All,Inflated,Savings,Inflated Savings,total_demand_served,1724.0
results_classical_final.json,RC105,RC,RC1,All,Inflated,Savings,Inflated Savings,total_distance,2686.5022901890957
results_classical_final.json,RC105,RC,RC1,All,Inflated,Savings,Inflated Savings,total_route_duration,5241.3784982796915
results_classical_final.json,RC105,RC,RC1,All,Inflated,Savings,Inflated Savings,total_service_time,1000.0
results_classical_final.json,RC105,RC,RC1,All,Inflated,Savings,Inflated Savings,total_waiting_time,1554.8762080905992
results_classical_final.json,RC106,RC,RC1,All,Uncoarsened,Greedy,Uncoarsened Greedy,capacity_violations,0.0
results_classical_final.json,RC106,RC,RC1,All,Uncoarsened,Greedy,Uncoarsened Greedy,computation_time,0.024476499998854706
results_classical_final.json,RC106,RC,RC1,All,Uncoarsened,Greedy,Uncoarsened Greedy,num_vehicles,20.0
results_classical_final.json,RC106,RC,RC1,All,Uncoarsened,Greedy,Uncoarsened Greedy,time_window_violations,0.0
results_classical_final.json,RC106,RC,RC1,All,Uncoarsened,Greedy,Uncoarsened Greedy,total_demand_served,1724.0
results_classical_final.json,RC106,RC,RC1,All,Uncoarsened,Greedy,Uncoarsened Greedy,total_distance,2119.216083175229
results_classical_final.json,RC106,RC,RC1,All,Uncoarsened,Greedy,Uncoarsened Greedy,total_route_duration,3904.859133438807
results_classical_final.json,RC106,RC,RC1,All,Uncoarsened,Greedy,Uncoarsened Greedy,total_service_time,1000.0
results_classical_final.json,RC106,RC,RC1,All,Uncoarsened,Greedy,Uncoarsened Greedy,total_waiting_time,785.6430502635791
results_classical_final.json,RC106,RC,RC1,All,Uncoarsened,Savings,Uncoarsened Savings,capacity_violations,0.0
results_classical_final.json,RC106,RC,RC1,All,Uncoarsened,Savings,Uncoarsened Savings,computation_time,0.03169262499977776
results_classical_final.json,RC106,RC,RC1,All,Uncoarsened,Savings,Uncoarsened Savings,num_vehicles,18.0
results_classical_final.json,RC106,RC,RC1,All,Uncoarsened,Savings,Uncoarsened Savings,time_window_violations,0.0
results_classical_final.json,RC106,RC,RC1,All,Uncoarsened,Savings,Uncoarsened Savings,total_demand_served,1724.0
results_classical_final.json,RC106,RC,RC1,All,Uncoarsened,Savings,Uncoarsened Savings,total_distance,1654.9128611221038
results_classical_final.json,RC106,RC,RC1,All,Uncoarsened,Savings,Uncoarsened Savings,total_route_duration,3293.5053124852916
results_classical_final.json,RC106,RC,RC1,All,Uncoarsened,Savings,Uncoarsened Savings,total_service_time,1000.0
results_classical_final.json,RC106,RC,RC1,All,Uncoarsened,Savings,Uncoarsened Savings,total_waiting_time,638.5924513631876
results_classical_final.json,RC106,RC,RC1,All,Inflated,Greedy,Inflated Greedy,capacity_violations,0.0
results_classical_final.json,RC106,RC,RC1,All,Inflated,Greedy,Inflated Greedy,computation_time,0.005838208000568557
results_classical_final.json,RC106,RC,RC1,All,Inflated,Greedy,Inflated Greedy,num_vehicles,22.0
results_classical_final.json,RC106,RC,RC1,All,Inflated,Greedy,Inflated Greedy,time_window_violations,6.0
results_classical_final.json,RC106,RC,RC1,All,Inflated,Greedy,Inflated Greedy,total_demand_served,1724.0
results_classical_final.json,RC106,RC,RC1,All,Inflated,Greedy,Inflated Greedy,total_distance,2261.94659546809
results_classical_final.json,RC106,RC,RC1,All,Inflated,Greedy,Inflated Greedy,total_route_duration,4030.38620461987
results_classical_final.json,RC106,RC,RC1,All,Inflated,Greedy,Inflated Greedy,total_service_time,1000.0
results_classical_final.json,RC106,RC,RC1,All,Inflated,Greedy,Inflated Greedy,total_waiting_time,768.4396091517808
results_classical_final.json,RC106,RC,RC1,All,Inflated,Savings,Inflated Savings,capacity_violations,0.0
results_classical_final.json,RC106,RC,RC1,All,Inflated,Savings,Inflated Savings,computation_time,0.005453750000015134
results_classical_final.json,RC106,RC,RC1,All,Inflated,Savings,Inflated Savings,num_vehicles,23.0
results_classical_final.json,RC106,RC,RC1,All,Inflated,Savings,Inflated Savings,time_window_violations,0.0
results_classical_final.json,RC106,RC,RC1,All,Inflated,Savings,Inflated Savings,total_demand_served,1724.0
results_classical_final.json,RC106,RC,RC1,All,Inflated,Savings,Inflated Savings,total_distance,2218.3960897488228
results_classical_final.json,RC106,RC,RC1,All,Inflated,Savings,Inflated Savings,total_route_duration,3990.502676466154
results_classical_final.json,RC106,RC,RC1,All,Inflated,Savings,Inflated Savings,total_service_time,1000.0
results_classical_final.json,RC106,RC,RC1,All,Inflated,Savings,Inflated Savings,total_waiting_time,772.1065867173318
results_classical_final.json,RC107,RC,RC1,All,Uncoarsened,Greedy,Uncoarsened Greedy,capacity_violations,0.0
results_classical_final.json,RC107,RC,RC1,All,Uncoarsened,Greedy,Uncoarsened Greedy,computation_time,0.02576500000031956
results_classical_final.json,RC107,RC,RC1,All,Uncoarsened,Greedy,Uncoarsened Greedy,num_vehicles,18.0
results_classical_final.json,RC107,RC,RC1,All,Uncoarsened,Greedy,Uncoarsened Greedy,time_window_violations,0.0
results_classical_final.json,RC107,RC,RC1,All,Uncoarsened,Greedy,Uncoarsened Greedy,total_demand_served,1724.0
results_classical_final.json,RC107,RC,RC1,All,Uncoarsened,Greedy,Uncoarsened Greedy,total_distance,1952.3287205156403
results_classical_final.json,RC107,RC,RC1,All,Uncoarsened,Greedy,Uncoarsened Greedy,total_route_duration,3663.646709185879
results_classical_final.json,RC107,RC,RC1,All,Uncoarsened,Greedy,Uncoarsened Greedy,total_service_time,1000.0
results_classical_final.json,RC107,RC,RC1,All,Uncoarsened,Greedy,Uncoarsened Greedy,total_waiting_time,711.3179886702388
results_classical_final.json,RC107,RC,RC1,All,Uncoarsened,Savings,Uncoarsened Savings,capacity_violations,0.0
results_classical_final.json,RC107,RC,RC1,All,Uncoarsened,Savings,Uncoarsened Savings,computation_time,0.02859408299991628
results_classical_final.json,RC107,RC,RC1,All,Uncoarsened,Savings,Uncoarsened Savings,num_vehicles,16.0
results_classical_final.json,RC107,RC,RC1,All,Uncoarsened,Savings,Uncoarsened Savings,time_window_violations,0.0
results_classical_final.json,RC107,RC,RC1,All,Uncoarsened,Savings,Uncoarsened Savings,total_demand_served,1724.0
results_classical_final.json,RC107,RC,RC1,All,Uncoarsened,Savings,Uncoarsened Savings,total_distance,1488.9904882447745
results_classical_final.json,RC107,RC,RC1,All,Uncoarsened,Savings,Uncoarsened Savings,total_route_duration,2871.003303776559
results_classical_final.json,RC107,RC,RC1,All,Uncoarsened,Savings,Uncoarsened Savings,total_service_time,1000.0
results_classical_final.json,RC107,RC,RC1,All,Uncoarsened,Savings,Uncoarsened Savings,total_waiting_time,382.0128155317839
results_classical_final.json,RC107,RC,RC1,All,Inflated,Greedy,Inflated Greedy,capacity_violations,0.0
results_classical_final.json,RC107,RC,RC1,All,Inflated,Greedy,Inflated Greedy,computation_time,0.005047332999311038
results_classical_final.json,RC107,RC,RC1,All,Inflated,Greedy,Inflated Greedy,num_vehicles,18.0
results_classical_final.json,RC107,RC,RC1,All,Inflated,Greedy,Inflated Greedy,time_window_violations,0.0
results_classical_final.json,RC107,RC,RC1,All,Inflated,Greedy,Inflated Greedy,total_demand_served,1724.0
results_classical_final.json,RC107,RC,RC1,All,Inflated,Greedy,Inflated Greedy,total_distance,1839.9682774624018
results_classical_final.json,RC107,RC,RC1,All,Inflated,Greedy,Inflated Greedy,total_route_duration,3389.5013957112815
results_classical_final.json,RC107,RC,RC1,All,Inflated,Greedy,Inflated Greedy,total_service_time,1000.0
results_classical_final.json,RC107,RC,RC1,All,Inflated,Greedy,Inflated Greedy,total_waiting_time,549.5331182488802
results_classical_final.json,RC107,RC,RC1,All,Inflated,Savings,Inflated Savings,capacity_violations,0.0
results_classical_final.json,RC107,RC,RC1,All,Inflated,Savings,Inflated Savings,computation_time,0.004097000000911066
results_classical_final.json,RC107,RC,RC1,All,Inflated,Savings,Inflated Savings,num_vehicles,24.0
results_classical_final.json,RC107,RC,RC1,All,Inflated,Savings,Inflated Savings,time_window_violations,0.0
results_classical_final.json,RC107,RC,RC1,All,Inflated,Savings,Inflated Savings,total_demand_served,1724.0
results_classical_final.json,RC107,RC,RC1,All,Inflated,Savings,Inflated Savings,total_distance,2131.3729147161107
results_classical_final.json,RC107,RC,RC1,All,Inflated,Savings,Inflated Savings,total_route_duration,3879.290743937505
results_classical_final.json,RC107,RC,RC1,All,Inflated,Savings,Inflated Savings,total_service_time,1000.0
results_classical_final.json,RC107,RC,RC1,All,Inflated,Savings,Inflated Savings,total_waiting_time,747.9178292213941
results_classical_final.json,RC108,RC,RC1,All,Uncoarsened,Greedy,Uncoarsened Greedy,capacity_violations,0.0
results_classical_final.json,RC108,RC,RC1,All,Uncoarsened,Greedy,Uncoarsened Greedy,computation_time,0.026989542000592337
results_classical_final.json,RC108,RC,RC1,All,Uncoarsened,Greedy,Uncoarsened Greedy,num_vehicles,15.0
results_classical_final.json,RC108,RC,RC1,All,Uncoarsened,Greedy,Uncoarsened Greedy,time_window_violations,0.0
results_classical_final.json,RC108,RC,RC1,All,Uncoarsened,Greedy,Uncoarsened Greedy,total_demand_served,1724.0
results_classical_final.json,RC108,RC,RC1,All,Uncoarsened,Greedy,Uncoarsened Greedy,total_distance,1764.2792933814337
results_classical_final.json,RC108,RC,RC1,All,Uncoarsened,Greedy,Uncoarsened Greedy,total_route_duration,3254.385585610958
results_classical_final.json,RC108,RC,RC1,All,Uncoarsened,Greedy,Uncoarsened Greedy,total_service_time,1000.0
results_classical_final.json,RC108,RC,RC1,All,Uncoarsened,Greedy,Uncoarsened Greedy,total_waiting_time,490.1062922295248
results_classical_final.json,RC108,RC,RC1,All,Uncoarsened,Savings,Uncoarsened Savings,capacity_violations,0.0
results_classical_final.json,RC108,RC,RC1,All,Uncoarsened,Savings,Uncoarsened Savings,computation_time,0.026581041000099503
results_classical_final.json,RC108,RC,RC1,All,Uncoarsened,Savings,Uncoarsened Savings,num_vehicles,14.0
results_classical_final.json,RC108,RC,RC1,All,Uncoarsened,Savings,Uncoarsened Savings,time_window_violations,0.0
results_classical_final.json,RC108,RC,RC1,All,Uncoarsened,Savings,Uncoarsened Savings,total_demand_served,1724.0
results_classical_final.json,RC108,RC,RC1,All,Uncoarsened,Savings,Uncoarsened Savings,total_distance,1326.6276917179944
results_classical_final.json,RC108,RC,RC1,All,Uncoarsened,Savings,Uncoarsened Savings,total_route_duration,2619.594413410448
results_classical_final.json,RC108,RC,RC1,All,Uncoarsened,Savings,Uncoarsened Savings,total_service_time,1000.0
results_classical_final.json,RC108,RC,RC1,All,Uncoarsened,Savings,Uncoarsened Savings,total_waiting_time,292.96672169245426
results_classical_final.json,RC108,RC,RC1,All,Inflated,Greedy,Inflated Greedy,capacity_violations,0.0
results_classical_final.json,RC108,RC,RC1,All,Inflated,Greedy,Inflated Greedy,computation_time,0.005067041998700006
results_classical_final.json,RC108,RC,RC1,All,Inflated,Greedy,Inflated Greedy,num_vehicles,15.0
results_classical_final.json,RC108,RC,RC1,All,Inflated,Greedy,Inflated Greedy,time_window_violations,8.0
results_classical_final.json,RC108,RC,RC1,All,Inflated,Greedy,Inflated Greedy,total_demand_served,1724.0
results_classical_final.json,RC108,RC,RC1,All,Inflated,Greedy,Inflated Greedy,total_distance,1784.6554702498845
results_classical_final.json,RC108,RC,RC1,All,Inflated,Greedy,Inflated Greedy,total_route_duration,3179.01715273406
results_classical_final.json,RC108,RC,RC1,All,Inflated,Greedy,Inflated Greedy,total_service_time,1000.0
results_classical_final.json,RC108,RC,RC1,All,Inflated,Greedy,Inflated Greedy,total_waiting_time,394.3616824841754
results_classical_final.json,RC108,RC,RC1,All,Inflated,Savings,Inflated Savings,capacity_violations,0.0
results_classical_final.json,RC108,RC,RC1,All,Inflated,Savings,Inflated Savings,computation_time,0.004403916000228492
results_classical_final.json,RC108,RC,RC1,All,Inflated,Savings,Inflated Savings,num_vehicles,17.0
results_classical_final.json,RC108,RC,RC1,All,Inflated,Savings,Inflated Savings,time_window_violations,2.0
results_classical_final.json,RC108,RC,RC1,All,Inflated,Savings,Inflated Savings,total_demand_served,1724.0
results_classical_final.json,RC108,RC,RC1,All,Inflated,Savings,Inflated Savings,total_distance,1788.0658091511668
results_classical_final.json,RC108,RC,RC1,All,Inflated,Savings,Inflated Savings,total_route_duration,3043.8557857831265
results_classical_final.json,RC108,RC,RC1,All,Inflated,Savings,Inflated Savings,total_service_time,1000.0
results_classical_final.json,RC108,RC,RC1,All,Inflated,Savings,Inflated Savings,total_waiting_time,255.78997663196049
results_classical_final.json,RC201,RC,RC2,All,Uncoarsened,Greedy,Uncoarsened Greedy,capacity_violations,0.0
results_classical_final.json,RC201,RC,RC2,All,Uncoarsened,Greedy,Uncoarsened Greedy,computation_time,0.025914457999533624
results_classical_final.json,RC201,RC,RC2,All,Uncoarsened,Greedy,Uncoarsened Greedy,num_vehicles,15.0
results_classical_final.json,RC201,RC,RC2,All,Uncoarsened,Greedy,Uncoarsened Greedy,time_window_violations,0.0
results_classical_final.json,RC201,RC,RC2,All,Uncoarsened,Greedy,Uncoarsened Greedy,total_demand_served,1724.0
results_classical_final.json,RC201,RC,RC2,All,Uncoarsened,Greedy,Uncoarsened Greedy,total_distance,2468.245614436476
results_classical_final.json,RC201,RC,RC2,All,Uncoarsened,Greedy,Uncoarsened Greedy,total_route_duration,8747.655114219726
results_classical_final.json,RC201,RC,RC2,All,Uncoarsened,Greedy,Uncoarsened Greedy,total_service_time,1000.0
results_classical_final.json,RC201,RC,RC2,All,Uncoarsened,Greedy,Uncoarsened Greedy,total_waiting_time,5279.409499783248
results_classical_final.json,RC201,RC,RC2,All,Uncoarsened,Savings,Uncoarsened Savings,capacity_violations,0.0
results_classical_final.json,RC201,RC,RC2,All,Uncoarsened,Savings,Uncoarsened Savings,computation_time,0.035939249999501044
results_classical_final.json,RC201,RC,RC2,All,Uncoarsened,Savings,Uncoarsened Savings,num_vehicles,18.0
results_classical_final.json,RC201,RC,RC2,All,Uncoarsened,Savings,Uncoarsened Savings,time_window_violations,0.0
results_classical_final.json,RC201,RC,RC2,All,Uncoarsened,Savings,Uncoarsened Savings,total_demand_served,1724.0
results_classical_final.json,RC201,RC,RC2,All,Uncoarsened,Savings,Uncoarsened Savings,total_distance,1776.7983938411596
results_classical_final.json,RC201,RC,RC2,All,Uncoarsened,Savings,Uncoarsened Savings,total_route_duration,13350.60660780597
results_classical_final.json,RC201,RC,RC2,All,Uncoarsened,Savings,Uncoarsened Savings,total_service_time,1000.0
results_classical_final.json,RC201,RC,RC2,All,Uncoarsened,Savings,Uncoarsened Savings,total_waiting_time,10573.80821396481
results_classical_final.json,RC201,RC,RC2,All,Inflated,Greedy,Inflated Greedy,capacity_violations,0.0
results_classical_final.json,RC201,RC,RC2,All,Inflated,Greedy,Inflated Greedy,computation_time,0.005135500001415494
results_classical_final.json,RC201,RC,RC2,All,Inflated,Greedy,Inflated Greedy,num_vehicles,13.0
results_classical_final.json,RC201,RC,RC2,All,Inflated,Greedy,Inflated Greedy,time_window_violations,0.0
results_classical_final.json,RC201,RC,RC2,All,Inflated,Greedy,Inflated Greedy,total_demand_served,1724.0
results_classical_final.json,RC201,RC,RC2,All,Inflated,Greedy,Inflated Greedy,total_distance,2199.6389575426756
results_classical_final.json,RC201,RC,RC2,All,Inflated,Greedy,Inflated Greedy,total_route_duration,7863.424717546875
results_classical_final.json,RC201,RC,RC2,All,Inflated,Greedy,Inflated Greedy,total_service_time,1000.0
results_classical_final.json,RC201,RC,RC2,All,Inflated,Greedy,Inflated Greedy,total_waiting_time,4663.785760004202
results_classical_final.json,RC201,RC,RC2,All,Inflated,Savings,Inflated Savings,capacity_violations,0.0
results_classical_final.json,RC201,RC,RC2,All,Inflated,Savings,Inflated Savings,computation_time,0.009763291000126628
results_classical_final.json,RC201,RC,RC2,All,Inflated,Savings,Inflated Savings,num_vehicles,15.0
results_classical_final.json,RC201,RC,RC2,All,Inflated,Savings,Inflated Savings,time_window_violations,0.0
results_classical_final.json,RC201,RC,RC2,All,Inflated,Savings,Inflated Savings,total_demand_served,1724.0
results_classical_final.json,RC201,RC,RC2,All,Inflated,Savings,Inflated Savings,total_distance,1921.2129722607751
results_classical_final.json,RC201,RC,RC2,All,Inflated,Savings,Inflated Savings,total_route_duration,10880.629091591456
results_classical_final.json,RC201,RC,RC2,All,Inflated,Savings,Inflated Savings,total_service_time,1000.0
results_classical_final.json,RC201,RC,RC2,All,Inflated,Savings,Inflated Savings,total_waiting_time,7959.416119330682
results_classical_final.json,RC202,RC,RC2,All,Uncoarsened,Greedy,Uncoarsened Greedy,capacity_violations,0.0
results_classical_final.json,RC202,RC,RC2,All,Uncoarsened,Greedy,Uncoarsened Greedy,computation_time,0.030125374998533516
results_classical_final.json,RC202,RC,RC2,All,Uncoarsened,Greedy,Uncoarsened Greedy,num_vehicles,13.0
results_classical_final.json,RC202,RC,RC2,All,Uncoarsened,Greedy,Uncoarsened Greedy,time_window_violations,0.0
results_classical_final.json,RC202,RC,RC2,All,Uncoarsened,Greedy,Uncoarsened Greedy,total_demand_served,1724.0
results_classical_final.json,RC202,RC,RC2,All,Uncoarsened,Greedy,Uncoarsened Greedy,total_distance,2114.341605224375
results_classical_final.json,RC202,RC,RC2,All,Uncoarsened,Greedy,Uncoarsened Greedy,total_route_duration,8286.95106521054
results_classical_final.json,RC202,RC,RC2,All,Uncoarsened,Greedy,Uncoarsened Greedy,total_service_time,1000.0
results_classical_final.json,RC202,RC,RC2,All,Uncoarsened,Greedy,Uncoarsened Greedy,total_waiting_time,5172.609459986164
results_classical_final.json,RC202,RC,RC2,All,Uncoarsened,Savings,Uncoarsened Savings,capacity_violations,0.0
results_classical_final.json,RC202,RC,RC2,All,Uncoarsened,Savings,Uncoarsened Savings,computation_time,0.030092958000750514
results_classical_final.json,RC202,RC,RC2,All,Uncoarsened,Savings,Uncoarsened Savings,num_vehicles,16.0
results_classical_final.json,RC202,RC,RC2,All,Uncoarsened,Savings,Uncoarsened Savings,time_window_violations,0.0
results_classical_final.json,RC202,RC,RC2,All,Uncoarsened,Savings,Uncoarsened Savings,total_demand_served,1724.0
results_classical_final.json,RC202,RC,RC2,All,Uncoarsened,Savings,Uncoarsened Savings,total_distance,1540.306145392048
results_classical_final.json,RC202,RC,RC2,All,Uncoarsened,Savings,Uncoarsened Savings,total_route_duration,11833.51633710126
results_classical_final.json,RC202,RC,RC2,All,Uncoarsened,Savings,Uncoarsened Savings,total_service_time,1000.0
results_classical_final.json,RC202,RC,RC2,All,Uncoarsened,Savings,Uncoarsened Savings,total_waiting_time,9293.210191709215
results_classical_final.json,RC202,RC,RC2,All,Inflated,Greedy,Inflated Greedy,capacity_violations,0.0
results_classical_final.json,RC202,RC,RC2,All,Inflated,Greedy,Inflated Greedy,computation_time,0.005131500000061351
results_classical_final.json,RC202,RC,RC2,All,Inflated,Greedy,Inflated Greedy,num_vehicles,12.0
results_classical_final.json,RC202,RC,RC2,All,Inflated,Greedy,Inflated Greedy,time_window_violations,0.0
results_classical_final.json,RC202,RC,RC2,All,Inflated,Greedy,Inflated Greedy,total_demand_served,1724.0
results_classical_final.json,RC202,RC,RC2,All,Inflated,Greedy,Inflated Greedy,total_distance,2128.0868327450826
results_classical_final.json,RC202,RC,RC2,All,Inflated,Greedy,Inflated Greedy,total_route_duration,7405.648752900364
results_classical_final.json,RC202,RC,RC2,All,Inflated,Greedy,Inflated Greedy,total_service_time,1000.0
results_classical_final.json,RC202,RC,RC2,All,Inflated,Greedy,Inflated Greedy,total_waiting_time,4277.561920155283
results_classical_final.json,RC202,RC,RC2,All,Inflated,Savings,Inflated Savings,capacity_violations,0.0
results_classical_final.json,RC202,RC,RC2,All,Inflated,Savings,Inflated Savings,computation_time,0.008832208000967512
results_classical_final.json,RC202,RC,RC2,All,Inflated,Savings,Inflated Savings,num_vehicles,13.0
results_classical_final.json,RC202,RC,RC2,All,Inflated,Savings,Inflated Savings,time_window_violations,0.0
results_classical_final.json,RC202,RC,RC2,All,Inflated,Savings,Inflated Savings,total_demand_served,1724.0
results_classical_final.json,RC202,RC,RC2,All,Inflated,Savings,Inflated Savings,total_distance,1742.1744906263484
results_classical_final.json,RC202,RC,RC2,All,Inflated,Savings,Inflated Savings,total_route_duration,8763.813852882688
results_classical_final.json,RC202,RC,RC2,All,Inflated,Savings,Inflated Savings,total_service_time,1000.0
results_classical_final.json,RC202,RC,RC2,All,Inflated,Savings,Inflated Savings,total_waiting_time,6021.639362256339
results_classical_final.json,RC203,RC,RC2,All,Uncoarsened,Greedy,Uncoarsened Greedy,capacity_violations,0.0
results_classical_final.json,RC203,RC,RC2,All,Uncoarsened,Greedy,Uncoarsened Greedy,computation_time,0.036548583000694634
results_classical_final.json,RC203,RC,RC2,All,Uncoarsened,Greedy,Uncoarsened Greedy,num_vehicles,13.0
results_classical_final.json,RC203,RC,RC2,All,Uncoarsened,Greedy,Uncoarsened Greedy,time_window_violations,0.0
results_classical_final.json,RC203,RC,RC2,All,Uncoarsened,Greedy,Uncoarsened Greedy,total_demand_served,1724.0
results_classical_final.json,RC203,RC,RC2,All,Uncoarsened,Greedy,Uncoarsened Greedy,total_distance,2103.5128863537584
results_classical_final.json,RC203,RC,RC2,All,Uncoarsened,Greedy,Uncoarsened Greedy,total_route_duration,8076.32917759006
results_classical_final.json,RC203,RC,RC2,All,Uncoarsened,Greedy,Uncoarsened Greedy,total_service_time,1000.0
results_classical_final.json,RC203,RC,RC2,All,Uncoarsened,Greedy,Uncoarsened Greedy,total_waiting_time,4972.816291236304
results_classical_final.json,RC203,RC,RC2,All,Uncoarsened,Savings,Uncoarsened Savings,capacity_violations,0.0
results_classical_final.json,RC203,RC,RC2,All,Uncoarsened,Savings,Uncoarsened Savings,computation_time,0.024919959001636016
results_classical_final.json,RC203,RC,RC2,All,Uncoarsened,Savings,Uncoarsened Savings,num_vehicles,11.0
results_classical_final.json,RC203,RC,RC2,All,Uncoarsened,Savings,Uncoarsened Savings,time_window_violations,0.0
results_classical_final.json,RC203,RC,RC2,All,Uncoarsened,Savings,Uncoarsened Savings,total_demand_served,1724.0
results_classical_final.json,RC203,RC,RC2,All,Uncoarsened,Savings,Uncoarsened Savings,total_distance,1203.595209417196
results_classical_final.json,RC203,RC,RC2,All,Uncoarsened,Savings,Uncoarsened Savings,total_route_duration,8330.586832121446
results_classical_final.json,RC203,RC,RC2,All,Uncoarsened,Savings,Uncoarsened Savings,total_service_time,1000.0
results_classical_final.json,RC203,RC,RC2,All,Uncoarsened,Savings,Uncoarsened Savings,total_waiting_time,6126.991622704251
results_classical_final.json,RC203,RC,RC2,All,Inflated,Greedy,Inflated Greedy,capacity_violations,0.0
results_classical_final.json,RC203,RC,RC2,All,Inflated,Greedy,Inflated Greedy,computation_time,0.005407208000178798
results_classical_final.json,RC203,RC,RC2,All,Inflated,Greedy,Inflated Greedy,num_vehicles,11.0
results_classical_final.json,RC203,RC,RC2,All,Inflated,Greedy,Inflated Greedy,time_window_violations,0.0
results_classical_final.json,RC203,RC,RC2,All,Inflated,Greedy,Inflated Greedy,total_demand_served,1724.0
results_classical_final.json,RC203,RC,RC2,All,Inflated,Greedy,Inflated Greedy,total_distance,1763.3450287570051
results_classical_final.json,RC203,RC,RC2,All,Inflated,Greedy,Inflated Greedy,total_route_duration,6726.837837261157
results_classical_final.json,RC203,RC,RC2,All,Inflated,Greedy,Inflated Greedy,total_service_time,1000.0
results_classical_final.json,RC203,RC,RC2,All,Inflated,Greedy,Inflated Greedy,total_waiting_time,3963.4928085041515
results_classical_final.json,RC203,RC,RC2,All,Inflated,Savings,Inflated Savings,capacity_violations,0.0
results_classical_final.json,RC203,RC,RC2,All,Inflated,Savings,Inflated Savings,computation_time,0.008239750000939239
results_classical_final.json,RC203,RC,RC2,All,Inflated,Savings,Inflated Savings,num_vehicles,10.0
results_classical_final.json,RC203,RC,RC2,All,Inflated,Savings,Inflated Savings,time_window_violations,1.0
results_classical_final.json,RC203,RC,RC2,All,Inflated,Savings,Inflated Savings,total_demand_served,1724.0
results_classical_final.json,RC203,RC,RC2,All,Inflated,Savings,Inflated Savings,total_distance,1343.4955487913273
results_classical_final.json,RC203,RC,RC2,All,Inflated,Savings,Inflated Savings,total_route_duration,7298.32637434512
results_classical_final.json,RC203,RC,RC2,All,Inflated,Savings,Inflated Savings,total_service_time,1000.0
results_classical_final.json,RC203,RC,RC2,All,Inflated,Savings,Inflated Savings,total_waiting_time,4954.830825553793
results_classical_final.json,RC204,RC,RC2,All,Uncoarsened,Greedy,Uncoarsened Greedy,capacity_violations,0.0
results_classical_final.json,RC204,RC,RC2,All,Uncoarsened,Greedy,Uncoarsened Greedy,computation_time,0.05116454199924192
results_classical_final.json,RC204,RC,RC2,All,Uncoarsened,Greedy,Uncoarsened Greedy,num_vehicles,7.0
results_classical_final.json,RC204,RC,RC2,All,Uncoarsened,Greedy,Uncoarsened Greedy,time_window_violations,0.0
results_classical_final.json,RC204,RC,RC2,All,Uncoarsened,Greedy,Uncoarsened Greedy,total_demand_served,1724.0
results_classical_final.json,RC204,RC,RC2,All,Uncoarsened,Greedy,Uncoarsened Greedy,total_distance,1318.0635082033052
results_classical_final.json,RC204,RC,RC2,All,Uncoarsened,Greedy,Uncoarsened Greedy,total_route_duration,4636.103004877719
results_classical_final.json,RC204,RC,RC2,All,Uncoarsened,Greedy,Uncoarsened Greedy,total_service_time,1000.0
results_classical_final.json,RC204,RC,RC2,All,Uncoarsened,Greedy,Uncoarsened Greedy,total_waiting_time,2318.0394966744143
results_classical_final.json,RC204,RC,RC2,All,Uncoarsened,Savings,Uncoarsened Savings,capacity_violations,0.0
results_classical_final.json,RC204,RC,RC2,All,Uncoarsened,Savings,Uncoarsened Savings,computation_time,0.024676375000126427
results_classical_final.json,RC204,RC,RC2,All,Uncoarsened,Savings,Uncoarsened Savings,num_vehicles,8.0
results_classical_final.json,RC204,RC,RC2,All,Uncoarsened,Savings,Uncoarsened Savings,time_window_violations,0.0
results_classical_final.json,RC204,RC,RC2,All,Uncoarsened,Savings,Uncoarsened Savings,total_demand_served,1724.0
results_classical_final.json,RC204,RC,RC2,All,Uncoarsened,Savings,Uncoarsened Savings,total_distance,942.278124281847
results_classical_final.json,RC204,RC,RC2,All,Uncoarsened,Savings,Uncoarsened Savings,total_route_duration,5403.88245187542
results_classical_final.json,RC204,RC,RC2,All,Uncoarsened,Savings,Uncoarsened Savings,total_service_time,1000.0
results_classical_final.json,RC204,RC,RC2,All,Uncoarsened,Savings,Uncoarsened Savings,total_waiting_time,3461.6043275935726
results_classical_final.json,RC204,RC,RC2,All,Inflated,Greedy,Inflated Greedy,capacity_violations,0.0
results_classical_final.json,RC204,RC,RC2,All,Inflated,Greedy,Inflated Greedy,computation_time,0.005486666999786394
results_classical_final.json,RC204,RC,RC2,All,Inflated,Greedy,Inflated Greedy,num_vehicles,8.0
results_classical_final.json,RC204,RC,RC2,All,Inflated,Greedy,Inflated Greedy,time_window_violations,3.0
results_classical_final.json,RC204,RC,RC2,All,Inflated,Greedy,Inflated Greedy,total_demand_served,1724.0
results_classical_final.json,RC204,RC,RC2,All,Inflated,Greedy,Inflated Greedy,total_distance,1491.8256118834481
results_classical_final.json,RC204,RC,RC2,All,Inflated,Greedy,Inflated Greedy,total_route_duration,5111.5985667153545
results_classical_final.json,RC204,RC,RC2,All,Inflated,Greedy,Inflated Greedy,total_service_time,1000.0
results_classical_final.json,RC204,RC,RC2,All,Inflated,Greedy,Inflated Greedy,total_waiting_time,2619.772954831906
results_classical_final.json,RC204,RC,RC2,All,Inflated,Savings,Inflated Savings,capacity_violations,0.0
results_classical_final.json,RC204,RC,RC2,All,Inflated,Savings,Inflated Savings,computation_time,0.006968832998609287
results_classical_final.json,RC204,RC,RC2,All,Inflated,Savings,Inflated Savings,num_vehicles,6.0
results_classical_final.json,RC204,RC,RC2,All,Inflated,Savings,Inflated Savings,time_window_violations,0.0
results_classical_final.json,RC204,RC,RC2,All,Inflated,Savings,Inflated Savings,total_demand_served,1724.0
results_classical_final.json,RC204,RC,RC2,All,Inflated,Savings,Inflated Savings,total_distance,1113.3002219271023
results_classical_final.json,RC204,RC,RC2,All,Inflated,Savings,Inflated Savings,total_route_duration,4604.514846063678
results_classical_final.json,RC204,RC,RC2,All,Inflated,Savings,Inflated Savings,total_service_time,1000.0
results_classical_final.json,RC204,RC,RC2,All,Inflated,Savings,Inflated Savings,total_waiting_time,2491.2146241365763
results_classical_final.json,RC205,RC,RC2,All,Uncoarsened,Greedy,Uncoarsened Greedy,capacity_violations,0.0
results_classical_final.json,RC205,RC,RC2,All,Uncoarsened,Greedy,Uncoarsened Greedy,computation_time,0.027106874998935382
results_classical_final.json,RC205,RC,RC2,All,Uncoarsened,Greedy,Uncoarsened Greedy,num_vehicles,15.0
results_classical_final.json,RC205,RC,RC2,All,Uncoarsened,Greedy,Uncoarsened Greedy,time_window_violations,0.0
results_classical_final.json,RC205,RC,RC2,All,Uncoarsened,Greedy,Uncoarsened Greedy,total_demand_served,1724.0
results_classical_final.json,RC205,RC,RC2,All,Uncoarsened,Greedy,Uncoarsened Greedy,total_distance,2567.284478733585
results_classical_final.json,RC205,RC,RC2,All,Uncoarsened,Greedy,Uncoarsened Greedy,total_route_duration,9189.210111578848
results_classical_final.json,RC205,RC,RC2,All,Uncoarsened,Greedy,Uncoarsened Greedy,total_service_time,1000.0
results_classical_final.json,RC205,RC,RC2,All,Uncoarsened,Greedy,Uncoarsened Greedy,total_waiting_time,5621.925632845263
results_classical_final.json,RC205,RC,RC2,All,Uncoarsened,Savings,Uncoarsened Savings,capacity_violations,0.0
results_classical_final.json,RC205,RC,RC2,All,Uncoarsened,Savings,Uncoarsened Savings,computation_time,0.029498125000827713
results_classical_final.json,RC205,RC,RC2,All,Uncoarsened,Savings,Uncoarsened Savings,num_vehicles,16.0
results_classical_final.json,RC205,RC,RC2,All,Uncoarsened,Savings,Uncoarsened Savings,time_window_violations,0.0
results_classical_final.json,RC205,RC,RC2,All,Uncoarsened,Savings,Uncoarsened Savings,total_demand_served,1724.0
results_classical_final.json,RC205,RC,RC2,All,Uncoarsened,Savings,Uncoarsened Savings,total_distance,1572.1448580690133
results_classical_final.json,RC205,RC,RC2,All,Uncoarsened,Savings,Uncoarsened Savings,total_route_duration,11552.640098239219
results_classical_final.json,RC205,RC,RC2,All,Uncoarsened,Savings,Uncoarsened Savings,total_service_time,1000.0
results_classical_final.json,RC205,RC,RC2,All,Uncoarsened,Savings,Uncoarsened Savings,total_waiting_time,8980.495240170201
results_classical_final.json,RC205,RC,RC2,All,Inflated,Greedy,Inflated Greedy,capacity_violations,0.0
results_classical_final.json,RC205,RC,RC2,All,Inflated,Greedy,Inflated Greedy,computation_time,0.005130125000505359
results_classical_final.json,RC205,RC,RC2,All,Inflated,Greedy,Inflated Greedy,num_vehicles,12.0
results_classical_final.json,RC205,RC,RC2,All,Inflated,Greedy,Inflated Greedy,time_window_violations,0.0
results_classical_final.json,RC205,RC,RC2,All,Inflated,Greedy,Inflated Greedy,total_demand_served,1724.0
results_classical_final.json,RC205,RC,RC2,All,Inflated,Greedy,Inflated Greedy,total_distance,1989.2362882205614
results_classical_final.json,RC205,RC,RC2,All,Inflated,Greedy,Inflated Greedy,total_route_duration,7472.803629378608
results_classical_final.json,RC205,RC,RC2,All,Inflated,Greedy,Inflated Greedy,total_service_time,1000.0
results_classical_final.json,RC205,RC,RC2,All,Inflated,Greedy,Inflated Greedy,total_waiting_time,4483.567341158047
results_classical_final.json,RC205,RC,RC2,All,Inflated,Savings,Inflated Savings,capacity_violations,0.0
results_classical_final.json,RC205,RC,RC2,All,Inflated,Savings,Inflated Savings,computation_time,0.008530459001121926
results_classical_final.json,RC205,RC,RC2,All,Inflated,Savings,Inflated Savings,num_vehicles,13.0
results_classical_final.json,RC205,RC,RC2,All,Inflated,Savings,Inflated Savings,time_window_violations,0.0
results_classical_final.json,RC205,RC,RC2,All,Inflated,Savings,Inflated Savings,total_demand_served,1724.0
results_classical_final.json,RC205,RC,RC2,All,Inflated,Savings,Inflated Savings,total_distance,1726.434319117596
results_classical_final.json,RC205,RC,RC2,All,Inflated,Savings,Inflated Savings,total_route_duration,9492.075937892338
results_classical_final.json,RC205,RC,RC2,All,Inflated,Savings,Inflated Savings,total_service_time,1000.0
results_classical_final.json,RC205,RC,RC2,All,Inflated,Savings,Inflated Savings,total_waiting_time,6765.641618774742
results_classical_final.json,RC206,RC,RC2,All,Uncoarsened,Greedy,Uncoarsened Greedy,capacity_violations,0.0
results_classical_final.json,RC206,RC,RC2,All,Uncoarsened,Greedy,Uncoarsened Greedy,computation_time,0.03210529199895973
results_classical_final.json,RC206,RC,RC2,All,Uncoarsened,Greedy,Uncoarsened Greedy,num_vehicles,9.0
results_classical_final.json,RC206,RC,RC2,All,Uncoarsened,Greedy,Uncoarsened Greedy,time_window_violations,0.0
results_classical_final.json,RC206,RC,RC2,All,Uncoarsened,Greedy,Uncoarsened Greedy,total_demand_served,1724.0
results_classical_final.json,RC206,RC,RC2,All,Uncoarsened,Greedy,Uncoarsened Greedy,total_distance,2028.0038850938593
results_classical_final.json,RC206,RC,RC2,All,Uncoarsened,Greedy,Uncoarsened Greedy,total_route_duration,5502.402366047372
results_classical_final.json,RC206,RC,RC2,All,Uncoarsened,Greedy,Uncoarsened Greedy,total_service_time,1000.0
results_classical_final.json,RC206,RC,RC2,All,Uncoarsened,Greedy,Uncoarsened Greedy,total_waiting_time,2474.398480953513
results_classical_final.json,RC206,RC,RC2,All,Uncoarsened,Savings,Uncoarsened Savings,capacity_violations,0.0
results_classical_final.json,RC206,RC,RC2,All,Uncoarsened,Savings,Uncoarsened Savings,computation_time,0.034362374999545864
results_classical_final.json,RC206,RC,RC2,All,Uncoarsened,Savings,Uncoarsened Savings,num_vehicles,13.0
results_classical_final.json,RC206,RC,RC2,All,Uncoarsened,Savings,Uncoarsened Savings,time_window_violations,0.0
results_classical_final.json,RC206,RC,RC2,All,Uncoarsened,Savings,Uncoarsened Savings,total_demand_served,1724.0
results_classical_final.json,RC206,RC,RC2,All,Uncoarsened,Savings,Uncoarsened Savings,total_distance,1444.0132459024787
results_classical_final.json,RC206,RC,RC2,All,Uncoarsened,Savings,Uncoarsened Savings,total_route_duration,8953.882947367589
results_classical_final.json,RC206,RC,RC2,All,Uncoarsened,Savings,Uncoarsened Savings,total_service_time,1000.0
results_classical_final.json,RC206,RC,RC2,All,Uncoarsened,Savings,Uncoarsened Savings,total_waiting_time,6509.869701465108
results_classical_final.json,RC206,RC,RC2,All,Inflated,Greedy,Inflated Greedy,capacity_violations,0.0
results_classical_final.json,RC206,RC,RC2,All,Inflated,Greedy,Inflated Greedy,computation_time,0.004889249999905587
results_classical_final.json,RC206,RC,RC2,All,Inflated,Greedy,Inflated Greedy,num_vehicles,10.0
results_classical_final.json,RC206,RC,RC2,All,Inflated,Greedy,Inflated Greedy,time_window_violations,0.0
results_classical_final.json,RC206,RC,RC2,All,Inflated,Greedy,Inflated Greedy,total_demand_served,1724.0
results_classical_final.json,RC206,RC,RC2,All,Inflated,Greedy,Inflated Greedy,total_distance,1836.5873826977138
results_classical_final.json,RC206,RC,RC2,All,Inflated,Greedy,Inflated Greedy,total_route_duration,5865.818842488142
results_classical_final.json,RC206,RC,RC2,All,Inflated,Greedy,Inflated Greedy,total_service_time,1000.0
results_classical_final.json,RC206,RC,RC2,All,Inflated,Greedy,Inflated Greedy,total_waiting_time,3029.2314597904297
results_classical_final.json,RC206,RC,RC2,All,Inflated,Savings,Inflated Savings,capacity_violations,0.0
results_classical_final.json,RC206,RC,RC2,All,Inflated,Savings,Inflated Savings,computation_time,0.008446916999673704
results_classical_final.json,RC206,RC,RC2,All,Inflated,Savings,Inflated Savings,num_vehicles,12.0
results_classical_final.json,RC206,RC,RC2,All,Inflated,Savings,Inflated Savings,time_window_violations,0.0
results_classical_final.json,RC206,RC,RC2,All,Inflated,Savings,Inflated Savings,total_demand_served,1724.0
results_classical_final.json,RC206,RC,RC2,All,Inflated,Savings,Inflated Savings,total_distance,1636.2747372059243
results_classical_final.json,RC206,RC,RC2,All,Inflated,Savings,Inflated Savings,total_route_duration,7792.878302705915
results_classical_final.json,RC206,RC,RC2,All,Inflated,Savings,Inflated Savings,total_service_time,1000.0
results_classical_final.json,RC206,RC,RC2,All,Inflated,Savings,Inflated Savings,total_waiting_time,5156.6035654999905
results_classical_final.json,RC207,RC,RC2,All,Uncoarsened,Greedy,Uncoarsened Greedy,capacity_violations,0.0
results_classical_final.json,RC207,RC,RC2,All,Uncoarsened,Greedy,Uncoarsened Greedy,computation_time,0.032765832998848055
results_classical_final.json,RC207,RC,RC2,All,Uncoarsened,Greedy,Uncoarsened Greedy,num_vehicles,10.0
results_classical_final.json,RC207,RC,RC2,All,Uncoarsened,Greedy,Uncoarsened Greedy,time_window_violations,0.0
results_classical_final.json,RC207,RC,RC2,All,Uncoarsened,Greedy,Uncoarsened Greedy,total_demand_served,1724.0
results_classical_final.json,RC207,RC,RC2,All,Uncoarsened,Greedy,Uncoarsened Greedy,total_distance,2007.396543407025
results_classical_final.json,RC207,RC,RC2,All,Uncoarsened,Greedy,Uncoarsened Greedy,total_route_duration,6360.554936316336
results_classical_final.json,RC207,RC,RC2,All,Uncoarsened,Greedy,Uncoarsened Greedy,total_service_time,1000.0
results_classical_final.json,RC207,RC,RC2,All,Uncoarsened,Greedy,Uncoarsened Greedy,total_waiting_time,3353.158392909313
results_classical_final.json,RC207,RC,RC2,All,Uncoarsened,Savings,Uncoarsened Savings,capacity_violations,0.0
results_classical_final.json,RC207,RC,RC2,All,Uncoarsened,Savings,Uncoarsened Savings,computation_time,0.02563354199992318
results_classical_final.json,RC207,RC,RC2,All,Uncoarsened,Savings,Uncoarsened Savings,num_vehicles,11.0
results_classical_final.json,RC207,RC,RC2,All,Uncoarsened,Savings,Uncoarsened Savings,time_window_violations,0.0
results_classical_final.json,RC207,RC,RC2,All,Uncoarsened,Savings,Uncoarsened Savings,total_demand_served,1724.0
results_classical_final.json,RC207,RC,RC2,All,Uncoarsened,Savings,Uncoarsened Savings,total_distance,1256.6889629074246
results_classical_final.json,RC207,RC,RC2,All,Uncoarsened,Savings,Uncoarsened Savings,total_route_duration,6864.267763780594
results_classical_final.json,RC207,RC,RC2,All,Uncoarsened,Savings,Uncoarsened Savings,total_service_time,1000.0
results_classical_final.json,RC207,RC,RC2,All,Uncoarsened,Savings,Uncoarsened Savings,total_waiting_time,4607.57880087317
results_classical_final.json,RC207,RC,RC2,All,Inflated,Greedy,Inflated Greedy,capacity_violations,0.0
results_classical_final.json,RC207,RC,RC2,All,Inflated,Greedy,Inflated Greedy,computation_time,0.005082208999738214
results_classical_final.json,RC207,RC,RC2,All,Inflated,Greedy,Inflated Greedy,num_vehicles,11.0
results_classical_final.json,RC207,RC,RC2,All,Inflated,Greedy,Inflated Greedy,time_window_violations,1.0
results_classical_final.json,RC207,RC,RC2,All,Inflated,Greedy,Inflated Greedy,total_demand_served,1724.0
results_classical_final.json,RC207,RC,RC2,All,Inflated,Greedy,Inflated Greedy,total_distance,1890.9641756459105
results_classical_final.json,RC207,RC,RC2,All,Inflated,Greedy,Inflated Greedy,total_route_duration,6232.450532374056
results_classical_final.json,RC207,RC,RC2,All,Inflated,Greedy,Inflated Greedy,total_service_time,1000.0
results_classical_final.json,RC207,RC,RC2,All,Inflated,Greedy,Inflated Greedy,total_waiting_time,3341.4863567281454
results_classical_final.json,RC207,RC,RC2,All,Inflated,Savings,Inflated Savings,capacity_violations,0.0
results_classical_final.json,RC207,RC,RC2,All,Inflated,Savings,Inflated Savings,computation_time,0.007768625000608154
results_classical_final.json,RC207,RC,RC2,All,Inflated,Savings,Inflated Savings,num_vehicles,10.0
results_classical_final.json,RC207,RC,RC2,All,Inflated,Savings,Inflated Savings,time_window_violations,0.0
results_classical_final.json,RC207,RC,RC2,All,Inflated,Savings,Inflated Savings,total_demand_served,1724.0
results_classical_final.json,RC207,RC,RC2,All,Inflated,Savings,Inflated Savings,total_distance,1527.189248012897
results_classical_final.json,RC207,RC,RC2,All,Inflated,Savings,Inflated Savings,total_route_duration,6276.278399477629
results_classical_final.json,RC207,RC,RC2,All,Inflated,Savings,Inflated Savings,total_service_time,1000.0
results_classical_final.json,RC207,RC,RC2,All,Inflated,Savings,Inflated Savings,total_waiting_time,3749.0891514647324
results_classical_final.json,RC208,RC,RC2,All,Uncoarsened,Greedy,Uncoarsened Greedy,capacity_violations,0.0
results_classical_final.json,RC208,RC,RC2,All,Uncoarsened,Greedy,Uncoarsened Greedy,computation_time,0.0472368330010795
results_classical_final.json,RC208,RC,RC2,All,Uncoarsened,Greedy,Uncoarsened Greedy,num_vehicles,5.0
results_classical_final.json,RC208,RC,RC2,All,Uncoarsened,Greedy,Uncoarsened Greedy,time_window_violations,0.0
results_classical_final.json,RC208,RC,RC2,All,Uncoarsened,Greedy,Uncoarsened Greedy,total_demand_served,1724.0
results_classical_final.json,RC208,RC,RC2,All,Uncoarsened,Greedy,Uncoarsened Greedy,total_distance,1395.020585905999
results_classical_final.json,RC208,RC,RC2,All,Uncoarsened,Greedy,Uncoarsened Greedy,total_route_duration,3544.310793554754
results_classical_final.json,RC208,RC,RC2,All,Uncoarsened,Greedy,Uncoarsened Greedy,total_service_time,1000.0
results_classical_final.json,RC208,RC,RC2,All,Uncoarsened,Greedy,Uncoarsened Greedy,total_waiting_time,1149.2902076487549
results_classical_final.json,RC208,RC,RC2,All,Uncoarsened,Savings,Uncoarsened Savings,capacity_violations,0.0
results_classical_final.json,RC208,RC,RC2,All,Uncoarsened,Savings,Uncoarsened Savings,computation_time,0.025027875000887434
results_classical_final.json,RC208,RC,RC2,All,Uncoarsened,Savings,Uncoarsened Savings,num_vehicles,5.0
results_classical_final.json,RC208,RC,RC2,All,Uncoarsened,Savings,Uncoarsened Savings,time_window_violations,0.0
results_classical_final.json,RC208,RC,RC2,All,Uncoarsened,Savings,Uncoarsened Savings,total_demand_served,1724.0
results_classical_final.json,RC208,RC,RC2,All,Uncoarsened,Savings,Uncoarsened Savings,total_distance,828.8490954911665
results_classical_final.json,RC208,RC,RC2,All,Uncoarsened,Savings,Uncoarsened Savings,total_route_duration,3152.0659610625557
results_classical_final.json,RC208,RC,RC2,All,Uncoarsened,Savings,Uncoarsened Savings,total_service_time,1000.0
results_classical_final.json,RC208,RC,RC2,All,Uncoarsened,Savings,Uncoarsened Savings,total_waiting_time,1323.2168655713892
results_classical_final.json,RC208,RC,RC2,All,Inflated,Greedy,Inflated Greedy,capacity_violations,0.0
results_classical_final.json,RC208,RC,RC2,All,Inflated,Greedy,Inflated Greedy,computation_time,0.00470116699943901
results_classical_final.json,RC208,RC,RC2,All,Inflated,Greedy,Inflated Greedy,num_vehicles,7.0
results_classical_final.json,RC208,RC,RC2,All,Inflated,Greedy,Inflated Greedy,time_window_violations,0.0
results_classical_final.json,RC208,RC,RC2,All,Inflated,Greedy,Inflated Greedy,total_demand_served,1724.0
results_classical_final.json,RC208,RC,RC2,All,Inflated,Greedy,Inflated Greedy,total_distance,1375.3480627295319
results_classical_final.json,RC208,RC,RC2,All,Inflated,Greedy,Inflated Greedy,total_route_duration,4613.029380326437
results_classical_final.json,RC208,RC,RC2,All,Inflated,Greedy,Inflated Greedy,total_service_time,1000.0
results_classical_final.json,RC208,RC,RC2,All,Inflated,Greedy,Inflated Greedy,total_waiting_time,2237.6813175969046
results_classical_final.json,RC208,RC,RC2,All,Inflated,Savings,Inflated Savings,capacity_violations,0.0
results_classical_final.json,RC208,RC,RC2,All,Inflated,Savings,Inflated Savings,computation_time,0.005638541999360314
results_classical_final.json,RC208,RC,RC2,All,Inflated,Savings,Inflated Savings,num_vehicles,7.0
results_classical_final.json,RC208,RC,RC2,All,Inflated,Savings,Inflated Savings,time_window_violations,0.0
results_classical_final.json,RC208,RC,RC2,All,Inflated,Savings,Inflated Savings,total_demand_served,1724.0
results_classical_final.json,RC208,RC,RC2,All,Inflated,Savings,Inflated Savings,total_distance,1145.818902051828
results_classical_final.json,RC208,RC,RC2,All,Inflated,Savings,Inflated Savings,total_route_duration,4214.759891113199
results_classical_final.json,RC208,RC,RC2,All,Inflated,Savings,Inflated Savings,total_service_time,1000.0
results_classical_final.json,RC208,RC,RC2,All,Inflated,Savings,Inflated Savings,total_waiting_time,2068.9409890613715
